OBJECTID,ACCIDENTNUM,ACCIDENTDATE,ACCIDENT_YEAR,ACCIDENT_MONTH,ACCIDENT_DAY,ACCIDENT_HOUR,ACCIDENT_MINUTE,ACCIDENT_SECOND,ACCIDENT_WEEKDAY,XCOORD,YCOORD,LONGITUDE,LATITUDE,ACCIDENTLOCATION,COLLISIONTYPE,CLASSIFICATIONOFACCIDENT,IMPACTLOCATION,INITIALDIRECTIONOFTRAVELONE,INITIALDIRECTIONOFTRAVELTWO,INITIALIMPACTTYPE,INTTRAFFICCONTROL,LIGHT,LIGHTFORREPORT,ROADJURISDICTION,TRAFFICCONTROL,TRAFFICCONTROLCONDITION,THRULANENO,NORTHBOUNDDISOBEYCOUNT,SOUTHBOUNDDISOBEYCOUNT,PEDESTRIANINVOLVED,CYCLISTINVOLVED,MOTORCYCLISTINVOLVED,ENVIRONMENTCONDITION1,ENVIRONMENTCONDITION2,SELFREPORTED,XMLIMPORTNOTES,LASTEDITEDDATE,CREATE_BY,CREATE_DATE
44973,16-040971,1456406760000,2016,2,25,13,26,0,Thursday,540437.4168,4811713.93313,-80.500168,43.457249,At intersection,2,P.D. only,Within intersection,unknown,unknown,Angle,Unknown,Daylight,01 - Daylight,Municipal (excl. Twp. Rd.),Stop sign,Functioning,0,0,0,False,False,False,Clear,,False,SHANLEY ST; WATERLOO ST; At,3/4/2020 10:14:44 AM,,
44974,16-041609,1456475700000,2016,2,26,8,35,0,Friday,545748.39757,4803874.04884,-80.43518,43.386353,Intersection related,2,P.D. only,Thru lane,unknown,unknown,Rear end,Unknown,Daylight,01 - Daylight,Municipal (excl. Twp. Rd.),Stop sign,Functioning,0,0,0,False,False,False,Clear,,False,OAKDALE CRT; APPLE RIDGE DR; At,3/4/2020 10:14:43 AM,,
44975,16-041727,1456489080000,2016,2,26,12,18,0,Friday,544583.03019,4811780.2883,-80.448922,43.457611,At/near private drive,2,P.D. only,Thru lane,unknown,unknown,Turning movement,Unknown,Daylight,01 - Daylight,Municipal (excl. Twp. Rd.),No control,unknown,0,0,0,False,False,False,Clear,,False,LORRAINE AVE; LORRAINE AVE; At; 1 M,3/4/2020 10:14:42 AM,,
44976,16-041861,1456492200000,2016,2,26,13,10,0,Friday,542582.12129,4810125.18897,-80.473783,43.442825,Intersection related,1,Non-fatal injury,Within intersection,unknown,unknown,Rear end,Unknown,Daylight,01 - Daylight,Regional municipality,Traffic signal,Functioning,0,0,0,False,False,False,Clear,,False,KING ST E; BORDEN AVE N; At,3/4/2020 10:14:42 AM,,
44977,16-041891,1456502400000,2016,2,26,16,0,0,Friday,545190.54381,4808048.98139,-80.441722,43.423978,Non intersection,2,P.D. only,Thru lane,unknown,unknown,Rear end,Unknown,"Daylight, artificial","02 - Daylight, artificial",Municipal (excl. Twp. Rd.),No control,unknown,0,0,0,False,False,False,Clear,,False,KINGSWAY DR; GREENFIELD AVE; 50 M,3/4/2020 10:14:41 AM,,
44978,16-041972,1456504200000,2016,2,26,16,30,0,Friday,543046.13291,4809758.63322,-80.46807799999999,43.439498,At intersection,2,P.D. only,Within intersection,unknown,unknown,Angle,Unknown,Daylight,01 - Daylight,Municipal (excl. Twp. Rd.),Stop sign,Functioning,0,0,0,False,False,False,Clear,,False,CHARLES ST E; PRESTON ST; At,3/4/2020 10:14:40 AM,,
44979,16-042084,1456517640000,2016,2,26,20,14,0,Friday,545290.30475,4805305.20704,-80.44071699999999,43.399266999999995,Intersection related,2,P.D. only,Thru lane,unknown,unknown,Other,Unknown,Dark,07 - Dark,Municipal (excl. Twp. Rd.),No control,unknown,0,0,0,False,False,False,Clear,,False,FARRIER DR; BRASSEY CRT; Near; 10 M,3/4/2020 10:14:40 AM,,
44980,16-042194,1456525800000,2016,2,26,22,30,0,Friday,545032.76168,4807868.78377,-80.443686,43.422365,At intersection,1,Non-fatal injury,Within intersection,unknown,unknown,SMV other,Unknown,Dark,07 - Dark,Municipal (excl. Twp. Rd.),Traffic signal,Functioning,0,0,0,True,False,False,Clear,,False,KINGSWAY DR; WILSON AVE; At,3/4/2020 10:14:39 AM,,
44981,16-042687,1456586100000,2016,2,27,15,15,0,Saturday,543596.7947,4808264.83801,-80.461393,43.426016,Other,2,Non-reportable,Off highway,unknown,unknown,SMV unattended vehicle,Unknown,Daylight,01 - Daylight,Private property,No control,unknown,0,0,0,False,False,False,Clear,,False,DRIVEWAY; 225 VANIER DR; At,3/4/2020 10:14:38 AM,,
44982,16-043156,1456635120000,2016,2,28,4,52,0,Sunday,542336.53128,4807750.26164,-80.477002,43.421454999999995,Non intersection,2,P.D. only,Not on roadway - right side,unknown,unknown,SMV other,Unknown,"Dark, artificial","08 - Dark, artificial",Municipal (excl. Twp. Rd.),No control,unknown,0,0,0,False,False,False,Clear,,False,KINGSWOOD DR; KINGSWOOD DR ; At; 22 M,3/4/2020 10:14:38 AM,,
44983,16-043413,1456600200000,2016,2,27,19,10,0,Saturday,546607.91716,4808572.61971,-80.424168,43.428605999999995,Non intersection,2,P.D. only,Thru lane,unknown,unknown,SMV unattended vehicle,Unknown,"Dark, artificial","08 - Dark, artificial",Municipal (excl. Twp. Rd.),No control,unknown,0,0,0,False,False,False,Clear,,False,GREENDALE CRES; 34 GREENDALE CR,3/4/2020 10:14:37 AM,,
44984,16-043421,1456669680000,2016,2,28,14,28,0,Sunday,545794.82129,4808623.02616,-80.434209,43.42911,At intersection,2,P.D. only,Within intersection,unknown,unknown,Turning movement,Unknown,Daylight,01 - Daylight,Regional municipality,No control,unknown,0,0,0,False,False,False,Clear,,False,KING ST E; MORGAN AVE; 10 M,3/4/2020 10:14:36 AM,,
44985,16-043767,1456714800000,2016,2,29,3,0,0,Monday,541798.85758,4810621.39713,-80.483424,43.447337,Intersection related,2,P.D. only,Thru lane,unknown,unknown,SMV other,Unknown,Dark,07 - Dark,Regional municipality,Traffic signal,Functioning,0,0,0,False,False,False,Clear,,False,CEDAR ST S; KING ST E; At; 12 M,3/4/2020 10:14:36 AM,,
44986,16-043866,1456735080000,2016,2,29,8,38,0,Monday,542126.90199,4809208.96027,-80.479479,43.434601,At intersection,1,Non-fatal injury,Within intersection,unknown,unknown,Turning movement,Unknown,Daylight,01 - Daylight,Municipal (excl. Twp. Rd.),Stop sign,Functioning,0,0,0,False,False,False,Clear,,False,MILL ST; MILL ST,3/4/2020 10:14:35 AM,,
44987,16-043979,1456744800000,2016,2,29,11,20,0,Monday,539330.99527,4809976.05439,-80.513969,43.44166,At/near private drive,2,P.D. only,Left turn lane,unknown,unknown,Turning movement,Unknown,Daylight,01 - Daylight,Municipal (excl. Twp. Rd.),No control,unknown,0,0,0,False,False,False,Clear,,False,LAWRENCE AVE; 313 LAWRENCE AVE; Near; 5 M,3/4/2020 10:14:34 AM,,
44988,16-044138,1456760400000,2016,2,29,15,40,0,Monday,541542.2595,4812643.90947,-80.486441,43.465562,Non intersection,1,Non-fatal injury,Thru lane,unknown,unknown,SMV unattended vehicle,Unknown,Daylight,01 - Daylight,Municipal (excl. Twp. Rd.),No control,unknown,0,0,0,False,False,False,Clear,,False,GUELPH ST; ARNOLD ST ; Near; 63 M,3/4/2020 10:14:34 AM,,
44989,16-044147,1456753500000,2016,2,29,13,45,0,Monday,539748.01916,4810892.75442,-80.508749,43.449892,Non intersection,2,P.D. only,Thru lane,unknown,unknown,Rear end,Unknown,Daylight,01 - Daylight,Municipal (excl. Twp. Rd.),No control,unknown,0,0,0,False,False,False,Clear,,False,STRANGE ST; CN RAIL; Near,3/4/2020 10:14:33 AM,,
44990,16-044729,1456836420000,2016,3,1,12,47,0,Tuesday,540487.72474,4809735.90098,-80.499693,43.439436,At intersection,2,P.D. only,Within intersection,unknown,unknown,Angle,Unknown,Daylight,01 - Daylight,Municipal (excl. Twp. Rd.),Stop sign,Functioning,0,0,0,False,False,False,Drifting Snow,,False,QUEENS BLVD; SPADINA RD E,3/4/2020 10:14:32 AM,,
44991,16-044744,1456837440000,2016,3,1,13,4,0,Tuesday,541779.05847,4804157.52752,-80.484163,43.389137,At/near private drive,2,P.D. only,Thru lane,unknown,unknown,Turning movement,Unknown,Daylight,01 - Daylight,Municipal (excl. Twp. Rd.),No control,unknown,0,0,0,False,False,False,Strong wind,,False,PARKVALE DR; 345 PARKVALE DR; At; 0 M,3/4/2020 10:14:32 AM,,
44992,16-044905,1456852200000,2016,3,1,17,10,0,Tuesday,539910.10391,4809208.80537,-80.506869,43.434720999999996,At/near private drive,2,P.D. only,Thru lane,unknown,unknown,SMV other,Unknown,Daylight,01 - Daylight,Municipal (excl. Twp. Rd.),No control,unknown,0,0,0,False,False,False,Snow,,False,QUEENS BLVD; PRIVATE DRIVE - 1139 QUEENS BLVD; 25 M,3/4/2020 10:14:31 AM,,
44993,16-045179,1456855200000,2016,3,1,18,0,0,Tuesday,541454.10771,4810825.28741,-80.487669,43.449192,Non intersection,2,P.D. only,Not on roadway - right side,unknown,unknown,SMV unattended vehicle,Unknown,Daylight,01 - Daylight,Regional municipality,No control,unknown,0,0,0,False,False,False,Snow,,False,KING ST E; BENTON ST; 12 M,3/4/2020 10:14:30 AM,,
44994,16-045231,1456906200000,2016,3,2,8,10,0,Wednesday,541083.03114,4810772.03848,-80.49225899999999,43.448733,Non intersection,2,P.D. only,Not on roadway - right side,unknown,unknown,SMV other,Unknown,"Dark, artificial","08 - Dark, artificial",Municipal (excl. Twp. Rd.),No control,unknown,0,0,0,False,False,False,Snow,,False,JOSEPH ST; DAVID ST; 20 M,3/4/2020 10:14:29 AM,,
44995,16-045294,1456910640000,2016,3,2,9,24,0,Wednesday,543853.06488,4809809.47904,-80.458103,43.439909,At intersection,2,P.D. only,Not on roadway - right side,unknown,unknown,SMV other,Unknown,Daylight,01 - Daylight,Municipal (excl. Twp. Rd.),Stop sign,Functioning,0,0,0,False,False,False,Clear,,False,BRENTWOOD AVE; MONTGOMERY RD,3/4/2020 10:14:28 AM,,
44996,16-045573,1456932240000,2016,3,2,15,24,0,Wednesday,542674.7103,4811810.35929,-80.472507,43.457992999999995,At/near private drive,2,P.D. only,Thru lane,unknown,unknown,Angle,Unknown,Daylight,01 - Daylight,Municipal (excl. Twp. Rd.),No control,unknown,0,0,0,False,False,False,Snow,,False,EDNA ST ; 385 FREDERICK ST ; At; 1 M,3/4/2020 10:14:28 AM,,
44997,16-045697,1456941600000,2016,3,2,18,0,0,Wednesday,545049.2655,4810838.80346,-80.443237,43.449106,At intersection,1,Non-fatal injury,Within intersection,unknown,unknown,SMV other,Unknown,Dusk,05 - Dusk,Regional municipality,Traffic signal,Functioning,0,0,0,True,False,False,Clear,,False,RIVER RD E; HOLBORN DR ; At,3/4/2020 10:14:27 AM,,
44998,16-045757,1456951020000,2016,3,2,20,37,0,Wednesday,544629.23884,4809248.15547,-80.44855799999999,43.434809,At/near private drive,2,P.D. only,Thru lane,unknown,unknown,Turning movement,Unknown,"Dark, artificial","08 - Dark, artificial",Regional municipality,No control,unknown,0,0,0,False,False,False,Clear,,False,FRANKLIN ST S; 1111 WEBER ST E; Near; 5 M,3/4/2020 10:14:26 AM,,
44999,16-046018,1456996200000,2016,3,3,9,10,0,Thursday,539698.84002,4811082.2681,-80.509343,43.451601,Intersection related,2,P.D. only,Thru lane,unknown,unknown,Turning movement,Stop sign,Daylight,01 - Daylight,Municipal (excl. Twp. Rd.),Stop sign,Functioning,0,0,0,False,False,False,Clear,,False,STRANGE ST; DOMINION ST; 5 M,3/4/2020 10:14:26 AM,,
45000,16-046026,1456996980000,2016,3,3,9,23,0,Thursday,540235.72888,4805497.65071,-80.503119,43.401288,At/near private drive,2,P.D. only,Thru lane,unknown,unknown,Other,Unknown,Daylight,01 - Daylight,Municipal (excl. Twp. Rd.),No control,unknown,0,0,0,False,False,False,Clear,,False,COMMONWEALTH CRES; COMMONWEALTH CRES ; At; 4 M,3/4/2020 10:14:25 AM,,
45001,16-046345,1457018220000,2016,3,3,15,17,0,Thursday,540560.63998,4807299.44124,-80.49897299999999,43.417494,Non intersection,2,P.D. only,Right shoulder,unknown,unknown,SMV unattended vehicle,Unknown,Daylight,01 - Daylight,Municipal (excl. Twp. Rd.),No control,unknown,0,0,0,False,False,False,Clear,,False,LAURENTIAN DR; DARCY PL ; 13 M,3/4/2020 10:14:24 AM,,
45002,16-046680,1457059800000,2016,3,4,2,50,0,Friday,542722.20438,4808220.81571,-80.472201,43.42567,Non intersection,2,P.D. only,Left shoulder,unknown,unknown,SMV other,Unknown,"Dark, artificial","08 - Dark, artificial",Municipal (excl. Twp. Rd.),No control,unknown,0,0,0,False,False,False,Clear,,False,HANSON AVE; HAYWARD AVE ; 87 M,3/4/2020 10:14:24 AM,,
45003,16-047068,1457102160000,2016,3,4,14,36,0,Friday,542612.97207,4805879.84614,-80.473733,43.404598,At intersection,1,Non-fatal injury,Within intersection,unknown,unknown,Turning movement,Unknown,Daylight,01 - Daylight,Regional municipality,Stop sign,Functioning,0,0,0,False,False,False,Clear,,False,STRASBURG RD; MCINTYRE DR,3/4/2020 10:14:23 AM,,
45004,16-047257,1457111100000,2016,3,4,17,5,0,Friday,541709.3056,4810983.6805,-80.48450299999999,43.450604,At/near private drive,2,P.D. only,Thru lane,unknown,unknown,Turning movement,Unknown,Daylight,01 - Daylight,Regional municipality,No control,unknown,0,0,0,False,False,False,Clear,,False,SCOTT ST; WEBER ST E; Near,3/4/2020 10:14:22 AM,,
45005,16-047513,1457139480000,2016,3,5,0,58,0,Saturday,540410.08563,4811050.28863,-80.50055499999999,43.451274999999995,At/near private drive,2,P.D. only,Right shoulder,unknown,unknown,SMV unattended vehicle,Unknown,Dark,07 - Dark,Municipal (excl. Twp. Rd.),No control,unknown,0,0,0,False,False,False,Clear,,False,JOSEPH ST; 280 JOSEPH ST; 8 M,3/4/2020 10:14:22 AM,,
45006,16-047894,1457187900000,2016,3,5,14,25,0,Saturday,541113.52857,4810746.79136,-80.491884,43.448504,Non intersection,2,P.D. only,Right shoulder,unknown,unknown,Turning movement,Unknown,Daylight,01 - Daylight,Municipal (excl. Twp. Rd.),No control,unknown,0,0,0,False,False,False,Clear,,False,ONTARIO ST S; JOSEPH ST; Near; 25 M,3/4/2020 10:14:21 AM,,
45007,16-047936,1457113500000,2016,3,4,17,45,0,Friday,542847.9702,4813075.34506,-80.470266,43.469373,Intersection related,1,Non-fatal injury,Thru lane,unknown,unknown,Rear end,Unknown,Daylight,01 - Daylight,Municipal (excl. Twp. Rd.),Stop sign,Functioning,0,0,0,False,False,False,Clear,,False,GUELPH ST; RIVERBEND DR,3/4/2020 10:14:20 AM,,
45008,16-048026,1457198820000,2016,3,5,17,27,0,Saturday,541063.34404,4809620.10193,-80.492589,43.438362,Non intersection,2,P.D. only,Not on roadway - right side,unknown,unknown,SMV other,Unknown,Dusk,05 - Dusk,Municipal (excl. Twp. Rd.),No control,unknown,0,0,0,False,False,False,Clear,,False,HIGHLAND RD E; SPADINA RD E; 75 M,3/4/2020 10:14:20 AM,,
45009,16-048526,1457188200000,2016,3,5,14,30,0,Saturday,537977.77815,4808939.76525,-80.530763,43.432399,Non intersection,2,P.D. only,Thru lane,unknown,unknown,SMV unattended vehicle,Unknown,Daylight,01 - Daylight,Municipal (excl. Twp. Rd.),No control,unknown,0,0,0,False,False,False,Clear,,False,OPRINGTON CRT; 122 OPRINGTON CRT; At,3/4/2020 10:14:19 AM,,
45010,16-048948,1457306640000,2016,3,6,23,24,0,Sunday,540305.51476,4806436.52713,-80.50218799999999,43.409738,Non intersection,2,P.D. only,Thru lane,unknown,unknown,SMV unattended vehicle,Unknown,Dusk,05 - Dusk,Municipal (excl. Twp. Rd.),No control,unknown,0,0,0,False,False,False,Clear,,False,HIGHBROOK CRES; HIGHBROOK ST ; 75 M,3/4/2020 10:14:18 AM,,
45011,16-049174,1457340900000,2016,3,7,8,55,0,Monday,540561.30401,4805558.4606,-80.499094,43.401818,At intersection,2,P.D. only,Within intersection,unknown,unknown,Turning movement,Unknown,Daylight,01 - Daylight,Municipal (excl. Twp. Rd.),Stop sign,Functioning,0,0,0,False,False,False,Clear,,False,HELENA FEASBY ST; HARDING ST,3/4/2020 10:14:18 AM,,
45012,16-049293,1457348400000,2016,3,7,11,0,0,Monday,545035.91363,4810669.34429,-80.443416,43.447581,At/near private drive,2,P.D. only,Thru lane,unknown,unknown,SMV unattended vehicle,Unknown,Daylight,01 - Daylight,Municipal (excl. Twp. Rd.),No control,unknown,0,0,0,False,False,False,Clear,,False,DOOLEY DR; DOOLEY DR ; At,3/4/2020 10:14:17 AM,,
45013,16-049296,1457347800000,2016,3,7,10,50,0,Monday,540815.12595,4811545.84181,-80.49551199999999,43.455715,At/near private drive,2,P.D. only,Thru lane,unknown,unknown,Turning movement,Unknown,Daylight,01 - Daylight,Municipal (excl. Twp. Rd.),No control,unknown,0,0,0,False,False,False,Clear,,False,BREITHAUPT ST; 130 WEBER ST W; Near,3/4/2020 10:14:16 AM,,
45014,16-049522,1457367600000,2016,3,7,16,20,0,Monday,541558.25599,4811282.94693,-80.486347,43.453306999999995,Non intersection,2,P.D. only,Right shoulder,unknown,unknown,SMV unattended vehicle,Unknown,Daylight,01 - Daylight,Municipal (excl. Twp. Rd.),No control,unknown,0,0,0,False,False,False,Clear,,False,AHRENS ST W; QUEEN ST N; Near; 23 M,3/4/2020 10:14:15 AM,,
45015,16-049962,1457378100000,2016,3,7,19,15,0,Monday,539077.67965,4807646.41751,-80.51726599999999,43.420697,At/near private drive,2,P.D. only,Thru lane,unknown,unknown,SMV unattended vehicle,Unknown,Dark,07 - Dark,Municipal (excl. Twp. Rd.),No control,unknown,0,0,0,False,False,False,Clear,,False,FOREST GLEN CRES; FOREST GLEN CRES ; At,3/4/2020 10:14:15 AM,,
45016,16-050190,1457396400000,2016,3,8,0,20,0,Tuesday,542582.1276,4810124.18945,-80.473783,43.442816,Intersection related,2,P.D. only,Thru lane,unknown,unknown,Rear end,Unknown,"Dark, artificial","08 - Dark, artificial",Regional municipality,Traffic signal,Functioning,0,0,0,False,False,False,Clear,,False,KING ST E; BORDEN AVE N; At,3/4/2020 10:14:14 AM,,
45017,16-050388,1457423400000,2016,3,8,7,50,0,Tuesday,545125.01849,4810643.06308,-80.442317,43.447339,Intersection related,2,P.D. only,Thru lane,unknown,unknown,Rear end,Unknown,Daylight,01 - Daylight,Regional municipality,No control,unknown,0,0,0,False,False,False,Clear,,False,RIVER RD E; CONWAY DR; Near; 25 M,3/4/2020 10:14:13 AM,,
45018,16-051012,1456923600000,2016,3,2,13,0,0,Wednesday,542628.66863,4810097.05133,-80.47321,43.442569,Non intersection,1,Non-fatal injury,Thru lane,unknown,unknown,Rear end,Unknown,Daylight,01 - Daylight,Municipal (excl. Twp. Rd.),No control,unknown,0,0,0,False,False,False,Clear,,False,KING ST E; ONWARD AVE ; Near; 40 M,3/4/2020 10:14:13 AM,,
45019,16-051213,1457512200000,2016,3,9,8,30,0,Wednesday,543981.77572,4811999.12822,-80.456336,43.459617,At/near private drive,2,P.D. only,Thru lane,unknown,unknown,SMV unattended vehicle,Unknown,Daylight,01 - Daylight,Municipal (excl. Twp. Rd.),No control,unknown,0,0,0,False,False,False,Clear,,False,ELKINGTON DR; ELKINGTON DR ; At,3/4/2020 10:14:12 AM,,
45020,16-051581,1457600880000,2016,3,10,9,8,0,Thursday,539717.59852,4810136.80457,-80.50918,43.443087,At/near private drive,2,P.D. only,Right shoulder,unknown,unknown,SMV unattended vehicle,Unknown,Daylight,01 - Daylight,Municipal (excl. Twp. Rd.),Stop sign,Functioning,0,0,0,False,False,False,Rain,,False,JACK AVE; 17 JACK AVE ; 1 M,3/4/2020 10:14:11 AM,,
45021,16-051939,1457459100000,2016,3,8,17,45,0,Tuesday,541795.14471,4812133.36744,-80.48335399999999,43.460951,Non intersection,2,P.D. only,Thru lane,unknown,unknown,Rear end,Unknown,Daylight,01 - Daylight,Regional municipality,Traffic signal,Functioning,0,0,0,False,False,False,Clear,,False,WELLINGTON ST N; LANCASTER ST W; Near,3/4/2020 10:14:10 AM,,
45022,16-052452,1457691000000,2016,3,11,10,10,0,Friday,540008.21146,4810951.93445,-80.505529,43.450410999999995,At/near private drive,2,P.D. only,Thru lane,unknown,unknown,Turning movement,Unknown,Daylight,01 - Daylight,Municipal (excl. Twp. Rd.),No control,unknown,0,0,0,False,False,False,Clear,,False,PARK ST; PARK ST ; At; 5 M,3/4/2020 10:14:09 AM,,
45023,16-052531,1457609400000,2016,3,10,11,30,0,Thursday,544425.76453,4812845.78195,-80.450779,43.467214,At/near private drive,2,P.D. only,Thru lane,unknown,unknown,Other,Unknown,Dark,07 - Dark,Municipal (excl. Twp. Rd.),No control,unknown,0,0,0,False,False,False,Clear,,False,ROTHSAY AVE; ROTHSAY AVE ; At,3/4/2020 10:14:09 AM,,
45024,16-052698,1457712000000,2016,3,11,16,0,0,Friday,545274.76379,4807766.67157,-80.440705,43.421431,At/near private drive,2,P.D. only,Left turn lane,unknown,unknown,Turning movement,Unknown,Daylight,01 - Daylight,Municipal (excl. Twp. Rd.),No control,unknown,0,0,0,False,False,False,Clear,,False,WILSON AVE; 385 FAIRWAY RD S; At; 10 M,3/4/2020 10:14:08 AM,,
45025,16-053035,1457743620000,2016,3,12,0,47,0,Saturday,542582.10937,4810127.07694,-80.473783,43.442842,Intersection related,1,Non-fatal injury,Thru lane,unknown,unknown,Rear end,Unknown,Dark,07 - Dark,Regional municipality,Traffic signal,Functioning,0,0,0,False,False,False,Clear,,False,KING ST E; BORDEN AVE N; At,3/4/2020 10:14:07 AM,,
45026,16-053443,1457793000000,2016,3,12,14,30,0,Saturday,545146.28756,4807561.56818,-80.442309,43.419592,At/near private drive,2,P.D. only,Left turn lane,unknown,unknown,Turning movement,Unknown,Daylight,01 - Daylight,Municipal (excl. Twp. Rd.),Stop sign,Functioning,0,0,0,False,False,False,Clear,,False,WILSON AVE; 385 FAIRWAY RD S; 12 M,3/4/2020 10:14:07 AM,,
45027,16-055023,1456387200000,2016,2,25,8,0,0,Thursday,542472.56572,4812921.47895,-80.474919,43.468008999999995,Non intersection,2,P.D. only,Not on roadway - right side,unknown,unknown,SMV other,Unknown,Daylight,01 - Daylight,Municipal (excl. Twp. Rd.),Stop sign,Functioning,0,0,0,False,False,False,Clear,,False,SPRING VALLEY RD; GUELPH ST; Near,3/4/2020 10:14:06 AM,,
45028,16-055335,1458011040000,2016,3,15,3,4,0,Tuesday,545182.04015,4808037.48507,-80.441828,43.423874999999995,Non intersection,2,P.D. only,Thru lane,unknown,unknown,SMV other,Unknown,"Dark, artificial","08 - Dark, artificial",Municipal (excl. Twp. Rd.),No control,unknown,0,0,0,False,False,False,Rain,,False,KINGSWAY DR; GREENFIELD AVE; 102 M,3/4/2020 10:14:05 AM,,
45029,16-055491,1458041160000,2016,3,15,11,26,0,Tuesday,544910.11595,4811138.52056,-80.444932,43.451813,At/near private drive,2,P.D. only,Thru lane,unknown,unknown,Turning movement,Unknown,Daylight,01 - Daylight,Regional municipality,Stop sign,Functioning,0,0,0,False,False,False,Clear,,False,RIVER RD E; 1020 OTTAWA ST N; 4 M,3/4/2020 10:14:05 AM,,
45030,16-055642,1458054600000,2016,3,15,15,10,0,Tuesday,541342.57699,4810658.56561,-80.48906,43.447697,Intersection related,1,Non-fatal injury,Thru lane,unknown,unknown,Turning movement,Unknown,Daylight,01 - Daylight,Municipal (excl. Twp. Rd.),Stop sign,Functioning,0,0,0,False,False,False,Clear,,False,CHURCH ST ; BENTON ST ; Near; 9 M,3/4/2020 10:14:04 AM,,
45031,16-056171,1458121500000,2016,3,16,9,45,0,Wednesday,545221.65432,4805156.7022,-80.441577,43.397934,At/near private drive,1,Non-fatal injury,Not on roadway - left side,unknown,unknown,SMV other,Unknown,Daylight,01 - Daylight,Municipal (excl. Twp. Rd.),No control,unknown,0,0,0,True,False,False,Clear,,False,UPPER CANADA DR; 88 UPPER CANADA DR; At; 19 M,3/4/2020 10:14:03 AM,,
45032,16-056527,1458153120000,2016,3,16,18,32,0,Wednesday,538955.28877,4805736.80654,-80.518914,43.403509,Non intersection,2,P.D. only,Right shoulder,unknown,unknown,SMV unattended vehicle,Unknown,Daylight,01 - Daylight,Municipal (excl. Twp. Rd.),No control,unknown,0,0,0,False,False,False,Rain,,False,MOUNTAIN LAUREL CRES; BERRY MOSS ST; 280 M,3/4/2020 10:14:03 AM,,
45033,16-056993,1458218880000,2016,3,17,12,48,0,Thursday,540739.32556,4811142.78552,-80.496479,43.45209,At/near private drive,2,P.D. only,Thru lane,unknown,unknown,Turning movement,Unknown,Daylight,01 - Daylight,Regional municipality,No control,unknown,0,0,0,False,False,False,Clear,,False,KING ST W; 381 KING ST W; At; 4 M,3/4/2020 10:14:02 AM,,
45034,16-057157,1458226800000,2016,3,17,15,0,0,Thursday,546725.44115,4811014.47532,-80.422507,43.450585,At intersection,2,P.D. only,Within intersection,unknown,unknown,Turning movement,Unknown,Daylight,01 - Daylight,Municipal (excl. Twp. Rd.),Stop sign,Functioning,0,0,0,False,False,False,Clear,,False,ZELLER DR; SUSAN CRES,3/4/2020 10:14:01 AM,,
45035,16-057166,1458158400000,2016,3,16,20,0,0,Wednesday,537111.25249,4807382.32128,-80.541575,43.418419,Non intersection,2,P.D. only,Thru lane,unknown,unknown,SMV unattended vehicle,Unknown,"Dark, artificial","08 - Dark, artificial",Municipal (excl. Twp. Rd.),No control,unknown,0,0,0,False,False,False,Clear,,False,MEADOW WOODS CRES; 60 MEADOW WOODS CR; Near,3/4/2020 10:14:01 AM,,
45036,16-057203,1458230400000,2016,3,17,16,0,0,Thursday,542768.56019,4805746.44629,-80.471822,43.403388,Non intersection,2,P.D. only,Thru lane,unknown,unknown,Sideswipe,Unknown,Daylight,01 - Daylight,Municipal (excl. Twp. Rd.),No control,unknown,0,0,0,False,False,False,Clear,,False,STRASBURG RD; STRASBURG RD ; Near,3/4/2020 10:14:00 AM,,
45037,16-057273,1458237360000,2016,3,17,17,56,0,Thursday,544600.20528,4808130.79276,-80.44900799999999,43.424749999999996,At intersection,2,P.D. only,Within intersection,unknown,unknown,Angle,Unknown,Daylight,01 - Daylight,Municipal (excl. Twp. Rd.),Stop sign,Functioning,0,0,0,False,False,False,Clear,,False,WILSON AVE; WOODHAVEN RD,3/4/2020 10:13:59 AM,,
45038,16-057674,1458264660000,2016,3,18,1,31,0,Friday,539618.31449,4811374.44049,-80.510317,43.454235999999995,At intersection,2,P.D. only,Within intersection,unknown,unknown,Angle,Unknown,Dark,07 - Dark,Municipal (excl. Twp. Rd.),Traffic signal,Functioning,0,0,0,False,False,False,Clear,,False,PARK ST ; GLASGOW ST,3/4/2020 10:04:31 AM,,
45039,16-057832,1458289800000,2016,3,18,8,30,0,Friday,539744.27039,4805758.61912,-80.509169,43.403664,At intersection,1,Non-fatal injury,Within intersection,unknown,unknown,Turning movement,Unknown,Daylight,01 - Daylight,Municipal (excl. Twp. Rd.),Stop sign,Functioning,0,0,0,False,True,False,Clear,,False,MAX BECKER DR; ACTIVA AVE ; At,3/4/2020 10:13:59 AM,,
45040,16-057921,1458150300000,2016,3,16,17,45,0,Wednesday,546095.17163,4811503.69801,-80.430255,43.455028999999996,Non intersection,2,P.D. only,Thru lane,unknown,unknown,SMV unattended vehicle,Unknown,Daylight,01 - Daylight,Municipal (excl. Twp. Rd.),No control,unknown,0,0,0,False,False,False,Rain,,False,EBYDALE DR; 44 EBYDALE DR,3/4/2020 10:13:58 AM,,
45041,16-057984,1458305160000,2016,3,18,12,46,0,Friday,541232.20621,4810949.53696,-80.490402,43.450323,Non intersection,2,P.D. only,Thru lane,unknown,unknown,Sideswipe,Unknown,Daylight,01 - Daylight,Regional municipality,No control,unknown,0,0,0,False,True,False,Clear,,False,KING ST W; ONTARIO ST N; 2 M,3/4/2020 10:13:57 AM,,