OBJECTID,ACCIDENTNUM,ACCIDENTDATE,ACCIDENT_YEAR,ACCIDENT_MONTH,ACCIDENT_DAY,ACCIDENT_HOUR,ACCIDENT_MINUTE,ACCIDENT_SECOND,ACCIDENT_WEEKDAY,XCOORD,YCOORD,LONGITUDE,LATITUDE,ACCIDENTLOCATION,COLLISIONTYPE,CLASSIFICATIONOFACCIDENT,IMPACTLOCATION,INITIALDIRECTIONOFTRAVELONE,INITIALDIRECTIONOFTRAVELTWO,INITIALIMPACTTYPE,INTTRAFFICCONTROL,LIGHT,LIGHTFORREPORT,ROADJURISDICTION,TRAFFICCONTROL,TRAFFICCONTROLCONDITION,THRULANENO,NORTHBOUNDDISOBEYCOUNT,SOUTHBOUNDDISOBEYCOUNT,PEDESTRIANINVOLVED,CYCLISTINVOLVED,MOTORCYCLISTINVOLVED,ENVIRONMENTCONDITION1,ENVIRONMENTCONDITION2,SELFREPORTED,XMLIMPORTNOTES,LASTEDITEDDATE,CREATE_BY,CREATE_DATE
45042,16-058104,1458314160000,2016,3,18,15,16,0,Friday,541252.21097,4810986.08751,-80.490152,43.450651,Non intersection,2,P.D. only,Thru lane,unknown,unknown,SMV unattended vehicle,Unknown,Daylight,01 - Daylight,Municipal (excl. Twp. Rd.),No control,unknown,0,0,0,False,False,False,Clear,,False,HALLS LANE W; ONTARIO ST N; Near; 100 M,3/4/2020 10:13:57 AM,,
45043,16-058155,1458312300000,2016,3,18,14,45,0,Friday,545275.11441,4806435.1555,-80.440811,43.409442,Non intersection,2,P.D. only,Thru lane,unknown,unknown,Sideswipe,Unknown,Daylight,01 - Daylight,Municipal (excl. Twp. Rd.),No control,unknown,0,0,0,False,False,False,Clear,,False,WABANAKI DR; WILSON AVE,3/4/2020 10:13:56 AM,,
45044,16-058643,1458360780000,2016,3,19,4,13,0,Saturday,545538.98958,4803072.32778,-80.437832,43.379146999999996,At intersection,0,Fatal injury,Not on roadway - right side,unknown,unknown,SMV other,Unknown,"Dark, artificial","08 - Dark, artificial",Municipal (excl. Twp. Rd.),Stop sign,Functioning,0,0,0,False,False,False,Clear,,False,ROBERT FERRIE DR ; REYNOLDS CRT ; At,3/4/2020 10:13:55 AM,,
45045,16-058767,1458383700000,2016,3,19,10,35,0,Saturday,541597.99217,4810783.19297,-80.485894,43.448805,Non intersection,1,Non-fatal injury,Thru lane,unknown,unknown,SMV other,Unknown,Daylight,01 - Daylight,Municipal (excl. Twp. Rd.),No control,unknown,0,0,0,True,False,False,Clear,,False,SCOTT ST; HALLS LANE E; 16 M,3/4/2020 10:13:55 AM,,
45046,16-059084,1458415140000,2016,3,19,19,19,0,Saturday,541127.77482,4809684.68795,-80.491788,43.438939999999995,Non intersection,2,P.D. only,Thru lane,unknown,unknown,Sideswipe,Unknown,Daylight,01 - Daylight,Municipal (excl. Twp. Rd.),No control,unknown,0,0,0,False,False,False,Clear,,False,SPADINA RD E; RUSSEL ST ; At; 5 M,3/4/2020 10:13:54 AM,,
45047,16-059958,1458513480000,2016,3,20,22,38,0,Sunday,544284.78019,4810603.50612,-80.452704,43.447033,Non intersection,1,Non-fatal injury,Not on roadway - right side,unknown,unknown,SMV other,Unknown,"Dark, artificial","08 - Dark, artificial",Municipal (excl. Twp. Rd.),No control,unknown,0,0,0,False,False,False,Clear,,False,DREGER AVE; GRABER PL ; Near; 100 M,3/4/2020 10:13:53 AM,,
45048,16-060199,1458553380000,2016,3,21,9,43,0,Monday,545149.75249,4807200.97404,-80.442296,43.416345,At/near private drive,1,Non-fatal injury,Off highway,unknown,unknown,Turning movement,Unknown,Daylight,01 - Daylight,Regional municipality,No control,unknown,0,0,0,False,False,False,Clear,,False,WILSON AVE ; WILSON AVE,3/4/2020 10:13:53 AM,,
45049,16-060479,1458569700000,2016,3,21,14,15,0,Monday,538942.15066,4811404.81762,-80.518672,43.454544999999996,Non intersection,2,P.D. only,Thru lane,unknown,unknown,Other,Unknown,Daylight,01 - Daylight,Municipal (excl. Twp. Rd.),No control,unknown,0,0,0,False,False,False,Clear,,False,BELMONT AVE W; BELMONT AVE W; At,3/4/2020 10:13:52 AM,,
45050,16-060486,1458460800000,2016,3,20,8,0,0,Sunday,542173.97773,4810856.62965,-80.47877,43.449434,Non intersection,2,P.D. only,Thru lane,unknown,unknown,SMV unattended vehicle,Unknown,Daylight,01 - Daylight,Municipal (excl. Twp. Rd.),No control,unknown,0,0,0,False,False,False,Clear,,False,ROSE ST; 26 ROSE ST,3/4/2020 10:13:51 AM,,
45051,16-060550,1458384300000,2016,3,19,10,45,0,Saturday,541446.40947,4803867.27694,-80.488292,43.386542,At/near private drive,2,P.D. only,Right shoulder,unknown,unknown,SMV unattended vehicle,Unknown,Daylight,01 - Daylight,Municipal (excl. Twp. Rd.),No control,unknown,0,0,0,False,False,False,Clear,,False,SOPHIA CRES; 213 SOPHIA CRES ; At,3/4/2020 10:13:51 AM,,
45052,16-060976,1458635400000,2016,3,22,8,30,0,Tuesday,541409.42538,4810366.99544,-80.48825599999999,43.445068,Non intersection,2,P.D. only,Thru lane,unknown,unknown,SMV unattended vehicle,Unknown,Daylight,01 - Daylight,Municipal (excl. Twp. Rd.),No control,unknown,0,0,0,False,False,False,Clear,,False,PARK ST; VICTORIA ST S; 15 M,3/4/2020 10:13:50 AM,,
45053,16-061035,1458644100000,2016,3,22,10,55,0,Tuesday,539112.7856,4811655.69323,-80.516545,43.456795,At intersection,2,P.D. only,Within intersection,unknown,unknown,Angle,Unknown,Daylight,01 - Daylight,Municipal (excl. Twp. Rd.),Traffic signal,Functioning,0,0,0,False,False,False,Clear,,False,UNION BLVD ; PARK ST; At,3/4/2020 10:13:49 AM,,
45054,16-061040,1458644400000,2016,3,22,11,0,0,Tuesday,538996.67924,4811293.51654,-80.518006,43.45354,Non intersection,2,P.D. only,Right shoulder,unknown,unknown,SMV other,Unknown,Daylight,01 - Daylight,Municipal (excl. Twp. Rd.),No control,unknown,0,0,0,False,False,False,Clear,,False,BELMONT AVE W; BELMONT AVE W; At; 4 M,3/4/2020 10:13:49 AM,,
45055,16-061241,1458656040000,2016,3,22,14,14,0,Tuesday,541068.0,4811108.0,0.0,0.0,At intersection,1,Non-fatal injury,Within intersection,unknown,unknown,Angle,Unknown,Daylight,01 - Daylight,Municipal (excl. Twp. Rd.),Stop sign,Functioning,0,0,0,False,False,False,Clear,,False,ROBERT FERRIE DR ; WETLAND WAY ; At,3/4/2020 10:13:48 AM,,
45056,16-061306,1458317700000,2016,3,18,16,15,0,Friday,541744.94325,4811604.95773,-80.484015,43.456196,At/near private drive,2,P.D. only,Thru lane,unknown,unknown,Turning movement,Unknown,Daylight,01 - Daylight,Municipal (excl. Twp. Rd.),No control,unknown,0,0,0,False,False,False,Clear,,False,QUEEN ST N; QUEEN ST N; Near,3/4/2020 10:13:47 AM,,
45057,16-062142,1458753120000,2016,3,23,17,12,0,Wednesday,549022.93711,4805978.98897,-80.394565,43.405099,At/near private drive,2,P.D. only,Thru lane,unknown,unknown,Other,Unknown,Daylight,01 - Daylight,Municipal (excl. Twp. Rd.),No control,unknown,0,0,0,False,False,False,Snow,,False,EDGEHILL DR; EDGEHILL DR; 16 M,3/4/2020 10:13:46 AM,,
45058,16-063095,1458847800000,2016,3,24,19,30,0,Thursday,549183.79358,4806307.01571,-80.392549,43.408041999999995,At/near private drive,2,P.D. only,Thru lane,unknown,unknown,Turning movement,Unknown,Dark,07 - Dark,Municipal (excl. Twp. Rd.),No control,unknown,0,0,0,False,False,False,Rain,,False,GATEWAY PARK DR; GATEWAY PARK DR ; At,3/4/2020 10:13:46 AM,,
45059,16-063463,1458871200000,2016,3,25,2,0,0,Friday,544623.68963,4811858.96744,-80.448413,43.458317,At/near private drive,2,P.D. only,Not on roadway - right side,unknown,unknown,SMV other,Unknown,"Dark, artificial","08 - Dark, artificial",Municipal (excl. Twp. Rd.),No control,unknown,0,0,0,False,False,False,"Fog, mist, smoke, dust",,False,BIRKSHIRE CRT; BIRKSHIRE CRT ; At; 5 M,3/4/2020 10:13:45 AM,,
45060,16-063937,1458801900000,2016,3,24,6,45,0,Thursday,543921.7756,4805132.35199,-80.45763,43.397791999999995,Intersection related,2,P.D. only,Right turn channel,unknown,unknown,Rear end,Unknown,"Dark, artificial","08 - Dark, artificial",Municipal (excl. Twp. Rd.),Yield sign,Functioning,0,0,0,False,False,False,Freezing Rain,,False,OLD HURON RD RAMP FROM OLD HUR RD; HURON RD; Near,3/4/2020 10:13:44 AM,,
45061,16-064384,1458995820000,2016,3,26,12,37,0,Saturday,542361.7564,4811156.78521,-80.47642599999999,43.452126,At intersection,2,P.D. only,Within intersection,unknown,unknown,Angle,Unknown,Daylight,01 - Daylight,Municipal (excl. Twp. Rd.),Stop sign,Functioning,0,0,0,False,False,False,Clear,,False,BRUBACHER ST; SIMEON ST; At,3/4/2020 10:13:44 AM,,
45062,16-064390,1458996300000,2016,3,26,12,45,0,Saturday,538711.91072,4808595.76393,-80.521717,43.429263999999996,At intersection,1,Non-fatal injury,Within intersection,unknown,unknown,Turning movement,Unknown,Daylight,01 - Daylight,Regional municipality,No control,unknown,0,0,0,False,False,False,Clear,,False,QUEENS BLVD; OVERLEA DR ; At,3/4/2020 10:13:43 AM,,
45063,16-064769,1459033440000,2016,3,26,23,4,0,Saturday,541005.66116,4812409.94696,-80.49309199999999,43.463485,At/near private drive,1,Non-fatal injury,Not on roadway - right side,unknown,unknown,SMV other,Unknown,"Dark, artificial","08 - Dark, artificial",Municipal (excl. Twp. Rd.),No control,unknown,0,0,0,False,False,False,Clear,,False,GUELPH ST ; GUELPH ST; 1 M,3/4/2020 10:13:42 AM,,
45064,16-064944,1459058460000,2016,3,27,6,1,0,Sunday,539492.80661,4811819.50359,-80.511836,43.45825,Non intersection,2,P.D. only,Not on roadway - left side,unknown,unknown,SMV other,Unknown,"Dark, artificial","08 - Dark, artificial",Municipal (excl. Twp. Rd.),No control,unknown,0,0,0,False,False,False,Clear,,False,MARY ST; PINE ST; 47 M,3/4/2020 10:13:42 AM,,
45065,16-065134,1459087020000,2016,3,27,13,57,0,Sunday,542158.83874,4803574.59874,-80.479519,43.383866999999995,Other,1,Non-fatal injury,Off highway,unknown,unknown,Approaching,Unknown,Daylight,01 - Daylight,Private property,No control,unknown,0,0,0,False,False,False,Clear,,False,PRIVATE FIELD; 780 HURON RD; Near,3/4/2020 10:13:41 AM,,
45066,16-065326,1459109400000,2016,3,27,20,10,0,Sunday,544884.12065,4804850.80898,-80.44577,43.3952,At intersection,2,P.D. only,Within intersection,unknown,unknown,Turning movement,Unknown,"Dark, artificial","08 - Dark, artificial",Municipal (excl. Twp. Rd.),Traffic signal,Functioning,0,0,0,False,False,False,Clear,,False,PIONEER DR; DOON VILLAGE RD,3/4/2020 10:13:40 AM,,
45067,16-065376,1459114140000,2016,3,27,21,29,0,Sunday,541068.0,4811108.0,0.0,0.0,At intersection,2,P.D. only,Within intersection,unknown,unknown,Turning movement,Unknown,Dark,07 - Dark,Regional municipality,Stop sign,Functioning,0,1,0,False,False,False,Clear,,False,BEAVERDALE RD; KOSSUTH RD; At,3/4/2020 10:13:40 AM,,
45068,16-067098,1459332240000,2016,3,30,10,4,0,Wednesday,544604.67686,4811712.35032,-80.44865999999999,43.456998,Non intersection,1,Non-fatal injury,Not on roadway - left side,unknown,unknown,SMV other,Unknown,Daylight,01 - Daylight,Regional municipality,No control,unknown,0,0,0,False,False,False,Clear,,False,RIVER RD E; LORRAINE AVE; Near; 40 M,3/4/2020 10:13:39 AM,,
45069,16-067355,1459352280000,2016,3,30,15,38,0,Wednesday,542446.49403,4807282.2746,-80.47568,43.417235,Intersection related,2,P.D. only,Thru lane,unknown,unknown,Rear end,Unknown,Daylight,01 - Daylight,Regional municipality,Traffic signal,Functioning,0,0,0,False,False,False,Clear,,False,BLOCK LINE RD; COURTLAND AVE E; Near; 100 M,3/4/2020 10:13:38 AM,,
45070,16-067782,1459411500000,2016,3,31,8,5,0,Thursday,539980.27946,4805764.56599,-80.506254,43.403704999999995,At/near private drive,2,P.D. only,Thru lane,unknown,unknown,Other,Unknown,Daylight,01 - Daylight,Municipal (excl. Twp. Rd.),No control,unknown,0,0,0,False,False,False,Rain,,False,MAX BECKER DR; 178 MAXBECKER DR; Near; 3 M,3/4/2020 10:13:38 AM,,
45071,16-068058,1459260000000,2016,3,29,14,0,0,Tuesday,540759.55181,4811450.77005,-80.496206,43.454862,At railway crossing,2,Non-reportable,Thru lane,unknown,unknown,Other,Unknown,Daylight,01 - Daylight,Regional municipality,Traffic gate,Functioning,0,0,0,False,False,False,Clear,,False,DUKE ST W; VICTORIA ST N; Near,3/4/2020 10:13:37 AM,,
45072,16-068776,1459517460000,2016,4,1,13,31,0,Friday,539644.4648,4811344.05243,-80.509996,43.453961,Non intersection,2,P.D. only,Thru lane,unknown,unknown,Other,Unknown,Daylight,01 - Daylight,Municipal (excl. Twp. Rd.),Traffic signal,Functioning,0,0,0,False,False,False,Clear,,False,STRANGE ST ; PARK ST ; Near; 5 M,3/4/2020 10:13:36 AM,,
45073,16-069162,1459548000000,2016,4,1,22,0,0,Friday,545525.2091,4808993.59222,-80.43750899999999,43.432463,Intersection related,2,P.D. only,Thru lane,unknown,unknown,Other,Unknown,Daylight,01 - Daylight,Municipal (excl. Twp. Rd.),No control,unknown,0,0,0,False,False,False,Clear,,False,KINZIE AVE; HUBER ST; Near; 6 M,3/4/2020 10:13:36 AM,,
45074,16-069285,1459559940000,2016,4,2,1,19,0,Saturday,545127.04089,4811549.5675,-80.442217,43.455501,Intersection related,2,P.D. only,Not on roadway - right side,unknown,unknown,SMV other,Unknown,"Dark, artificial","08 - Dark, artificial",Municipal (excl. Twp. Rd.),No control,unknown,0,0,0,False,False,False,Clear,,False,TECUMSEH CRES; MONTCALM DR ; Near; 5 M,3/4/2020 10:13:35 AM,,
45075,16-069605,1459598400000,2016,4,2,12,0,0,Saturday,539971.48765,4810991.03224,-80.50598,43.450765,Intersection related,2,P.D. only,Thru lane,unknown,unknown,Rear end,Unknown,Daylight,01 - Daylight,Municipal (excl. Twp. Rd.),Stop sign,Functioning,0,0,0,False,False,False,Clear,,False,STEWART ST; PARK ST; Near,3/4/2020 10:13:34 AM,,
45076,16-069611,1459604640000,2016,4,2,13,44,0,Saturday,541669.84011,4804019.02704,-80.485522,43.387896,Intersection related,1,Non-fatal injury,Thru lane,unknown,unknown,Rear end,Unknown,Daylight,01 - Daylight,Regional municipality,Stop sign,Functioning,0,0,0,False,False,False,Clear,,False,SEABROOK DR; WOODBINE AVE,3/4/2020 10:13:34 AM,,
45077,16-069712,1459611840000,2016,4,2,15,44,0,Saturday,539620.14333,4809617.46559,-80.51042199999999,43.438416,At/near private drive,1,Non-fatal injury,Thru lane,unknown,unknown,Turning movement,Unknown,Daylight,01 - Daylight,Municipal (excl. Twp. Rd.),No control,unknown,0,0,0,False,False,False,Snow,,False,LAWRENCE AVE; HIGHLAND RD W; 10 M,3/4/2020 10:13:33 AM,,
45078,16-069895,1459627320000,2016,4,2,20,2,0,Saturday,545273.26487,4806433.25505,-80.440834,43.409425,At intersection,1,Non-fatal injury,Within intersection,unknown,unknown,Angle,Stop sign,Dark,07 - Dark,Municipal (excl. Twp. Rd.),Stop sign,Functioning,0,1,0,False,False,False,Snow,,False,WABANAKI DR; WILSON AVE,3/4/2020 10:13:32 AM,,
45079,16-070229,1459676700000,2016,4,3,9,45,0,Sunday,541450.75239,4812107.47288,-80.487613,43.460736999999995,At intersection,2,P.D. only,Within intersection,unknown,unknown,Angle,Unknown,Daylight,01 - Daylight,Municipal (excl. Twp. Rd.),Stop sign,Functioning,0,0,0,False,False,False,Clear,,False,ST LEGER ST; LOUISA ST,3/4/2020 10:13:32 AM,,
45080,16-070548,1459713240000,2016,4,3,19,54,0,Sunday,545433.50712,4808344.48293,-80.438696,43.426624,Intersection related,1,Non-fatal injury,Thru lane,unknown,unknown,Rear end,Unknown,"Dark, artificial","08 - Dark, artificial",Municipal (excl. Twp. Rd.),Stop sign,Functioning,0,0,0,False,False,False,Snow,,False,CEDARWOODS CRES; KINGSWAY DR,3/4/2020 10:13:31 AM,,
45081,16-070883,1459762020000,2016,4,4,9,27,0,Monday,544611.62799,4812935.19387,-80.44847399999999,43.468008,At intersection,2,P.D. only,Within intersection,unknown,unknown,Angle,Unknown,Daylight,01 - Daylight,Municipal (excl. Twp. Rd.),Stop sign,Functioning,0,0,0,False,False,False,Snow,,False,ROTHSAY AVE; NATCHEZ RD,3/4/2020 10:13:30 AM,,
45082,16-071097,1459780800000,2016,4,4,14,40,0,Monday,543364.71061,4804712.27364,-80.464542,43.394042,Non intersection,2,P.D. only,Thru lane,unknown,unknown,Sideswipe,Unknown,Daylight,01 - Daylight,Regional municipality,No control,unknown,0,0,0,False,False,False,Clear,,False,HURON RD; TEMPLEWOOD DR ; 20 M,3/4/2020 10:13:30 AM,,
45083,16-071139,1459771200000,2016,4,4,12,0,0,Monday,547524.79194,4808488.61205,-80.412848,43.427792,Non intersection,2,P.D. only,Thru lane,unknown,unknown,SMV unattended vehicle,Unknown,Daylight,01 - Daylight,Municipal (excl. Twp. Rd.),No control,unknown,0,0,0,False,False,False,Clear,,False,CHANDOS DR; CHANDOS DR ; Near,3/4/2020 10:13:29 AM,,
45084,16-071342,1459804320000,2016,4,4,21,12,0,Monday,545050.23645,4810838.80995,-80.443225,43.449106,At intersection,1,Non-fatal injury,Within intersection,unknown,unknown,SMV other,Unknown,Dark,07 - Dark,Regional municipality,Traffic signal,Functioning,0,0,0,True,False,False,Clear,,False,RIVER RD E; HOLBORN DR,3/4/2020 10:13:28 AM,,
45085,16-071529,1459843200000,2016,4,5,8,0,0,Tuesday,540336.62047,4805512.57944,-80.50187199999999,43.401416999999995,Non intersection,2,P.D. only,Thru lane,unknown,unknown,Other,Unknown,Daylight,01 - Daylight,Municipal (excl. Twp. Rd.),No control,unknown,0,0,0,False,False,False,Clear,,False,COMMONWEALTH CRES; COMMONWEALTH ST ; 25 M,3/4/2020 10:13:28 AM,,
45086,16-071643,1459771200000,2016,4,4,12,0,0,Monday,541456.38763,4806661.28711,-80.487957,43.411699,Non intersection,2,P.D. only,Thru lane,unknown,unknown,SMV other,Unknown,Daylight,01 - Daylight,Municipal (excl. Twp. Rd.),No control,unknown,0,0,0,False,False,False,Snow,,False,UXBRIDGE CRES; 70 UXBRIDGE CRES; Near,3/4/2020 10:13:27 AM,,
45087,16-071734,1459860840000,2016,4,5,12,54,0,Tuesday,542514.28693,4813424.18718,-80.474364,43.472533,At/near private drive,2,P.D. only,Thru lane,unknown,unknown,Rear end,Unknown,Daylight,01 - Daylight,Municipal (excl. Twp. Rd.),No control,unknown,0,0,0,False,False,False,Clear,,False,RIVERBEND DR; RIVERBEND DR ; Near; 1 M,3/4/2020 10:13:26 AM,,
45088,16-071829,1459862400000,2016,4,5,13,20,0,Tuesday,544388.80285,4808346.96838,-80.451602,43.426708999999995,At/near private drive,2,P.D. only,Right shoulder,unknown,unknown,SMV unattended vehicle,Unknown,Daylight,01 - Daylight,Municipal (excl. Twp. Rd.),No control,unknown,0,0,0,False,False,False,Clear,,False,EIGHTH AVE; EIGHTH AVE ; Near,3/4/2020 10:13:26 AM,,
45089,16-072322,1459929720000,2016,4,6,8,2,0,Wednesday,536073.22741,4806975.7669,-80.554424,43.414809,Non intersection,2,P.D. only,Thru lane,unknown,unknown,Approaching,Unknown,Daylight,01 - Daylight,Regional municipality,No control,unknown,0,0,0,False,False,False,Snow,,False,TRUSSLER RD ; COSTAIN CRT ; 25 M,3/4/2020 10:13:25 AM,,
45090,16-072345,1459931400000,2016,4,6,8,30,0,Wednesday,538784.63304,4810967.2175,-80.52065,43.450613,At intersection,1,Non-fatal injury,Within intersection,unknown,unknown,Angle,Unknown,Daylight,01 - Daylight,Municipal (excl. Twp. Rd.),Stop sign,Functioning,0,0,0,False,False,False,Snow,,False,GLASGOW ST; DUNBAR RD,3/4/2020 10:13:24 AM,,
45091,16-072386,1459934160000,2016,4,6,9,16,0,Wednesday,539629.91564,4805623.5641,-80.51059099999999,43.402454,Non intersection,2,P.D. only,Thru lane,unknown,unknown,Rear end,Unknown,Daylight,01 - Daylight,Municipal (excl. Twp. Rd.),No control,unknown,0,0,0,False,False,False,Clear,,False,ACTIVA AVE; SWEET WILLIAM ST; 8 M,3/4/2020 10:13:23 AM,,
45092,16-072410,1459932300000,2016,4,6,8,45,0,Wednesday,540570.73993,4812709.4016,-80.498446,43.466204999999995,At intersection,2,P.D. only,Within intersection,unknown,unknown,Turning movement,Stop sign,Daylight,01 - Daylight,Municipal (excl. Twp. Rd.),Yield sign,Functioning,0,0,0,False,False,False,Snow,,False,MARGARET AVE; UNION ST,3/4/2020 10:13:23 AM,,
45093,16-072432,1459937580000,2016,4,6,10,13,0,Wednesday,544039.00724,4804243.18398,-80.456254,43.389779,Non intersection,1,Non-fatal injury,Thru lane,unknown,unknown,SMV other,Unknown,Daylight,01 - Daylight,Municipal (excl. Twp. Rd.),No control,unknown,0,0,0,False,False,False,Snow,,False,BIEHN DR ; MCLEOD CRT ; At; 100 M,3/4/2020 10:13:22 AM,,
45094,16-072613,1459954020000,2016,4,6,14,47,0,Wednesday,540351.94779,4811462.86634,-80.501243,43.454992999999995,At intersection,1,Non-fatal injury,Within intersection,unknown,unknown,Angle,Unknown,Daylight,01 - Daylight,Municipal (excl. Twp. Rd.),Traffic signal,Functioning,0,0,1,False,False,False,Clear,,False,WELLINGTON ST N; MOORE AVE,3/4/2020 10:13:22 AM,,
45095,16-072994,1460002140000,2016,4,7,4,9,0,Thursday,541894.49907,4804323.7225,-80.482725,43.390626999999995,Non intersection,2,P.D. only,Thru lane,unknown,unknown,SMV unattended vehicle,Unknown,Dark,07 - Dark,Municipal (excl. Twp. Rd.),No control,unknown,0,0,0,False,False,False,Rain,,False,SORRENTO ST; POMPEII ST ; 10 M,3/4/2020 10:13:21 AM,,
45096,16-073002,1460004720000,2016,4,7,4,52,0,Thursday,543884.91693,4805121.56157,-80.458086,43.397697,At/near private drive,2,P.D. only,Thru lane,unknown,unknown,SMV unattended vehicle,Unknown,Dark,07 - Dark,Municipal (excl. Twp. Rd.),No control,unknown,0,0,0,False,False,False,Rain,,False,OLD HURON RD; OLD HURON RD ; At; 3 M,3/4/2020 10:13:20 AM,,
45097,16-073038,1460016060000,2016,4,7,8,1,0,Thursday,543070.19982,4804908.18834,-80.46816299999999,43.395823,At/near private drive,2,P.D. only,Thru lane,unknown,unknown,Turning movement,Unknown,Daylight,01 - Daylight,Municipal (excl. Twp. Rd.),No control,unknown,0,0,0,False,False,False,Rain,,False,STRASBURG RD; STRASBURG RD ; NEAR; 3 M,3/4/2020 10:13:19 AM,,
45098,16-073317,1460039220000,2016,4,7,14,27,0,Thursday,542073.98084,4809220.29136,-80.480132,43.434706,Non intersection,2,P.D. only,Thru lane,unknown,unknown,SMV unattended vehicle,Unknown,Daylight,01 - Daylight,Municipal (excl. Twp. Rd.),No control,unknown,0,0,0,False,False,False,Clear,,False,MILL ST; OTTAWA ST S; 200 M,3/4/2020 10:13:19 AM,,
45099,16-073549,1460019600000,2016,4,7,9,0,0,Thursday,538312.16936,4806651.70401,-80.526792,43.41178,Non intersection,2,P.D. only,Thru lane,unknown,unknown,SMV unattended vehicle,Unknown,Daylight,01 - Daylight,Municipal (excl. Twp. Rd.),No control,unknown,0,0,0,False,False,False,Clear,,False,DAHLIA ST; PROSPERITY DR ; 100 M,3/4/2020 10:13:18 AM,,
45100,16-073687,1460073960000,2016,4,8,0,6,0,Friday,541048.32086,4807100.92579,-80.492964,43.415679999999995,Non intersection,1,Non-fatal injury,Not on roadway - right side,unknown,unknown,SMV other,Unknown,Dark,07 - Dark,Municipal (excl. Twp. Rd.),No control,unknown,0,0,0,False,False,False,Snow,,False,LAURENTIAN DR; BLACKHORNE DR ; Near; 28 M,3/4/2020 10:13:17 AM,,
45101,16-074180,1460133300000,2016,4,8,16,35,0,Friday,543071.29668,4805498.03944,-80.468103,43.401134,Intersection related,2,P.D. only,Thru lane,unknown,unknown,Rear end,Unknown,Daylight,01 - Daylight,Municipal (excl. Twp. Rd.),Stop sign,Functioning,0,0,0,False,False,False,Clear,,False,TRILLIUM DR; STRASBURG RD; Near,3/4/2020 10:13:17 AM,,
45102,16-074302,1460140200000,2016,4,8,18,30,0,Friday,537335.36003,4808650.97588,-80.53872,43.429831,Non intersection,2,P.D. only,Thru lane,unknown,unknown,Sideswipe,Unknown,Daylight,01 - Daylight,Municipal (excl. Twp. Rd.),No control,unknown,0,0,0,False,False,False,Clear,,False,HIDDEN CREEK DR; HIDDEN CREEK DR ; At,3/4/2020 10:13:16 AM,,
45103,16-074573,1460175600000,2016,4,9,4,20,0,Saturday,543741.5638,4805598.30494,-80.459818,43.401998,Non intersection,2,P.D. only,Not on roadway - left side,unknown,unknown,SMV other,Unknown,Dark,07 - Dark,Private property,No control,unknown,0,0,0,False,False,False,Clear,,False,TRILLIUM DR ; TRILLIUM DR; At; 3 M,3/4/2020 10:13:15 AM,,
45104,16-075326,1460273880000,2016,4,10,7,38,0,Sunday,538743.28801,4810192.55224,-80.521216,43.443639999999995,Non intersection,2,P.D. only,Right shoulder,unknown,unknown,SMV unattended vehicle,Unknown,Daylight,01 - Daylight,Municipal (excl. Twp. Rd.),No control,unknown,0,0,0,False,False,False,Clear,,False,BRYBECK CRES; BRYBECK CRES ; At; 5 M,3/4/2020 10:13:15 AM,,
45105,16-075911,1460322000000,2016,4,10,21,0,0,Sunday,545079.53435,4807919.85134,-80.44310399999999,43.422822,At/near private drive,2,P.D. only,Thru lane,unknown,unknown,Turning movement,Unknown,Dark,07 - Dark,Municipal (excl. Twp. Rd.),No control,unknown,0,0,0,False,False,False,Freezing Rain,,False,KINGSWAY DR; KINGSWAY DR ; Near,3/4/2020 10:13:14 AM,,
45106,16-076176,1459933200000,2016,4,6,9,0,0,Wednesday,549488.70448,4806211.39802,-80.388792,43.407160999999995,At intersection,2,P.D. only,Within intersection,unknown,unknown,SMV other,Unknown,Daylight,01 - Daylight,Municipal (excl. Twp. Rd.),Stop sign,Functioning,0,0,0,False,False,False,Snow,,False,TU LANE ST ; GATEWAY PARK DR ; At,3/4/2020 10:13:13 AM,,
45107,16-076268,1460385900000,2016,4,11,14,45,0,Monday,539273.62084,4808933.52555,-80.514753,43.432275999999995,At/near private drive,2,P.D. only,Thru lane,unknown,unknown,Other,Unknown,Daylight,01 - Daylight,Municipal (excl. Twp. Rd.),No control,unknown,0,0,0,False,False,False,Clear,,False,CECILE DR; CECILE DR; At,3/4/2020 10:13:12 AM,,
45108,16-076337,1460394900000,2016,4,11,17,15,0,Monday,539831.90986,4811142.1377,-80.507694,43.452132999999996,Intersection related,2,P.D. only,Thru lane,unknown,unknown,Rear end,Unknown,Daylight,01 - Daylight,Municipal (excl. Twp. Rd.),Traffic signal,Functioning,0,0,0,False,False,False,Clear,,False,PARK ST; DOMINION ST ; At,3/4/2020 10:13:11 AM,,
45109,16-076668,1460450460000,2016,4,12,8,41,0,Tuesday,544873.77026,4813509.57407,-80.44518599999999,43.473164,Non intersection,1,Non-fatal injury,Not on roadway - right side,unknown,unknown,SMV other,Unknown,Daylight,01 - Daylight,Municipal (excl. Twp. Rd.),No control,unknown,0,0,0,False,False,False,Clear,,False,BINGEMANS CENTRE DR; BINGEMANS CENTRE DRIVE; Near; 20 M,3/4/2020 10:13:11 AM,,
45110,16-076852,1460467860000,2016,4,12,13,31,0,Tuesday,539102.49104,4809231.50666,-80.516846,43.434968,At/near private drive,2,P.D. only,Thru lane,unknown,unknown,Rear end,Unknown,Daylight,01 - Daylight,Municipal (excl. Twp. Rd.),Traffic signal,Functioning,0,0,0,False,False,False,Clear,,False,HIGHLAND RD W; 563 HIGHLAND RD W; Near; 16 M,3/4/2020 10:13:10 AM,,