OBJECTID,ACCIDENTNUM,ACCIDENTDATE,ACCIDENT_YEAR,ACCIDENT_MONTH,ACCIDENT_DAY,ACCIDENT_HOUR,ACCIDENT_MINUTE,ACCIDENT_SECOND,ACCIDENT_WEEKDAY,XCOORD,YCOORD,LONGITUDE,LATITUDE,ACCIDENTLOCATION,COLLISIONTYPE,CLASSIFICATIONOFACCIDENT,IMPACTLOCATION,INITIALDIRECTIONOFTRAVELONE,INITIALDIRECTIONOFTRAVELTWO,INITIALIMPACTTYPE,INTTRAFFICCONTROL,LIGHT,LIGHTFORREPORT,ROADJURISDICTION,TRAFFICCONTROL,TRAFFICCONTROLCONDITION,THRULANENO,NORTHBOUNDDISOBEYCOUNT,SOUTHBOUNDDISOBEYCOUNT,PEDESTRIANINVOLVED,CYCLISTINVOLVED,MOTORCYCLISTINVOLVED,ENVIRONMENTCONDITION1,ENVIRONMENTCONDITION2,SELFREPORTED,XMLIMPORTNOTES,LASTEDITEDDATE,CREATE_BY,CREATE_DATE
45111,16-076876,1460334600000,2016,4,11,0,30,0,Monday,545983.12158,4805446.27286,-80.43215,43.400495,Non intersection,2,P.D. only,Thru lane,unknown,unknown,SMV unattended vehicle,Unknown,"Dark, artificial","08 - Dark, artificial",Municipal (excl. Twp. Rd.),No control,unknown,0,0,0,False,False,False,Freezing Rain,,False,GREEN VALLEY DR; MILL PARK DR; Near,3/4/2020 10:13:09 AM,,
45112,16-076965,1460212200000,2016,4,9,14,30,0,Saturday,541453.14837,4810823.39346,-80.487681,43.449175,Non intersection,2,P.D. only,Thru lane,unknown,unknown,Rear end,Unknown,Daylight,01 - Daylight,Regional municipality,No control,unknown,0,0,0,False,False,False,Clear,,False,KING ST E; FREDERICK ST,3/4/2020 10:13:09 AM,,
45113,16-077333,1460522820000,2016,4,13,4,47,0,Wednesday,544486.31422,4806103.72384,-80.45058,43.406504999999996,At intersection,2,P.D. only,Within intersection,unknown,unknown,Turning movement,Unknown,"Dark, artificial","08 - Dark, artificial",Municipal (excl. Twp. Rd.),Stop sign,Functioning,0,0,0,False,False,False,Clear,,False,SASAGA DR; OTONABEE DR,3/4/2020 10:13:08 AM,,
45114,16-077446,1458475200000,2016,3,20,12,0,0,Sunday,542185.13995,4810727.97906,-80.478642,43.448274999999995,Non intersection,2,P.D. only,Thru lane,unknown,unknown,SMV unattended vehicle,Unknown,Daylight,01 - Daylight,Municipal (excl. Twp. Rd.),No control,unknown,0,0,0,False,False,False,Clear,,False,ROSE ST; CAMERON ST N; 75 M,3/4/2020 10:13:07 AM,,
45115,16-077557,1460506200000,2016,4,13,0,10,0,Wednesday,538538.12143,4809716.14757,-80.52378499999999,43.439361,Non intersection,2,P.D. only,Thru lane,unknown,unknown,SMV unattended vehicle,Unknown,"Dark, artificial","08 - Dark, artificial",Municipal (excl. Twp. Rd.),No control,unknown,0,0,0,False,False,False,Clear,,False,MOOREGATE CRES; 25 MOOREGATE CR; Near,3/4/2020 10:13:07 AM,,
45116,16-077592,1460548440000,2016,4,13,11,54,0,Wednesday,540612.75211,4809911.68515,-80.49813499999999,43.441012,At/near private drive,1,Non-fatal injury,Thru lane,unknown,unknown,Turning movement,Unknown,Daylight,01 - Daylight,Municipal (excl. Twp. Rd.),Stop sign,Functioning,0,0,0,False,False,True,Clear,,False,QUEENS BLVD ; HIGHLAND RD W; NEAR; 5 M,3/4/2020 10:13:06 AM,,
45117,16-077646,1460552700000,2016,4,13,13,5,0,Wednesday,544611.65374,4812931.30685,-80.44847399999999,43.467973,Intersection related,2,P.D. only,Thru lane,unknown,unknown,Other,Unknown,Daylight,01 - Daylight,Municipal (excl. Twp. Rd.),Stop sign,Functioning,0,0,0,False,False,False,Clear,,False,ROTHSAY AVE ; NATCHEZ RD ; Near; 10 M,3/4/2020 10:13:06 AM,,
45118,16-077974,1460494800000,2016,4,12,21,0,0,Tuesday,537605.10054,4810050.50301,-80.535291,43.442419,Intersection related,2,Non-reportable,Right shoulder,unknown,unknown,SMV unattended vehicle,Unknown,"Dark, artificial","08 - Dark, artificial",Municipal (excl. Twp. Rd.),Stop sign,Functioning,0,0,0,False,False,False,Clear,,False,GALLARNO CRT ; WESTWOOD DR ; Near; 27.9 M,3/4/2020 10:13:05 AM,,
45119,16-078423,1460628600000,2016,4,14,10,10,0,Thursday,541068.0,4811108.0,0.0,0.0,At/near private drive,2,P.D. only,Thru lane,unknown,unknown,Turning movement,Unknown,Daylight,01 - Daylight,Municipal (excl. Twp. Rd.),No control,unknown,0,0,0,False,False,False,Clear,,False,ALEXANDER AVE; 3 ALEXANDER AVE; Near,3/4/2020 10:13:04 AM,,
45120,16-078611,1460645460000,2016,4,14,14,51,0,Thursday,540187.60712,4811492.98157,-80.503272,43.455273,At/near private drive,2,P.D. only,Thru lane,unknown,unknown,Other,Unknown,Daylight,01 - Daylight,Municipal (excl. Twp. Rd.),No control,unknown,0,0,0,False,False,False,Clear,,False,LOUISA ST; 32 LOUISA ST ; At; 3 M,3/4/2020 10:13:04 AM,,
45121,16-078625,1460646480000,2016,4,14,15,8,0,Thursday,545134.37794,4807611.35523,-80.442452,43.420041,At/near private drive,2,P.D. only,Thru lane,unknown,unknown,Turning movement,Unknown,Daylight,01 - Daylight,Regional municipality,No control,unknown,0,0,0,False,False,False,Clear,,False,WILSON AVE ; FAIRWAY RD S; At; 50 M,3/4/2020 10:13:03 AM,,
45122,16-079208,1460708400000,2016,4,15,8,20,0,Friday,541539.30576,4803987.34836,-80.48713599999999,43.387617999999996,At/near private drive,2,P.D. only,Thru lane,unknown,unknown,Turning movement,Unknown,Daylight,01 - Daylight,Municipal (excl. Twp. Rd.),No control,unknown,0,0,0,False,False,False,Clear,,False,SEABROOK DR; 49 SEABROOK DR; Near,3/4/2020 10:13:02 AM,,
45123,16-079353,1460685600000,2016,4,15,2,0,0,Friday,538555.50039,4806943.73402,-80.523766,43.414397,Non intersection,2,P.D. only,Right shoulder,unknown,unknown,SMV unattended vehicle,Unknown,Dark,07 - Dark,Municipal (excl. Twp. Rd.),No control,unknown,0,0,0,False,False,False,Clear,,False,WINDFLOWER CRES; WINDFLOWER CRES ; At,3/4/2020 10:13:02 AM,,
45124,16-079603,1460747700000,2016,4,15,19,15,0,Friday,541993.61237,4813038.53427,-80.480831,43.46909,At intersection,2,P.D. only,Within intersection,unknown,unknown,Angle,Unknown,Daylight,01 - Daylight,Municipal (excl. Twp. Rd.),Stop sign,Functioning,0,0,0,False,False,False,Clear,,False,ARNOLD ST; MAPLE AVE,3/4/2020 10:13:01 AM,,
45125,16-079642,1460737800000,2016,4,15,16,30,0,Friday,542633.84586,4806728.81666,-80.47340899999999,43.412240999999995,Intersection related,2,Non-reportable,Thru lane,unknown,unknown,Rear end,Unknown,Daylight,01 - Daylight,Municipal (excl. Twp. Rd.),Stop sign,Functioning,0,0,0,False,False,False,Clear,,False,OLD COUNTRY DR ; OLD COUNTRY PL ; At,3/4/2020 10:13:00 AM,,
45126,16-080315,1460830140000,2016,4,16,18,9,0,Saturday,541797.88661,4810621.39111,-80.483436,43.447337,Intersection related,1,Non-fatal injury,Thru lane,unknown,unknown,Rear end,Unknown,Daylight,01 - Daylight,Regional municipality,Traffic signal,Functioning,0,0,0,False,False,False,Clear,,False,KING ST E; CEDAR ST N; 20 M,3/4/2020 10:12:59 AM,,
45127,16-080390,1460835480000,2016,4,16,19,38,0,Saturday,543756.28077,4809222.33318,-80.459346,43.434628,Intersection related,2,P.D. only,Left turn lane,unknown,unknown,Turning movement,Unknown,Daylight,01 - Daylight,Municipal (excl. Twp. Rd.),Stop sign,Functioning,0,0,0,False,False,False,Clear,,False,DIXON ST; ECKERT ST,3/4/2020 10:12:59 AM,,
45128,16-080959,1460904240000,2016,4,17,14,44,0,Sunday,541262.88945,4810365.09745,-80.490067,43.445059,At/near private drive,2,P.D. only,Thru lane,unknown,unknown,SMV unattended vehicle,Unknown,Daylight,01 - Daylight,Municipal (excl. Twp. Rd.),No control,unknown,0,0,0,False,False,False,Clear,,False,HEBEL PL; HEBEL PL ; Near; 10 M,3/4/2020 10:12:58 AM,,
45129,16-081216,1460922900000,2016,4,17,19,55,0,Sunday,545563.68075,4805440.31983,-80.43733,43.400467,Overpass or bridge,2,P.D. only,Right shoulder,unknown,unknown,SMV other,Unknown,"Dark, artificial","08 - Dark, artificial",Regional municipality,No control,unknown,0,0,0,False,False,False,Clear,,False,HURON RD; HURON RD ; 20 M,3/4/2020 10:12:57 AM,,
45130,16-081324,1460932200000,2016,4,17,22,30,0,Sunday,540306.398,4805624.01458,-80.502237,43.402422,Non intersection,2,P.D. only,Not on roadway - right side,unknown,unknown,SMV other,Unknown,"Dark, artificial","08 - Dark, artificial",Municipal (excl. Twp. Rd.),No control,unknown,0,0,0,False,False,False,Clear,,False,COMMONWEALTH ST; COMMONWEALTH ST ; At; 5 M,3/4/2020 10:12:57 AM,,
45131,16-081504,1460966940000,2016,4,18,8,9,0,Monday,542866.26281,4810784.25273,-80.47022,43.448743,At intersection,2,P.D. only,Within intersection,unknown,unknown,Angle,Unknown,Daylight,01 - Daylight,Regional municipality,Stop sign,Functioning,0,0,0,False,False,False,Clear,,False,EAST AVE; STIRLING AVE N,3/4/2020 10:12:56 AM,,
45132,16-081529,1460920200000,2016,4,17,19,10,0,Sunday,544845.69383,4804832.22861,-80.446246,43.395035,At/near private drive,1,Non-fatal injury,Thru lane,unknown,unknown,Turning movement,Unknown,Daylight,01 - Daylight,Municipal (excl. Twp. Rd.),No control,unknown,0,0,0,False,False,False,Clear,,False,PIONEER DR; 468 PIONEER DR,3/4/2020 10:12:55 AM,,
45133,16-081552,1460970960000,2016,4,18,9,16,0,Monday,540172.49987,4809411.49457,-80.50361199999999,43.436532,At intersection,1,Non-fatal injury,Within intersection,unknown,unknown,Angle,Unknown,Daylight,01 - Daylight,Municipal (excl. Twp. Rd.),Traffic signal,Functioning,0,1,0,False,False,False,Clear,,False,BELMONT AVE E; QUEENS BLVD,3/4/2020 10:12:55 AM,,
45134,16-081906,1460993400000,2016,4,18,15,30,0,Monday,547438.87254,4804634.37472,-80.414244,43.393094,Non intersection,2,P.D. only,Thru lane,unknown,unknown,SMV unattended vehicle,Unknown,Daylight,01 - Daylight,Municipal (excl. Twp. Rd.),No control,unknown,0,0,0,False,False,False,Clear,,False,PINNACLE DR; PINNACLE DR ; Near,3/4/2020 10:12:54 AM,,
45135,16-082251,1461049320000,2016,4,19,7,2,0,Tuesday,543629.7008,4806981.29212,-80.461089,43.414457,Non intersection,2,P.D. only,Thru lane,unknown,unknown,SMV other,Unknown,Daylight,01 - Daylight,Municipal (excl. Twp. Rd.),No control,unknown,0,0,0,False,False,False,Clear,,False,FALLOWFIELD DR; ANASTASIA DR; Near; 20 M,3/4/2020 10:12:53 AM,,
45136,16-082283,1461052740000,2016,4,19,7,59,0,Tuesday,540327.09002,4805549.06135,-80.501987,43.401745999999996,At/near private drive,2,P.D. only,Thru lane,unknown,unknown,SMV unattended vehicle,Unknown,Daylight,01 - Daylight,Municipal (excl. Twp. Rd.),No control,unknown,0,0,0,False,False,False,Clear,,False,COMMONWEALTH ST; COMMONWEALTH ST ; At; 1 M,3/4/2020 10:12:53 AM,,
45137,16-082721,1461076800000,2016,4,19,14,40,0,Tuesday,541524.61664,4808756.87123,-80.486955,43.430564,At/near private drive,2,P.D. only,Thru lane,unknown,unknown,Other,Unknown,Daylight,01 - Daylight,Municipal (excl. Twp. Rd.),No control,unknown,0,0,0,False,False,False,Clear,,False,HOFFMAN ST ; 492 HIGHLAND RD E; At,3/4/2020 10:12:52 AM,,
45138,16-082723,1457170200000,2016,3,5,9,30,0,Saturday,536164.82335,4808767.43119,-80.553174,43.430937,Non intersection,2,P.D. only,Thru lane,unknown,unknown,SMV unattended vehicle,Unknown,Daylight,01 - Daylight,Municipal (excl. Twp. Rd.),No control,unknown,0,0,0,False,False,False,Clear,,False,HUCK CRES; HUCK CRES; Near,3/4/2020 10:12:52 AM,,
45139,16-083582,1461175860000,2016,4,20,18,11,0,Wednesday,540272.00708,4809580.67865,-80.50237,43.43805,At/near private drive,2,P.D. only,Thru lane,unknown,unknown,Sideswipe,Unknown,Dusk,05 - Dusk,Regional municipality,Traffic signal,Functioning,0,0,0,False,False,False,Clear,,False,QUEENS BLVD; QUEENS BLVD ; At; 10 M,3/4/2020 10:12:51 AM,,
45140,16-084115,1461240600000,2016,4,21,12,10,0,Thursday,541068.0,4811108.0,0.0,0.0,Non intersection,1,Non-fatal injury,Not on roadway - left side,unknown,unknown,SMV other,Unknown,Daylight,01 - Daylight,Regional municipality,Traffic signal,Functioning,0,0,0,False,False,False,Rain,,False,KEATS WAY ; FISCHER HALLMAN RD; Near; 15 M,3/4/2020 10:12:50 AM,,
45141,16-084387,1461259800000,2016,4,21,17,30,0,Thursday,538784.62793,4810968.10596,-80.52065,43.450621,At intersection,2,P.D. only,Within intersection,unknown,unknown,Turning movement,Unknown,Daylight,01 - Daylight,Municipal (excl. Twp. Rd.),Stop sign,Functioning,0,0,0,False,False,False,Rain,,False,GLASGOW ST; DUNBAR RD,3/4/2020 10:12:49 AM,,
45142,16-084881,1461325140000,2016,4,22,11,39,0,Friday,544129.68167,4803889.71368,-80.455163,43.386590999999996,At/near private drive,2,P.D. only,Thru lane,unknown,unknown,Rear end,Unknown,Daylight,01 - Daylight,Municipal (excl. Twp. Rd.),No control,unknown,0,0,0,False,False,False,Clear,,False,CARYNDALE DR; CARYNDALE DR ; At; 9 M,3/4/2020 10:12:49 AM,,
45143,16-085295,1461359100000,2016,4,22,21,5,0,Friday,542530.84932,4815961.95648,-80.473961,43.495382,Non intersection,2,P.D. only,Right shoulder,unknown,unknown,SMV unattended vehicle,Unknown,"Dark, artificial","08 - Dark, artificial",Municipal (excl. Twp. Rd.),No control,unknown,0,0,0,False,False,False,Clear,,False,FALCONRIDGE DR; RIVERLINK WAY ; 100 M,3/4/2020 10:12:48 AM,,
45144,16-085566,1461385380000,2016,4,23,4,23,0,Saturday,543074.8537,4812798.47015,-80.467483,43.466867,Intersection related,2,P.D. only,Not on roadway - right side,unknown,unknown,SMV other,Unknown,Dark,07 - Dark,Municipal (excl. Twp. Rd.),Stop sign,Functioning,0,0,0,False,False,False,Clear,,False,RIVERBEND DR ; WELLINGTON ST N; At,3/4/2020 10:12:47 AM,,
45145,16-085870,1461344400000,2016,4,22,17,0,0,Friday,536745.26004,4807871.42566,-80.54606299999999,43.422841,At/near private drive,2,P.D. only,Thru lane,unknown,unknown,Other,Unknown,Daylight,01 - Daylight,Municipal (excl. Twp. Rd.),No control,unknown,0,0,0,False,False,False,Clear,,False,NEWBURY DR; NEWBURY DR ; At,3/4/2020 10:12:47 AM,,
45146,16-085942,1461426900000,2016,4,23,15,55,0,Saturday,541068.0,4811108.0,0.0,0.0,Non intersection,2,P.D. only,Right shoulder,unknown,unknown,SMV unattended vehicle,Unknown,Daylight,01 - Daylight,Municipal (excl. Twp. Rd.),No control,unknown,0,0,0,False,False,False,Clear,,False,WEST OAK TRAIL; LUDOLPH ST ; Near; 105 M,3/4/2020 10:12:46 AM,,
45147,16-086063,1461436800000,2016,4,23,18,40,0,Saturday,544740.39192,4809036.31942,-80.44720199999999,43.432894999999995,Non intersection,2,P.D. only,Thru lane,unknown,unknown,Rear end,Unknown,Daylight,01 - Daylight,Municipal (excl. Twp. Rd.),No control,unknown,0,0,0,False,False,False,Clear,,False,KINGSWAY DR; EIGHTH AVE ; 100 M,3/4/2020 10:12:45 AM,,
45148,16-086462,1461485400000,2016,4,24,8,10,0,Sunday,544054.08684,4809673.73901,-80.45563,43.438674999999996,Non intersection,2,P.D. only,Thru lane,unknown,unknown,SMV unattended vehicle,Unknown,Other,99 - Other,Regional municipality,No control,unknown,0,0,0,False,False,False,Other,,False,SHANTZ LANE; PROSPECT AVE ; Near; 6 M,3/4/2020 10:12:45 AM,,
45149,16-086506,1461362400000,2016,4,22,22,0,0,Friday,538810.83487,4806693.31288,-80.52063,43.412129,Non intersection,2,P.D. only,Right shoulder,unknown,unknown,SMV unattended vehicle,Unknown,"Dark, artificial","08 - Dark, artificial",Regional municipality,No control,unknown,0,0,0,False,False,False,Clear,,False,WAKE ROBIN DR; WAKE ROBIN CRES ; 15 M,3/4/2020 10:12:44 AM,,
45150,16-086632,1461501000000,2016,4,24,12,30,0,Sunday,535480.93347,4809371.05307,-80.561584,43.436405,At intersection,2,P.D. only,Within intersection,unknown,unknown,Turning movement,Unknown,Daylight,01 - Daylight,Municipal (excl. Twp. Rd.),Yield sign,Functioning,0,0,0,False,False,False,Clear,,False,UNIVERSITY AVE W; THE BOARDWALK,3/4/2020 10:12:43 AM,,
45151,16-087437,1461600360000,2016,4,25,16,6,0,Monday,536857.60118,4809948.19807,-80.544535,43.441534999999995,At/near private drive,2,P.D. only,Not on roadway - right side,unknown,unknown,SMV other,Unknown,Daylight,01 - Daylight,Municipal (excl. Twp. Rd.),No control,unknown,0,0,0,False,False,False,Clear,,False,GLASGOW ST ; GLASGOW ST ; At; 2 M,3/4/2020 10:12:43 AM,,
45152,16-087832,1461657420000,2016,4,26,7,57,0,Tuesday,539700.78184,4811082.27954,-80.50931899999999,43.451601,At/near private drive,1,Non-fatal injury,Thru lane,unknown,unknown,Turning movement,Unknown,Daylight,01 - Daylight,Municipal (excl. Twp. Rd.),No control,unknown,0,0,0,False,True,False,Rain,,False,DOMINION ST; STRANGE ST; Near; 5 M,3/4/2020 10:12:42 AM,,
45153,16-087840,1461623400000,2016,4,25,22,30,0,Monday,541615.44968,4808517.7611,-80.485851,43.428405999999995,Non intersection,2,P.D. only,Left turn lane,unknown,unknown,Sideswipe,Unknown,"Dark, artificial","08 - Dark, artificial",Regional municipality,No control,unknown,0,0,0,False,False,False,Clear,,False,HOMER WATSON BLVD; W HWY 7 8 TO HOMER WATSON BLVD; Near,3/4/2020 10:12:41 AM,,
45154,16-087971,1461322800000,2016,4,22,11,0,0,Friday,540022.78612,4810936.58346,-80.50534999999999,43.450272,At/near private drive,2,P.D. only,Thru lane,unknown,unknown,Turning movement,Unknown,Daylight,01 - Daylight,Municipal (excl. Twp. Rd.),No control,unknown,0,0,0,False,False,False,Clear,,False,PARK ST; PARK ST ; At,3/4/2020 10:12:41 AM,,
45155,16-088085,1461680580000,2016,4,26,14,23,0,Tuesday,540880.12716,4810846.65986,-80.494761,43.449416,Non intersection,2,P.D. only,Not on roadway - right side,unknown,unknown,SMV other,Unknown,Daylight,01 - Daylight,Municipal (excl. Twp. Rd.),No control,unknown,0,0,0,False,False,False,Clear,,False,WATER ST S; RICHMOND AVE ; 5 M,3/4/2020 10:12:40 AM,,
45156,16-088172,1461651600000,2016,4,26,6,20,0,Tuesday,543072.26839,4805498.04564,-80.468091,43.401134,At intersection,2,P.D. only,Within intersection,unknown,unknown,Angle,Unknown,Dawn,03 - Dawn,Municipal (excl. Twp. Rd.),Stop sign,Functioning,0,0,0,False,False,False,Rain,,False,TRILLIUM DR ; STRASBURG RD,3/4/2020 10:12:39 AM,,
45157,16-088286,1461699420000,2016,4,26,19,37,0,Tuesday,544398.33519,4809186.10276,-80.451416,43.434264,Intersection related,2,P.D. only,Not on roadway - right side,unknown,unknown,SMV other,Unknown,Dusk,05 - Dusk,Municipal (excl. Twp. Rd.),Stop sign,Functioning,0,0,0,False,False,False,Clear,,False,FIFTH AVE; KINGSWAY DR; At; 0 M,3/4/2020 10:12:39 AM,,
45158,16-088595,1461745980000,2016,4,27,8,33,0,Wednesday,544057.06265,4804430.43934,-80.45601599999999,43.391464,Non intersection,2,P.D. only,Thru lane,unknown,unknown,SMV other,Unknown,Daylight,01 - Daylight,Municipal (excl. Twp. Rd.),No control,unknown,0,0,0,False,False,False,Clear,,False,BIEHN DR; MARL MEADOW DR; Near,3/4/2020 10:12:38 AM,,
45159,16-088925,1461773400000,2016,4,27,16,10,0,Wednesday,538960.15418,4806100.44538,-80.518828,43.406783,Non intersection,2,P.D. only,Thru lane,unknown,unknown,SMV other,Unknown,Daylight,01 - Daylight,Municipal (excl. Twp. Rd.),No control,unknown,0,0,0,False,False,False,Clear,,False,DAVID BERGEY DR; DAVID BERGEY DR; At; 3 M,3/4/2020 10:12:37 AM,,
45160,16-089505,1461837600000,2016,4,28,10,0,0,Thursday,540173.45382,4809414.38784,-80.5036,43.436558,At intersection,2,P.D. only,Within intersection,unknown,unknown,Turning movement,Unknown,Daylight,01 - Daylight,Municipal (excl. Twp. Rd.),Traffic signal,Functioning,0,0,0,False,False,False,Clear,,False,BELMONT AVE E; QUEENS BLVD,3/4/2020 10:12:37 AM,,
45161,16-089660,1461850200000,2016,4,28,13,30,0,Thursday,543045.86908,4812156.67902,-80.46789199999999,43.46109,Non intersection,2,P.D. only,Right shoulder,unknown,unknown,SMV unattended vehicle,Unknown,Daylight,01 - Daylight,Municipal (excl. Twp. Rd.),No control,unknown,0,0,0,False,False,False,Clear,,False,EPHRAIM ST; EPHRAIM ST ; At; 3 M,3/4/2020 10:12:36 AM,,
45162,16-089710,1461857880000,2016,4,28,15,38,0,Thursday,545126.03672,4812049.89721,-80.442188,43.460006,At intersection,1,Non-fatal injury,Within intersection,unknown,unknown,Turning movement,Unknown,Daylight,01 - Daylight,Municipal (excl. Twp. Rd.),Stop sign,Functioning,0,0,0,False,False,False,Clear,,False,CONFEDERATION DR; LORRAINE AVE; 1.5 M,3/4/2020 10:12:35 AM,,
45163,16-089733,1461859800000,2016,4,28,16,10,0,Thursday,543570.08454,4804978.14242,-80.461985,43.396423999999996,Intersection related,1,Non-fatal injury,Left turn lane,unknown,unknown,Rear end,Unknown,Daylight,01 - Daylight,Regional municipality,Traffic signal,Functioning,0,0,0,False,False,False,Clear,,False,HURON RD; BATTLER RD; At,3/4/2020 10:12:34 AM,,
45164,16-089844,1461869160000,2016,4,28,18,46,0,Thursday,546064.90384,4809491.59456,-80.430799,43.436914,At intersection,2,P.D. only,Within intersection,unknown,unknown,SMV other,Unknown,Daylight,01 - Daylight,Regional municipality,Traffic signal,Functioning,0,0,0,False,False,False,Clear,,False,RIVER RD E; KINZIE AVE,3/4/2020 10:12:33 AM,,
45165,16-090098,1461917340000,2016,4,29,8,9,0,Friday,541180.29688,4809393.25072,-80.49116099999999,43.436313,Intersection related,2,P.D. only,Left turn lane,unknown,unknown,Other,Unknown,Daylight,01 - Daylight,Regional municipality,Traffic signal,Functioning,0,0,0,False,False,False,Clear,,False,HIGHLAND RD E; STIRLING AVE S; 4 M,3/4/2020 10:12:33 AM,,
45166,16-090354,1461880800000,2016,4,28,22,0,0,Thursday,540270.80912,4811636.96949,-80.50223299999999,43.456565,Intersection related,2,P.D. only,Right shoulder,unknown,unknown,SMV unattended vehicle,Unknown,Dark,07 - Dark,Municipal (excl. Twp. Rd.),Stop sign,Functioning,0,0,0,False,False,False,Clear,,False,SHANLEY ST; MOORE AVE; At,3/4/2020 10:12:32 AM,,
45167,16-090952,1461943800000,2016,4,29,15,30,0,Friday,543004.13111,4811027.24563,-80.468497,43.450922999999996,Non intersection,2,P.D. only,Thru lane,unknown,unknown,SMV unattended vehicle,Unknown,Daylight,01 - Daylight,Municipal (excl. Twp. Rd.),No control,unknown,0,0,0,False,False,False,Clear,,False,PANDORA AVE N; PANDORA AVE N; At,3/4/2020 10:12:31 AM,,
45168,16-090965,1462007760000,2016,4,30,9,16,0,Saturday,542439.72665,4809605.85598,-80.475583,43.438157,At/near private drive,2,P.D. only,Thru lane,unknown,unknown,SMV unattended vehicle,Unknown,Daylight,01 - Daylight,Regional municipality,No control,unknown,0,0,0,False,False,False,Clear,,False,DUNDAS AVE ; OTTAWA ST S; Near; 10 M,3/4/2020 10:12:31 AM,,
45169,16-091002,1462010400000,2016,4,30,10,0,0,Saturday,545260.49902,4804508.25356,-80.44115099999999,43.392092999999996,Non intersection,2,P.D. only,Thru lane,unknown,unknown,Turning movement,Unknown,Daylight,01 - Daylight,Municipal (excl. Twp. Rd.),Traffic signal,Functioning,0,0,0,False,False,False,Clear,,False,DOON VILLAGE RD; BECHTEL DR,3/4/2020 10:12:30 AM,,
45170,16-091058,1461956400000,2016,4,29,19,0,0,Friday,541595.26638,4811434.66327,-80.485878,43.454671,Non intersection,2,P.D. only,Thru lane,unknown,unknown,SMV unattended vehicle,Unknown,"Dark, artificial","08 - Dark, artificial",Municipal (excl. Twp. Rd.),No control,unknown,0,0,0,False,False,False,Clear,,False,MARGARET AVE; 11 MARGARET ; At,3/4/2020 10:12:29 AM,,
45171,16-091186,1462023000000,2016,4,30,13,30,0,Saturday,541949.62554,4806544.49988,-80.48187399999999,43.41062,At/near private drive,2,P.D. only,Thru lane,unknown,unknown,Angle,Unknown,Daylight,01 - Daylight,Municipal (excl. Twp. Rd.),No control,unknown,0,0,0,False,False,False,Clear,,False,TUERR DR; 101 TUERR DR,3/4/2020 10:12:29 AM,,
45172,16-091391,1462031100000,2016,4,30,15,45,0,Saturday,547905.57774,4810729.99727,-80.407947,43.447949,At/near private drive,2,Non-reportable,Thru lane,unknown,unknown,SMV unattended vehicle,Unknown,Daylight,01 - Daylight,Municipal (excl. Twp. Rd.),No control,unknown,0,0,0,False,False,False,Clear,,False,COLTON CIR; COLTON CIR; At,3/4/2020 10:12:28 AM,,
45173,16-091625,1462086000000,2016,5,1,7,0,0,Sunday,541827.19881,4806911.12939,-80.483358,43.413928,At intersection,2,P.D. only,Within intersection,unknown,unknown,Turning movement,Unknown,Daylight,01 - Daylight,Municipal (excl. Twp. Rd.),No control,unknown,0,0,0,False,False,False,Rain,,False,BLOCK LINE RD; RITTENHOUSE RD,3/4/2020 10:12:27 AM,,
45174,16-091778,1462008600000,2016,4,30,9,30,0,Saturday,542518.24607,4807561.26754,-80.474772,43.419743,Intersection related,2,P.D. only,Thru lane,unknown,unknown,Turning movement,Unknown,Daylight,01 - Daylight,Municipal (excl. Twp. Rd.),Stop sign,Functioning,0,0,0,False,False,False,Clear,,False,GRACEFIELD CRES; KINGSWOOD DR,3/4/2020 10:12:27 AM,,
45175,16-091779,1462104480000,2016,5,1,12,8,0,Sunday,544621.53856,4808638.15284,-80.448703,43.429317,At intersection,2,P.D. only,Within intersection,unknown,unknown,Angle,Unknown,Daylight,01 - Daylight,Municipal (excl. Twp. Rd.),Stop sign,Functioning,0,0,0,False,False,False,Clear,,False,CONNAUGHT ST; NINTH AVE; 1 M,3/4/2020 10:12:26 AM,,
45176,16-091826,1462109040000,2016,5,1,13,24,0,Sunday,544906.93446,4807921.69902,-80.445236,43.422849,At/near private drive,1,Non-fatal injury,Thru lane,unknown,unknown,Rear end,Unknown,Daylight,01 - Daylight,Municipal (excl. Twp. Rd.),No control,unknown,0,0,0,False,False,False,Clear,,False,WILSON AVE; WILSON AVE ; At; 1 M,3/4/2020 10:12:25 AM,,
45177,16-092090,1462138560000,2016,5,1,21,36,0,Sunday,547508.38253,4808313.01782,-80.413066,43.426212,Non intersection,2,P.D. only,Thru lane,unknown,unknown,Sideswipe,Unknown,Daylight,01 - Daylight,Municipal (excl. Twp. Rd.),No control,unknown,0,0,0,False,False,False,Clear,,False,MORRISON RD; MANOR DR ; 17 M,3/4/2020 10:12:25 AM,,
45178,16-092092,1462138800000,2016,5,1,21,40,0,Sunday,541662.93295,4810409.09469,-80.48512,43.445433,Intersection related,2,P.D. only,Within intersection,unknown,unknown,Angle,Unknown,Dark,07 - Dark,Municipal (excl. Twp. Rd.),Stop sign,Functioning,0,0,0,False,False,False,Rain,,False,CHURCH ST; CEDAR ST S; At,3/4/2020 10:12:24 AM,,