OBJECTID,ACCIDENTNUM,ACCIDENTDATE,ACCIDENT_YEAR,ACCIDENT_MONTH,ACCIDENT_DAY,ACCIDENT_HOUR,ACCIDENT_MINUTE,ACCIDENT_SECOND,ACCIDENT_WEEKDAY,XCOORD,YCOORD,LONGITUDE,LATITUDE,ACCIDENTLOCATION,COLLISIONTYPE,CLASSIFICATIONOFACCIDENT,IMPACTLOCATION,INITIALDIRECTIONOFTRAVELONE,INITIALDIRECTIONOFTRAVELTWO,INITIALIMPACTTYPE,INTTRAFFICCONTROL,LIGHT,LIGHTFORREPORT,ROADJURISDICTION,TRAFFICCONTROL,TRAFFICCONTROLCONDITION,THRULANENO,NORTHBOUNDDISOBEYCOUNT,SOUTHBOUNDDISOBEYCOUNT,PEDESTRIANINVOLVED,CYCLISTINVOLVED,MOTORCYCLISTINVOLVED,ENVIRONMENTCONDITION1,ENVIRONMENTCONDITION2,SELFREPORTED,XMLIMPORTNOTES,LASTEDITEDDATE,CREATE_BY,CREATE_DATE
45179,16-092462,1462111200000,2016,5,1,14,0,0,Sunday,539447.18321,4808222.08421,-80.51266,43.425861,At/near private drive,2,P.D. only,Thru lane,unknown,unknown,SMV unattended vehicle,Unknown,Daylight,01 - Daylight,Municipal (excl. Twp. Rd.),No control,unknown,0,0,0,False,False,False,Clear,,False,RIPPLEWOOD CRES; 115 RIPPLEWOOD CRES,3/4/2020 10:12:23 AM,,
45180,16-092660,1462208760000,2016,5,2,17,6,0,Monday,539231.51638,4810397.06206,-80.515168,43.445456,At/near private drive,2,P.D. only,Thru lane,unknown,unknown,Turning movement,Unknown,Daylight,01 - Daylight,Municipal (excl. Twp. Rd.),No control,unknown,0,0,0,False,False,False,Clear,,False,BRYBECK CRES; BRYBECK CRES ; Near; 5 M,3/4/2020 10:12:23 AM,,
45181,16-092682,1462207800000,2016,5,2,16,50,0,Monday,545793.91739,4808625.01914,-80.43422,43.429128,At intersection,2,P.D. only,Thru lane,unknown,unknown,Rear end,Unknown,Daylight,01 - Daylight,Regional municipality,No control,unknown,0,0,0,False,False,True,Clear,,False,KING ST E; MORGAN AVE,3/4/2020 10:12:22 AM,,
45182,16-093102,1460898900000,2016,4,17,13,15,0,Sunday,544994.94604,4805246.8134,-80.444369,43.398759,At/near private drive,2,P.D. only,Right shoulder,unknown,unknown,SMV unattended vehicle,Unknown,Daylight,01 - Daylight,Municipal (excl. Twp. Rd.),No control,unknown,0,0,0,False,False,False,Clear,,False,FARRIER DR; FARRIER DR ; At,3/4/2020 10:12:21 AM,,
45183,16-093363,1462201200000,2016,5,2,15,0,0,Monday,539793.05907,4809814.61735,-80.508271,43.440182,Non intersection,2,P.D. only,Right turn lane,unknown,unknown,Sideswipe,Unknown,Daylight,01 - Daylight,Municipal (excl. Twp. Rd.),Traffic signal,Functioning,0,0,0,False,False,False,Clear,,False,BELMONT AVE W; HIGHLAND RD W; Near,3/4/2020 10:12:21 AM,,
45184,16-093606,1462302600000,2016,5,3,19,10,0,Tuesday,541481.75166,4807895.77333,-80.48755,43.422813,Intersection related,2,P.D. only,Left turn lane,unknown,unknown,Rear end,Unknown,Dark,07 - Dark,Regional municipality,Traffic signal,Functioning,0,0,0,False,False,False,Clear,,False,STRASBURG RD; OTTAWA ST S; At; 8.6 M,3/4/2020 10:12:20 AM,,
45185,16-093656,1462313280000,2016,5,3,22,8,0,Tuesday,539524.84743,4810370.12161,-80.511545,43.445198,Non intersection,1,Non-fatal injury,Thru lane,unknown,unknown,SMV unattended vehicle,Unknown,"Dark, artificial","08 - Dark, artificial",Municipal (excl. Twp. Rd.),No control,unknown,0,0,0,False,False,False,Clear,,False,ADELAIDE ST; PATRICIA AVE ; Near; 60 M,3/4/2020 10:12:19 AM,,
45186,16-094267,1462380300000,2016,5,4,16,45,0,Wednesday,540797.73961,4810622.03898,-80.495796,43.447398,Non intersection,1,Non-fatal injury,Thru lane,unknown,unknown,Angle,Unknown,Daylight,01 - Daylight,Municipal (excl. Twp. Rd.),No control,unknown,0,0,0,False,True,False,Clear,,False,JUBILEE DR ; WATER ST S; Near; 21 M,3/4/2020 10:12:19 AM,,
45187,16-094496,1462403820000,2016,5,4,23,17,0,Wednesday,543114.58543,4808899.78711,-80.46730000000001,43.431760999999995,Non intersection,2,P.D. only,Not on roadway - right side,unknown,unknown,SMV other,Unknown,"Dark, artificial","08 - Dark, artificial",Regional municipality,No control,unknown,0,0,0,False,False,False,Clear,,False,CARWOOD AVE ; CARWOOD AVE; At; 5 M,3/4/2020 10:12:18 AM,,
45188,16-094963,1462457100000,2016,5,5,14,5,0,Thursday,541400.68572,4803953.17933,-80.48885,43.387318,Other,2,P.D. only,Off highway,unknown,unknown,Other,Unknown,Daylight,01 - Daylight,Private property,No control,unknown,0,0,0,False,False,False,Clear,,False,SEABROOK DR ; AMAND DR ; Near; 2 K,3/4/2020 10:12:17 AM,,
45189,16-094980,1462298400000,2016,5,3,18,0,0,Tuesday,544303.15589,4809222.90471,-80.452589,43.434601,At intersection,1,Non-fatal injury,Within intersection,unknown,unknown,Turning movement,Unknown,Daylight,01 - Daylight,Municipal (excl. Twp. Rd.),Stop sign,Functioning,0,0,0,False,False,False,Clear,,False,KINGSWAY DR; FOURTH AVE,3/4/2020 10:12:16 AM,,
45190,16-095100,1462468800000,2016,5,5,17,20,0,Thursday,541465.74769,4809537.71348,-80.487623,43.437598,At intersection,2,P.D. only,Within intersection,unknown,unknown,Turning movement,Unknown,Daylight,01 - Daylight,Municipal (excl. Twp. Rd.),Traffic signal,Functioning,0,0,0,False,False,False,Clear,,False,MILL ST; STIRLING AVE S,3/4/2020 10:12:16 AM,,
45191,16-095585,1462527000000,2016,5,6,9,30,0,Friday,542211.92011,4806200.95792,-80.478661,43.407512,At/near private drive,2,P.D. only,Right shoulder,unknown,unknown,SMV unattended vehicle,Unknown,Daylight,01 - Daylight,Municipal (excl. Twp. Rd.),No control,unknown,0,0,0,False,False,False,Clear,,False,COUNTRYSIDE CRES; COUNTRYSIDE CRES ; Near; 10 M,3/4/2020 10:12:15 AM,,
45192,16-095832,1462550280000,2016,5,6,15,58,0,Friday,542550.58509,4810143.8161,-80.474171,43.442994999999996,At/near private drive,1,Non-fatal injury,Thru lane,unknown,unknown,Angle,Unknown,Daylight,01 - Daylight,Municipal (excl. Twp. Rd.),No control,unknown,0,0,0,False,False,False,Clear,,False,KING ST E; KING ST E; At; 5 M,3/4/2020 10:12:14 AM,,
45193,16-095872,1462552200000,2016,5,6,16,30,0,Friday,545107.62348,4807726.23629,-80.442773,43.421077,Non intersection,2,P.D. only,Thru lane,unknown,unknown,Sideswipe,Unknown,Daylight,01 - Daylight,Regional municipality,No control,unknown,0,0,0,False,False,False,Clear,,False,FAIRWAY RD S; WILSON AVE; Near,3/4/2020 10:12:14 AM,,
45194,16-096612,1462632000000,2016,5,7,14,40,0,Saturday,541749.00435,4810740.25722,-80.484031,43.448409999999996,Non intersection,2,P.D. only,Thru lane,unknown,unknown,Sideswipe,Unknown,Daylight,01 - Daylight,Municipal (excl. Twp. Rd.),Stop sign,Functioning,0,0,0,False,False,False,Rain,,False,EBY ST N; MARKET LANE ; Near; 2 M,3/4/2020 10:12:13 AM,,
45195,16-096643,1462568460000,2016,5,6,21,1,0,Friday,542892.05969,4808165.36324,-80.470107,43.425160999999996,Other,2,P.D. only,Off highway,unknown,unknown,SMV unattended vehicle,Unknown,Dark,07 - Dark,Private property,No control,unknown,0,0,0,False,False,False,Clear,,False,PRIVATE PROPERTY; HAYWARD AVE ; At,3/4/2020 10:12:12 AM,,
45196,16-096725,1462645800000,2016,5,7,18,30,0,Saturday,542558.27122,4811416.13077,-80.47397699999999,43.45445,At intersection,2,P.D. only,Within intersection,unknown,unknown,Angle,Unknown,Daylight,01 - Daylight,Regional municipality,Stop sign,Functioning,0,0,0,False,False,False,Clear,,False,EAST AVE; CHAPEL ST,3/4/2020 10:12:12 AM,,
45197,16-097120,1462647600000,2016,5,7,19,0,0,Saturday,544726.71675,4807961.48372,-80.447459,43.423218,At/near private drive,2,P.D. only,Thru lane,unknown,unknown,Other,Unknown,Daylight,01 - Daylight,Municipal (excl. Twp. Rd.),No control,unknown,0,0,0,False,False,False,Clear,,False,TRAYNOR AVE; TRAYNOR AVE; Near,3/4/2020 10:12:11 AM,,
45198,16-097129,1462701660000,2016,5,8,10,1,0,Sunday,547390.97505,4803391.92518,-80.414943,43.38191,Non intersection,1,Non-fatal injury,Not on roadway - right side,unknown,unknown,SMV other,Unknown,Daylight,01 - Daylight,Township,No control,unknown,0,0,0,False,False,False,Clear,,False,PINNACLE DR; PINNACLE DR ; Near; 35 M,3/4/2020 10:12:10 AM,,
45199,16-097161,1462377600000,2016,5,4,16,0,0,Wednesday,545772.46292,4812534.82559,-80.434157,43.464332999999996,Non intersection,2,P.D. only,Thru lane,unknown,unknown,SMV unattended vehicle,Unknown,Daylight,01 - Daylight,Municipal (excl. Twp. Rd.),No control,unknown,0,0,0,False,False,False,Clear,,False,KEEWATIN AVE; KEEWATIN AVE ; Near,3/4/2020 10:12:09 AM,,
45200,16-097176,1462705740000,2016,5,8,11,9,0,Sunday,543438.46992,4808464.94908,-80.46333299999999,43.427827,At/near private drive,2,P.D. only,Right shoulder,unknown,unknown,SMV unattended vehicle,Unknown,Daylight,01 - Daylight,Municipal (excl. Twp. Rd.),No control,unknown,0,0,0,False,False,False,Clear,,False,VANIER DR; VANIER DR ; At; 8 M,3/4/2020 10:12:09 AM,,
45201,16-097233,1462711680000,2016,5,8,12,48,0,Sunday,544607.93682,4811598.75514,-80.448629,43.455974999999995,At/near private drive,2,P.D. only,Thru lane,unknown,unknown,SMV unattended vehicle,Unknown,Daylight,01 - Daylight,Municipal (excl. Twp. Rd.),No control,unknown,0,0,0,False,False,False,Clear,,False,OWEN AVE ; OWEN AVE ; At; 2 M,3/4/2020 10:12:08 AM,,
45202,16-098177,1462814400000,2016,5,9,17,20,0,Monday,537801.07457,4808769.62766,-80.532958,43.430876,Non intersection,2,P.D. only,Thru lane,unknown,unknown,Turning movement,Unknown,Daylight,01 - Daylight,Municipal (excl. Twp. Rd.),No control,unknown,0,0,0,False,False,False,Clear,,False,EASTFOREST TRAIL ; EASTFOREST TRAIL ; Near; 15 M,3/4/2020 10:12:07 AM,,
45203,16-098234,1462811700000,2016,5,9,16,35,0,Monday,539976.25379,4809258.95241,-80.50604799999999,43.435168999999995,At/near private drive,2,P.D. only,Thru lane,unknown,unknown,Turning movement,Unknown,Daylight,01 - Daylight,Municipal (excl. Twp. Rd.),No control,unknown,0,0,0,False,False,False,Clear,,False,QUEENS BLVD; QUEENS BLVD; At,3/4/2020 10:12:07 AM,,
45204,16-098937,1462899000000,2016,5,10,16,50,0,Tuesday,541759.28044,4808126.27105,-80.484104,43.424873,At/near private drive,2,P.D. only,Thru lane,unknown,unknown,Turning movement,Unknown,Daylight,01 - Daylight,Municipal (excl. Twp. Rd.),No control,unknown,0,0,0,False,False,False,Clear,,False,ALPINE RD ; OTTAWA ST S; At; 4 M,3/4/2020 10:12:06 AM,,
45205,16-098971,1462901820000,2016,5,10,17,37,0,Tuesday,539130.22726,4808984.55748,-80.516521,43.432742999999995,Non intersection,1,Non-fatal injury,Thru lane,unknown,unknown,Other,Unknown,Daylight,01 - Daylight,Municipal (excl. Twp. Rd.),No control,unknown,0,0,0,False,False,False,Clear,,False,OVERLEA CRT; OVERLEA CRT ; Near; 2 M,3/4/2020 10:12:05 AM,,
45206,16-099020,1462905180000,2016,5,10,18,33,0,Tuesday,545148.9249,4807736.06383,-80.442262,43.421163,Non intersection,2,P.D. only,Thru lane,unknown,unknown,Rear end,Unknown,Daylight,01 - Daylight,Regional municipality,No control,unknown,0,0,0,False,False,False,Clear,,False,WILSON AVE ; FAIRWAY RD S; 30 M,3/4/2020 10:12:05 AM,,
45207,16-099032,1462905600000,2016,5,10,18,40,0,Tuesday,544885.98329,4804850.82136,-80.445747,43.3952,Intersection related,1,Non-fatal injury,Thru lane,unknown,unknown,Rear end,Unknown,Daylight,01 - Daylight,Municipal (excl. Twp. Rd.),Traffic signal,Functioning,0,0,0,False,False,False,Clear,,False,DOON VILLAGE RD; PIONEER DR; Near; 50 M,3/4/2020 10:12:04 AM,,
45208,16-099135,1462915740000,2016,5,10,21,29,0,Tuesday,542140.45132,4807091.21974,-80.479475,43.415532,At/near private drive,2,P.D. only,Thru lane,unknown,unknown,Turning movement,Unknown,Dark,07 - Dark,Municipal (excl. Twp. Rd.),Traffic signal,Functioning,0,0,0,False,False,False,Clear,,False,BLOCK LINE RD ; 655 STRASBURG RD ; At; 65 M,3/4/2020 10:12:03 AM,,
45209,16-099609,1462975200000,2016,5,11,14,0,0,Wednesday,542367.27187,4810369.28159,-80.47641899999999,43.445035,Non intersection,2,P.D. only,Thru lane,unknown,unknown,SMV unattended vehicle,Unknown,Daylight,01 - Daylight,Municipal (excl. Twp. Rd.),No control,unknown,0,0,0,False,False,False,Clear,,False,STIRLING AVE N; KING ST E; Near; 50 M,3/4/2020 10:12:03 AM,,
45210,16-100644,1463078220000,2016,5,12,18,37,0,Thursday,542358.17822,4809163.09668,-80.476625,43.434174999999996,Non intersection,1,Non-fatal injury,Thru lane,unknown,unknown,Rear end,Unknown,Daylight,01 - Daylight,Municipal (excl. Twp. Rd.),No control,unknown,0,0,0,False,False,False,Clear,,False,MILL ST; MILL ST ; Near; 20 M,3/4/2020 10:12:02 AM,,
45211,16-100682,1463074500000,2016,5,12,17,35,0,Thursday,544821.07427,4805063.96094,-80.446531,43.397123,Intersection related,2,P.D. only,Thru lane,unknown,unknown,Rear end,Unknown,Daylight,01 - Daylight,Municipal (excl. Twp. Rd.),Stop sign,Functioning,0,0,0,False,False,False,Clear,,False,DOON VILLAGE RD; UPPER CANADA DR,3/4/2020 10:12:01 AM,,
45212,16-101381,1463157300000,2016,5,13,16,35,0,Friday,541224.40891,4811867.07967,-80.49042899999999,43.458585,Intersection related,1,Non-fatal injury,Thru lane,unknown,unknown,Rear end,Unknown,Daylight,01 - Daylight,Municipal (excl. Twp. Rd.),Traffic signal,Functioning,0,0,0,False,False,False,Clear,,False,WELLINGTON ST N; MARGARET AVE; 15 M,3/4/2020 10:12:00 AM,,
45213,16-101458,1463162400000,2016,5,13,18,0,0,Friday,541126.80371,4809684.68203,-80.4918,43.438939999999995,At intersection,1,Non-fatal injury,Within intersection,unknown,unknown,SMV other,Unknown,Daylight,01 - Daylight,Municipal (excl. Twp. Rd.),Stop sign,Functioning,0,0,0,True,False,False,Clear,,False,SPADINA RD E; RUSSEL ST,3/4/2020 10:12:00 AM,,
45214,16-101483,1463135400000,2016,5,13,10,30,0,Friday,538921.59794,4808769.66973,-80.519114,43.430819,At/near private drive,2,P.D. only,Thru lane,unknown,unknown,SMV unattended vehicle,Unknown,Daylight,01 - Daylight,Municipal (excl. Twp. Rd.),No control,unknown,0,0,0,False,False,False,Clear,,False,BONNYLYN DR; BONNYLYN DR ; At,3/4/2020 10:11:59 AM,,
45215,16-101490,1463167380000,2016,5,13,19,23,0,Friday,545084.9066,4811728.20708,-80.442723,43.457111999999995,Intersection related,2,P.D. only,Not on roadway - right side,unknown,unknown,SMV other,Unknown,Daylight,01 - Daylight,Municipal (excl. Twp. Rd.),Stop sign,Functioning,0,0,0,False,False,False,Clear,,False,MONTCALM DR; HUDSON CRES; Near; 21 M,3/4/2020 10:11:58 AM,,
45216,16-101751,1463190360000,2016,5,14,1,46,0,Saturday,539069.46998,4808770.41354,-80.517287,43.430817999999995,Non intersection,2,P.D. only,Not on roadway - right side,unknown,unknown,SMV other,Unknown,"Dark, artificial","08 - Dark, artificial",Municipal (excl. Twp. Rd.),No control,unknown,0,0,0,False,False,False,Clear,,False,QUEENS BLVD ; KELLY DR ; 5 M,3/4/2020 10:11:58 AM,,
45217,16-101861,1463071500000,2016,5,12,16,45,0,Thursday,541752.98264,4808450.64153,-80.484157,43.427794,Non intersection,2,Non-reportable,Thru lane,unknown,unknown,Rear end,Unknown,Daylight,01 - Daylight,Regional municipality,No control,unknown,0,0,0,False,False,False,Clear,,False,HOMER WATSON BLVD; W HWY 7 8 TO HOMER WATSON BLVD; At,3/4/2020 10:11:57 AM,,
45218,16-101992,1463225400000,2016,5,14,11,30,0,Saturday,542694.92862,4809856.91115,-80.47241,43.440402999999996,Non intersection,2,P.D. only,Thru lane,unknown,unknown,SMV unattended vehicle,Unknown,Daylight,01 - Daylight,Municipal (excl. Twp. Rd.),No control,unknown,0,0,0,False,False,False,Clear,,False,MAURICE ST; MAURICE ST ; Near; 12 M,3/4/2020 10:11:56 AM,,
45219,16-102686,1463309220000,2016,5,15,10,47,0,Sunday,541131.85123,4810502.23492,-80.491676,43.446301,Other,2,P.D. only,Off highway,unknown,unknown,SMV unattended vehicle,Unknown,Daylight,01 - Daylight,Private property,No control,unknown,0,0,0,False,False,False,Other,,False,PRIVATE DRIVE; At,3/4/2020 10:11:55 AM,,
45220,16-102703,1463252280000,2016,5,14,18,58,0,Saturday,542085.15574,4806597.76425,-80.48019599999999,43.411092,At/near private drive,2,P.D. only,Thru lane,unknown,unknown,SMV unattended vehicle,Unknown,Daylight,01 - Daylight,Municipal (excl. Twp. Rd.),No control,unknown,0,0,0,False,False,False,Clear,,False,SETTLERS DR; SETTLERS DR ; At,3/4/2020 10:11:55 AM,,
45221,16-102838,1463324100000,2016,5,15,14,55,0,Sunday,549443.80538,4806006.82506,-80.389365,43.405322,At/near private drive,2,P.D. only,Thru lane,unknown,unknown,Turning movement,Unknown,Daylight,01 - Daylight,Municipal (excl. Twp. Rd.),Traffic signal,Functioning,0,0,0,False,False,False,Clear,,False,TU LANE ST ; KING ST E; Near; 3 M,3/4/2020 10:11:54 AM,,
45222,16-102922,1463330700000,2016,5,15,16,45,0,Sunday,541370.42471,4812962.82118,-80.488541,43.468443,At intersection,2,P.D. only,Within intersection,unknown,unknown,SMV other,Unknown,Daylight,01 - Daylight,Municipal (excl. Twp. Rd.),No control,unknown,0,0,0,False,False,False,Clear,,False,EDWIN ST ; ELIZABETH ST,3/4/2020 10:11:53 AM,,
45223,16-103214,1463360400000,2016,5,16,1,0,0,Monday,542125.20168,4810569.23041,-80.479395,43.446849,Non intersection,2,P.D. only,Thru lane,unknown,unknown,SMV unattended vehicle,Unknown,"Dark, artificial","08 - Dark, artificial",Municipal (excl. Twp. Rd.),No control,unknown,0,0,0,False,False,False,Clear,,False,DUKE ST E; BETZNER AVE N; Near; 75 M,3/4/2020 10:11:53 AM,,
45224,16-103307,1463386500000,2016,5,16,8,15,0,Monday,545485.05205,4808407.13602,-80.438054,43.427185,At/near private drive,2,P.D. only,Thru lane,unknown,unknown,Turning movement,Unknown,Daylight,01 - Daylight,Municipal (excl. Twp. Rd.),No control,unknown,0,0,0,False,False,False,Clear,,False,KINGSWAY DR; KINGSWAY DR; At,3/4/2020 10:11:52 AM,,
45225,16-103536,1462966200000,2016,5,11,11,30,0,Wednesday,543233.08884,4810274.37824,-80.465727,43.444131,At/near private drive,2,P.D. only,Right shoulder,unknown,unknown,Other,Unknown,Daylight,01 - Daylight,Municipal (excl. Twp. Rd.),No control,unknown,0,0,0,False,False,False,Clear,,False,MCKENZIE AVE; MCKENZIE AVE ; At,3/4/2020 10:11:51 AM,,
45226,16-104513,1463510400000,2016,5,17,18,40,0,Tuesday,540735.63861,4810333.57051,-80.496585,43.444804,Non intersection,2,P.D. only,Thru lane,unknown,unknown,SMV unattended vehicle,Unknown,Daylight,01 - Daylight,Municipal (excl. Twp. Rd.),Stop sign,Functioning,0,0,0,False,False,False,Clear,,False,DAVID ST; SCHNEIDER AVE ; 15 M,3/4/2020 10:11:51 AM,,
45227,16-104875,1463560560000,2016,5,18,8,36,0,Wednesday,542447.47736,4807280.39274,-80.475668,43.417218,Intersection related,2,P.D. only,Thru lane,unknown,unknown,Rear end,Unknown,Daylight,01 - Daylight,Municipal (excl. Twp. Rd.),School guard,Functioning,0,0,0,False,False,False,Clear,,False,BLOCK LINE RD; COUNTRY HILL DR,3/4/2020 10:11:50 AM,,
45228,16-104973,1463508000000,2016,5,17,18,0,0,Tuesday,542505.74191,4804197.37825,-80.475188,43.389455,At/near private drive,2,P.D. only,Thru lane,unknown,unknown,Other,Unknown,Daylight,01 - Daylight,Municipal (excl. Twp. Rd.),No control,unknown,0,0,0,False,False,False,Clear,,False,PARKVALE DR; PARKVALE DR ; At,3/4/2020 10:11:49 AM,,
45229,16-105008,1463500800000,2016,5,17,16,0,0,Tuesday,537304.17061,4807616.50002,-80.539176,43.420518,At/near private drive,2,P.D. only,Thru lane,unknown,unknown,SMV unattended vehicle,Unknown,Daylight,01 - Daylight,Municipal (excl. Twp. Rd.),No control,unknown,0,0,0,False,False,False,Clear,,False,CHERRYTREE CRT; CHERRYTREE CRT ; Near,3/4/2020 10:11:49 AM,,
45230,16-105656,1463625540000,2016,5,19,2,39,0,Thursday,540780.94134,4806492.80274,-80.496312,43.410219,Non intersection,2,P.D. only,Thru lane,unknown,unknown,SMV unattended vehicle,Unknown,Dark,07 - Dark,Municipal (excl. Twp. Rd.),No control,unknown,0,0,0,False,False,False,Clear,,False,ERINBROOK DR; DUNEDIN CRT; At; 10 M,3/4/2020 10:11:48 AM,,
45231,16-106057,1463662500000,2016,5,19,12,55,0,Thursday,543216.94247,4804529.29789,-80.466381,43.392402999999995,At intersection,2,P.D. only,Within intersection,unknown,unknown,Turning movement,Unknown,Daylight,01 - Daylight,Municipal (excl. Twp. Rd.),Yield sign,Functioning,0,0,0,False,False,False,Clear,,False,HURON RD ; STRASBURG RD,3/4/2020 10:11:47 AM,,
45232,16-106060,1463669280000,2016,5,19,14,48,0,Thursday,538946.07839,4811397.1771,-80.518624,43.454476,At/near private drive,2,P.D. only,Thru lane,unknown,unknown,Turning movement,Unknown,Daylight,01 - Daylight,Municipal (excl. Twp. Rd.),No control,unknown,0,0,0,False,False,False,Clear,,False,BELMONT AVE W; BELMONT AVE W; At; 0 M,3/4/2020 10:11:47 AM,,
45233,16-106213,1463671500000,2016,5,19,15,25,0,Thursday,544304.05198,4809222.0221,-80.452578,43.434593,At intersection,2,P.D. only,Within intersection,unknown,unknown,Turning movement,Unknown,Daylight,01 - Daylight,Municipal (excl. Twp. Rd.),Stop sign,Functioning,0,0,0,False,False,False,Clear,,False,KINGSWAY DR; FOURTH AVE,3/4/2020 10:11:46 AM,,
45234,16-106224,1463683080000,2016,5,19,18,38,0,Thursday,542911.8738,4809936.47566,-80.469723,43.441106999999995,Intersection related,1,Non-fatal injury,Thru lane,unknown,unknown,Rear end,Unknown,Daylight,01 - Daylight,Regional municipality,Stop sign,Functioning,0,0,0,False,False,False,Clear,,False,SYDNEY ST N; KING ST E,3/4/2020 10:11:45 AM,,
45235,16-106252,1463685300000,2016,5,19,19,15,0,Thursday,543306.96362,4807691.33836,-80.465019,43.420868999999996,At/near private drive,2,P.D. only,Right shoulder,unknown,unknown,Turning movement,Unknown,Daylight,01 - Daylight,Municipal (excl. Twp. Rd.),Stop sign,Functioning,0,0,0,False,False,False,Clear,,False,LENNOX LEWIS WAY; BLOCK LINE RD; At; 25 M,3/4/2020 10:11:44 AM,,
45236,16-106617,1463734800000,2016,5,20,9,0,0,Friday,539619.29123,4811373.44668,-80.510305,43.454226999999996,Non intersection,2,P.D. only,Thru lane,unknown,unknown,Rear end,Unknown,Daylight,01 - Daylight,Municipal (excl. Twp. Rd.),Traffic signal,Functioning,0,0,0,False,False,False,Clear,,False,GLASGOW ST; PARK ST; Near; 15 M,3/4/2020 10:11:44 AM,,
45237,16-106953,1463762700000,2016,5,20,16,45,0,Friday,541797.47778,4808180.15008,-80.483628,43.425356,Intersection related,1,Non-fatal injury,Thru lane,unknown,unknown,Turning movement,Unknown,Daylight,01 - Daylight,Regional municipality,Traffic signal,Functioning,0,0,0,False,False,False,Clear,,False,ALPINE RD; OTTAWA ST S; 25 M,3/4/2020 10:11:43 AM,,
45238,16-107173,1463780340000,2016,5,20,21,39,0,Friday,540335.37089,4805884.40199,-80.50186,43.404765,At intersection,1,Non-fatal injury,Within intersection,unknown,unknown,Turning movement,Unknown,"Dusk, artificial","06 - Dusk, artificial",Municipal (excl. Twp. Rd.),Stop sign,Functioning,0,0,0,False,False,False,Clear,,False,MAX BECKER DR; HELENA FEASBY ST; 5 M,3/4/2020 10:11:42 AM,,
45239,16-107859,1463857320000,2016,5,21,19,2,0,Saturday,541676.80199,4807902.30625,-80.48514,43.422861,Other,1,Non-fatal injury,Off highway,unknown,unknown,SMV other,Unknown,Daylight,01 - Daylight,Private property,No control,unknown,0,0,0,True,False,False,Clear,,False,PRIVATE DRIVE; ROBERTS CRES ; At,3/4/2020 10:11:42 AM,,
45240,16-108280,1463910000000,2016,5,22,9,40,0,Sunday,545336.67931,4810742.55123,-80.43969299999999,43.448222,At/near private drive,2,P.D. only,Right shoulder,unknown,unknown,Other,Unknown,Daylight,01 - Daylight,Municipal (excl. Twp. Rd.),No control,unknown,0,0,0,False,False,False,Clear,,False,GAY CRES; 16 GAY CRES,3/4/2020 10:11:41 AM,,
45241,16-110027,1463778000000,2016,5,20,21,0,0,Friday,540036.62412,4808673.68664,-80.50534499999999,43.429896,Non intersection,2,P.D. only,Right shoulder,unknown,unknown,SMV unattended vehicle,Unknown,Dusk,05 - Dusk,Municipal (excl. Twp. Rd.),No control,unknown,0,0,0,False,False,False,Clear,,False,SHADYWOOD CRES; SHADYWOOD CRES ; Near,3/4/2020 10:11:40 AM,,
45242,16-110197,1464113640000,2016,5,24,18,14,0,Tuesday,539588.89095,4806502.03214,-80.511034,43.410365999999996,At intersection,2,P.D. only,Within intersection,unknown,unknown,Turning movement,Unknown,Daylight,01 - Daylight,Municipal (excl. Twp. Rd.),Stop sign,Functioning,0,0,0,False,False,False,Clear,,False,WILDERNESS DR; MOUNTAIN MINT CRES,3/4/2020 10:11:40 AM,,
45243,16-110990,1464197880000,2016,5,25,17,38,0,Wednesday,538996.59981,4811069.50597,-80.518023,43.451522999999995,Non intersection,1,Non-fatal injury,Thru lane,unknown,unknown,Rear end,Unknown,Daylight,01 - Daylight,Municipal (excl. Twp. Rd.),Traffic signal,Functioning,0,0,0,False,False,False,Clear,,False,GLASGOW ST; GLASGOW ST ; Near; 5 M,3/4/2020 10:11:39 AM,,
45244,16-111416,1464252240000,2016,5,26,8,44,0,Thursday,540793.69733,4811372.80071,-80.49579,43.454158,Intersection related,1,Non-fatal injury,Thru lane,unknown,unknown,Rear end,Unknown,Daylight,01 - Daylight,Regional municipality,Traffic signal,Functioning,0,0,0,False,True,False,Clear,,False,DUKE ST W; VICTORIA ST N; Near; 4 M,3/4/2020 10:11:38 AM,,
45245,16-111826,1464283740000,2016,5,26,17,29,0,Thursday,541649.87183,4809314.11606,-80.485365,43.435575,At intersection,2,P.D. only,Within intersection,unknown,unknown,Turning movement,Unknown,Daylight,01 - Daylight,Municipal (excl. Twp. Rd.),Stop sign,Functioning,0,0,0,False,False,False,Clear,,False,MILL ST; HEIMAN ST,3/7/2019 1:21:56 PM,,
45246,16-112240,1464334920000,2016,5,27,7,42,0,Friday,544657.80315,4811826.54108,-80.447994,43.458023,At intersection,2,P.D. only,Within intersection,unknown,unknown,Turning movement,Unknown,Daylight,01 - Daylight,Regional municipality,No control,unknown,0,0,0,False,False,False,Clear,,False,BAIRD AVE; LORRAINE AVE,3/4/2020 10:11:38 AM,,
45247,16-112305,1464275220000,2016,5,26,15,7,0,Thursday,541533.51757,4808862.43412,-80.486837,43.431514,At/near private drive,2,P.D. only,Right shoulder,unknown,unknown,SMV unattended vehicle,Unknown,Daylight,01 - Daylight,Municipal (excl. Twp. Rd.),No control,unknown,0,0,0,False,False,False,Clear,,False,SOUTHDALE AVE; SOUTHDALE AVE ; At; 5 M,3/4/2020 10:11:36 AM,,