OBJECTID,ACCIDENTNUM,ACCIDENTDATE,ACCIDENT_YEAR,ACCIDENT_MONTH,ACCIDENT_DAY,ACCIDENT_HOUR,ACCIDENT_MINUTE,ACCIDENT_SECOND,ACCIDENT_WEEKDAY,XCOORD,YCOORD,LONGITUDE,LATITUDE,ACCIDENTLOCATION,COLLISIONTYPE,CLASSIFICATIONOFACCIDENT,IMPACTLOCATION,INITIALDIRECTIONOFTRAVELONE,INITIALDIRECTIONOFTRAVELTWO,INITIALIMPACTTYPE,INTTRAFFICCONTROL,LIGHT,LIGHTFORREPORT,ROADJURISDICTION,TRAFFICCONTROL,TRAFFICCONTROLCONDITION,THRULANENO,NORTHBOUNDDISOBEYCOUNT,SOUTHBOUNDDISOBEYCOUNT,PEDESTRIANINVOLVED,CYCLISTINVOLVED,MOTORCYCLISTINVOLVED,ENVIRONMENTCONDITION1,ENVIRONMENTCONDITION2,SELFREPORTED,XMLIMPORTNOTES,LASTEDITEDDATE,CREATE_BY,CREATE_DATE
45248,16-112637,1464352200000,2016,5,27,12,30,0,Friday,544637.78328,4804760.88275,-80.448819,43.394405,At/near private drive,2,P.D. only,Thru lane,unknown,unknown,SMV unattended vehicle,Unknown,Daylight,01 - Daylight,Municipal (excl. Twp. Rd.),No control,unknown,0,0,0,False,False,False,Clear,,False,PERIN PL; PERIN PL ; At,3/4/2020 10:11:36 AM,,
45249,16-112664,1464330000000,2016,5,27,6,20,0,Friday,544891.3084,4811411.16434,-80.44514199999999,43.454269,Other,2,P.D. only,Off highway,unknown,unknown,SMV unattended vehicle,Unknown,Dawn,03 - Dawn,Private property,No control,unknown,0,0,0,False,False,False,Clear,,False,BRECKENRIDGE DR; BRECKENRIDGE DR ; At,3/4/2020 10:11:35 AM,,
45250,16-112666,1464367500000,2016,5,27,16,45,0,Friday,539514.04572,4805981.83155,-80.511996,43.405685999999996,At/near private drive,2,P.D. only,Thru lane,unknown,unknown,Other,Unknown,Daylight,01 - Daylight,Municipal (excl. Twp. Rd.),No control,unknown,0,0,0,False,False,False,Clear,,False,MAX BECKER DR; MAX BECKER DR ; At; 0 M,3/4/2020 10:11:34 AM,,
45251,16-112696,1464370020000,2016,5,27,17,27,0,Friday,540612.74609,4809912.68467,-80.49813499999999,43.441021,Intersection related,2,P.D. only,Thru lane,unknown,unknown,Rear end,Unknown,Daylight,01 - Daylight,Regional municipality,Traffic signal,Functioning,0,0,0,False,False,False,Clear,,False,HIGHLAND RD E; QUEEN ST S; 100 M,3/4/2020 10:11:34 AM,,
45252,16-112728,1464371100000,2016,5,27,17,45,0,Friday,539887.91248,4809704.00575,-80.50710699999999,43.439181,At/near private drive,2,P.D. only,Thru lane,unknown,unknown,Other,Unknown,Daylight,01 - Daylight,Municipal (excl. Twp. Rd.),No control,unknown,0,0,0,False,False,False,Clear,,False,BELMONT AVE W; BELMONT AVE W; At,3/4/2020 10:11:33 AM,,
45253,16-112759,1464373920000,2016,5,27,18,32,0,Friday,538400.45539,4809731.68813,-80.525485,43.439508,At/near private drive,2,P.D. only,Right shoulder,unknown,unknown,SMV unattended vehicle,Unknown,Daylight,01 - Daylight,Municipal (excl. Twp. Rd.),No control,unknown,0,0,0,False,False,False,Clear,,False,HAZELGLEN DR; HAZELGLEN DR ; At; 2 M,3/4/2020 10:11:32 AM,,
45254,16-113251,1464369600000,2016,5,27,17,20,0,Friday,542313.96686,4810288.42718,-80.47708399999999,43.44431,Intersection related,2,P.D. only,Left turn lane,unknown,unknown,Sideswipe,Unknown,Daylight,01 - Daylight,Regional municipality,Traffic signal,Functioning,0,0,0,False,False,False,Clear,,False,KING ST E; STIRLING AVE N,3/4/2020 10:11:31 AM,,
45255,16-113362,1464257700000,2016,5,26,10,15,0,Thursday,547672.03446,4805920.78075,-80.411253,43.404661999999995,At/near private drive,2,Non-reportable,Right shoulder,unknown,unknown,SMV unattended vehicle,Unknown,Daylight,01 - Daylight,Municipal (excl. Twp. Rd.),No control,unknown,0,0,0,False,False,False,Clear,,False,DEER RIDGE DR; DEER RIDGE DR ; Near,3/4/2020 10:11:31 AM,,
45256,16-113711,1464468960000,2016,5,28,20,56,0,Saturday,546244.27479,4810160.6403,-80.42852599999999,43.442927,At intersection,1,Non-fatal injury,Not on roadway - right side,unknown,unknown,SMV other,Unknown,Dark,07 - Dark,Regional municipality,Stop sign,Functioning,0,0,0,False,False,False,Clear,,False,OLD CHICOPEE TRAIL; DAIMLER DR; 2 M,3/4/2020 10:11:30 AM,,
45257,16-114176,1464522480000,2016,5,29,11,48,0,Sunday,539816.22826,4809149.26278,-80.508033,43.43419,At intersection,1,Non-fatal injury,Within intersection,unknown,unknown,Rear end,Unknown,Daylight,01 - Daylight,Regional municipality,Stop sign,Functioning,0,0,0,False,False,False,Clear,,False,QUEENS BLVD ; BLUERIDGE AVE,3/4/2020 10:11:29 AM,,
45258,16-114749,1464595680000,2016,5,30,8,8,0,Monday,541492.81725,4809569.51833,-80.487286,43.437883,Non intersection,1,Non-fatal injury,Thru lane,unknown,unknown,Rear end,Unknown,Daylight,01 - Daylight,Municipal (excl. Twp. Rd.),No control,unknown,0,0,0,False,False,False,Clear,,False,STIRLING AVE S; MILL ST ; 40 M,3/7/2019 1:21:54 PM,,
45259,16-114778,1464598140000,2016,5,30,8,49,0,Monday,541179.33384,4809394.68168,-80.491173,43.436326,At intersection,1,Non-fatal injury,Within intersection,unknown,unknown,Turning movement,Unknown,Daylight,01 - Daylight,Municipal (excl. Twp. Rd.),Traffic signal,Functioning,0,0,0,False,False,False,Clear,,False,STIRLING AVE S; HIGHLAND RD E,3/4/2020 10:11:29 AM,,
45260,16-114919,1464608160000,2016,5,30,11,36,0,Monday,541779.74682,4809278.43533,-80.483763,43.435246,At/near private drive,2,P.D. only,Thru lane,unknown,unknown,Turning movement,Unknown,Daylight,01 - Daylight,Municipal (excl. Twp. Rd.),No control,unknown,0,0,0,False,False,False,Clear,,False,MILL ST; MILL ST ; Near; 5 M,3/4/2020 10:11:28 AM,,
45261,16-115225,1464630540000,2016,5,30,17,49,0,Monday,540923.31704,4810569.82386,-80.494248,43.446920999999996,Intersection related,1,Non-fatal injury,Thru lane,unknown,unknown,Turning movement,Unknown,Daylight,01 - Daylight,Municipal (excl. Twp. Rd.),Stop sign,Functioning,0,0,0,False,True,False,Clear,,False,JUBILEE DR; DAVID ST; At,3/4/2020 10:11:27 AM,,
45262,16-115299,1464636240000,2016,5,30,19,24,0,Monday,540389.00441,4812515.50673,-80.50070699999999,43.464469,At intersection,1,Non-fatal injury,Within intersection,unknown,unknown,Angle,Unknown,Daylight,01 - Daylight,Municipal (excl. Twp. Rd.),Stop sign,Functioning,0,0,0,False,False,False,Clear,,False,HARTWOOD AVE; ELLIS AVE,3/4/2020 10:11:27 AM,,
45263,16-115750,1464690240000,2016,5,31,10,24,0,Tuesday,542313.00769,4810286.53312,-80.477096,43.444292999999995,At intersection,1,Non-fatal injury,Within intersection,unknown,unknown,Angle,Unknown,Daylight,01 - Daylight,Regional municipality,Traffic signal,Functioning,0,0,1,False,True,False,Clear,,False,KING ST E; STIRLING AVE N,3/4/2020 10:11:26 AM,,
45264,16-115917,1464701400000,2016,5,31,13,30,0,Tuesday,538709.29498,4811123.60251,-80.52157,43.452025,At intersection,2,P.D. only,Within intersection,unknown,unknown,Angle,Unknown,Daylight,01 - Daylight,Municipal (excl. Twp. Rd.),Stop sign,Functioning,0,0,0,False,False,False,Clear,,False,CLAREMONT AVE; DUNBAR RD,3/4/2020 10:11:25 AM,,
45265,16-115936,1464703020000,2016,5,31,13,57,0,Tuesday,545275.11441,4806435.1555,-80.440811,43.409442,At intersection,2,P.D. only,Within intersection,unknown,unknown,Turning movement,Stop sign,Daylight,01 - Daylight,Municipal (excl. Twp. Rd.),Stop sign,Functioning,0,0,0,False,False,False,Clear,,False,WABANAKI DR ; WILSON AVE ; 5 M,3/4/2020 10:11:25 AM,,
45266,16-116167,1464719820000,2016,5,31,18,37,0,Tuesday,538375.75786,4808439.80238,-80.525881,43.427876999999995,At/near private drive,2,P.D. only,Thru lane,unknown,unknown,Other,Unknown,Daylight,01 - Daylight,Municipal (excl. Twp. Rd.),No control,unknown,0,0,0,False,False,False,Clear,,False,BELMONT AVE E; QUEENS BLVD ; Near; 1 M,3/4/2020 10:11:24 AM,,
45267,16-116170,1464679200000,2016,5,31,7,20,0,Tuesday,541609.40547,4812970.62359,-80.485586,43.4685,Intersection related,2,P.D. only,Right shoulder,unknown,unknown,SMV unattended vehicle,Unknown,Daylight,01 - Daylight,Municipal (excl. Twp. Rd.),Stop sign,Functioning,0,0,0,False,False,False,Clear,,False,ELIZABETH ST; BOND ST; At,3/4/2020 10:11:23 AM,,
45268,16-116820,1464791700000,2016,6,1,14,35,0,Wednesday,542248.05548,4806960.61841,-80.478156,43.41435,At/near private drive,2,P.D. only,Thru lane,unknown,unknown,Rear end,Unknown,Daylight,01 - Daylight,Municipal (excl. Twp. Rd.),Traffic signal,Functioning,0,0,0,False,False,False,Clear,,False,STRASBURG RD; STRASBURG RD ; At; 12 M,3/4/2020 10:11:23 AM,,
45269,16-116977,1464801000000,2016,6,1,17,10,0,Wednesday,539111.89567,4811655.68806,-80.516556,43.456795,Intersection related,2,P.D. only,Thru lane,unknown,unknown,Sideswipe,Unknown,Daylight,01 - Daylight,Municipal (excl. Twp. Rd.),No control,unknown,0,0,0,False,False,False,Clear,,False,PARK ST; UNION BLVD; At,3/4/2020 10:11:22 AM,,
45270,16-117363,1464856980000,2016,6,2,8,43,0,Thursday,537193.88428,4807269.16183,-80.540562,43.417396,At intersection,2,P.D. only,Within intersection,unknown,unknown,Turning movement,Unknown,Daylight,01 - Daylight,Municipal (excl. Twp. Rd.),Stop sign,Functioning,0,0,0,False,False,False,Clear,,False,ROLLING MEADOWS DR; DRIFTWOOD DR,3/4/2020 10:11:21 AM,,
45271,16-117597,1464871500000,2016,6,2,12,45,0,Thursday,541787.08638,4810797.24563,-80.483556,43.448921,At intersection,1,Non-fatal injury,Within intersection,unknown,unknown,Turning movement,Unknown,Daylight,01 - Daylight,Municipal (excl. Twp. Rd.),Stop sign,Functioning,0,0,0,False,False,False,Clear,,False,DUKE ST E; EBY ST N,3/4/2020 10:11:21 AM,,
45272,16-117817,1464888660000,2016,6,2,17,31,0,Thursday,541948.72952,4810918.52928,-80.481549,43.450004,Non intersection,1,Non-fatal injury,Thru lane,unknown,unknown,SMV other,Unknown,Daylight,01 - Daylight,Municipal (excl. Twp. Rd.),No control,unknown,0,0,0,True,False,False,Clear,,False,LANCASTER ST W; IRVIN ST ; 34 M,3/4/2020 10:11:20 AM,,
45273,16-117950,1464901620000,2016,6,2,21,7,0,Thursday,544697.4249,4811414.9846,-80.447538,43.454315,At intersection,1,Non-fatal injury,Within intersection,unknown,unknown,Turning movement,Unknown,"Dark, artificial","08 - Dark, artificial",Regional municipality,Traffic signal,Functioning,0,0,0,False,False,False,Clear,,False,HICKSON DR; RIVER RD E,3/4/2020 10:11:19 AM,,
45274,16-118596,1464969480000,2016,6,3,15,58,0,Friday,542583.08673,4810126.08356,-80.473771,43.442833,At/near private drive,2,Non-reportable,Not on roadway - right side,unknown,unknown,Turning movement,Unknown,Daylight,01 - Daylight,Regional municipality,No control,unknown,0,0,0,False,True,False,Clear,,False,BORDEN AVE S; KING ST E; At; 7 M,3/4/2020 10:11:19 AM,,
45275,16-118702,1464980400000,2016,6,3,19,0,0,Friday,544744.72528,4813429.63892,-80.446788,43.472452,At/near private drive,2,P.D. only,Thru lane,unknown,unknown,Turning movement,Unknown,Daylight,01 - Daylight,Regional municipality,Police control,Functioning,0,0,0,False,False,False,Clear,,False,BINGEMANS CENTRE DR; BINGEMANS CENTRE DR ; Near,3/4/2020 10:11:18 AM,,
45276,16-119372,1464989400000,2016,6,3,21,30,0,Friday,540026.70768,4805950.86709,-80.505667,43.40538,Non intersection,2,P.D. only,Thru lane,unknown,unknown,SMV unattended vehicle,Unknown,Daylight,01 - Daylight,Municipal (excl. Twp. Rd.),No control,unknown,0,0,0,False,False,False,Clear,,False,SWARTZ ST; SWARTZ ST ; At,3/4/2020 10:11:17 AM,,
45277,16-119396,1465044240000,2016,6,4,12,44,0,Saturday,544057.08854,4804178.10915,-80.456036,43.389192,At intersection,1,Non-fatal injury,Within intersection,unknown,unknown,Turning movement,Unknown,Daylight,01 - Daylight,Municipal (excl. Twp. Rd.),Stop sign,Functioning,0,0,0,False,False,False,Clear,,False,BIEHN DR; ROBERTSON CRES,3/4/2020 10:11:17 AM,,
45278,16-120010,1465093200000,2016,6,5,2,20,0,Sunday,541597.52527,4806893.10156,-80.48619599999999,43.413778,Non intersection,2,P.D. only,Two-way left turn lane,unknown,unknown,SMV other,Unknown,"Dark, artificial","08 - Dark, artificial",Municipal (excl. Twp. Rd.),No control,unknown,0,0,0,False,False,False,Rain,,False,BLOCK LINE RD ; MCLENNAN PARK GATE ; 30 M,3/7/2019 1:21:53 PM,,
45279,16-120272,1465134360000,2016,6,5,13,46,0,Sunday,544117.81234,4811894.0641,-80.454663,43.458663,At intersection,2,P.D. only,Within intersection,unknown,unknown,Angle,Unknown,Daylight,01 - Daylight,Regional municipality,Stop sign,Functioning,0,0,0,False,False,False,Clear,,False,MANCHESTER RD; RIVER RD E,3/4/2020 10:11:16 AM,,
45280,16-120378,1465142220000,2016,6,5,15,57,0,Sunday,545854.83455,4807128.98427,-80.433593,43.415653999999996,Intersection related,1,Non-fatal injury,Thru lane,unknown,unknown,Rear end,Unknown,Daylight,01 - Daylight,Municipal (excl. Twp. Rd.),Stop sign,Functioning,0,0,0,False,False,False,Rain,,False,WABANAKI DR ; HIDDEN VALLEY RD,3/4/2020 10:11:15 AM,,
45281,16-120426,1465146360000,2016,6,5,17,6,0,Sunday,543075.36795,4811401.86804,-80.467587,43.454291999999995,Non intersection,1,Non-fatal injury,Thru lane,unknown,unknown,Rear end,Unknown,Daylight,01 - Daylight,Municipal (excl. Twp. Rd.),No control,unknown,0,0,0,False,True,False,Clear,,False,KRUG ST; KRUG ST ; At; 1 M,3/4/2020 10:11:15 AM,,
45282,16-120869,1465064100000,2016,6,4,18,15,0,Saturday,545986.4528,4809234.50536,-80.43178999999999,43.434604,At/near private drive,2,P.D. only,Thru lane,unknown,unknown,SMV unattended vehicle,Unknown,Daylight,01 - Daylight,Municipal (excl. Twp. Rd.),No control,unknown,0,0,0,False,False,False,Clear,,False,THALER AVE; 142 THALER AVE; At,3/4/2020 10:11:14 AM,,
45283,16-120894,1465063200000,2016,6,4,18,0,0,Saturday,544186.39404,4812736.58816,-80.45374699999999,43.466245,At/near private drive,2,Non-reportable,Thru lane,unknown,unknown,SMV unattended vehicle,Unknown,Daylight,01 - Daylight,Municipal (excl. Twp. Rd.),No control,unknown,0,0,0,False,False,False,Clear,,False,FORFAR AVE; FORFAR AVE; At,3/4/2020 10:11:13 AM,,
45284,16-121409,1465236000000,2016,6,6,18,0,0,Monday,544696.43763,4811746.83231,-80.44752299999999,43.457302999999996,Non intersection,2,P.D. only,Thru lane,unknown,unknown,Approaching,Unknown,Daylight,01 - Daylight,Municipal (excl. Twp. Rd.),No control,unknown,0,0,0,False,False,False,Rain,,False,BAIRD AVE; BETTLEY CRES; Near,3/4/2020 10:11:13 AM,,
45285,16-122007,1465303500000,2016,6,7,12,45,0,Tuesday,539618.31449,4811374.44049,-80.510317,43.454235999999995,At intersection,2,P.D. only,Within intersection,unknown,unknown,Turning movement,Unknown,Daylight,01 - Daylight,Municipal (excl. Twp. Rd.),Traffic signal,Functioning,0,0,0,False,False,False,Clear,,False,GLASGOW ST; PARK ST,3/4/2020 10:11:12 AM,,
45286,16-122109,1465314540000,2016,6,7,15,49,0,Tuesday,547844.99222,4811445.03483,-80.408633,43.454391,At/near private drive,1,Non-fatal injury,Thru lane,unknown,unknown,SMV other,Unknown,Daylight,01 - Daylight,Municipal (excl. Twp. Rd.),No control,unknown,0,0,0,True,False,False,Clear,,False,OLD ZELLER DR; VALEBROOK ST ; 83 M,3/4/2020 10:11:11 AM,,
45287,16-122924,1465398900000,2016,6,8,15,15,0,Wednesday,543249.1797,4805565.81302,-80.465901,43.401734,At/near private drive,2,Non-reportable,Thru lane,unknown,unknown,Turning movement,Unknown,Daylight,01 - Daylight,Municipal (excl. Twp. Rd.),No control,unknown,0,0,0,False,False,False,Clear,,False,TRILLIUM DR; TRILLIUM DR; At,3/4/2020 10:11:11 AM,,
45288,16-123726,1465489260000,2016,6,9,16,21,0,Thursday,547625.53193,4803948.66042,-80.411999,43.386908,At/near private drive,2,P.D. only,Thru lane,unknown,unknown,Turning movement,Unknown,Daylight,01 - Daylight,Regional municipality,No control,unknown,0,0,0,False,False,False,Clear,,False,CONESTOGA COLLEGE BLVD ; HOMER WATSON BLVD ; At; 5 M,3/4/2020 10:11:10 AM,,
45289,16-123841,1465374600000,2016,6,8,8,30,0,Wednesday,542651.14276,4807348.42459,-80.473147,43.417819,At intersection,2,P.D. only,Within intersection,unknown,unknown,Turning movement,Unknown,Daylight,01 - Daylight,Municipal (excl. Twp. Rd.),Traffic signal,Functioning,0,0,0,False,False,False,Rain,,False,BLOCK LINE RD ; KINGSWOOD DR,3/4/2020 10:11:09 AM,,
45290,16-124159,1465546800000,2016,6,10,8,20,0,Friday,544756.10445,4808022.09617,-80.447091,43.423761999999996,Intersection related,2,P.D. only,Thru lane,unknown,unknown,Rear end,Unknown,Daylight,01 - Daylight,Regional municipality,Traffic signal,Functioning,0,0,0,False,False,False,Clear,,False,TRAYNOR AVE ; WILSON AVE ; 5 M,3/4/2020 10:11:09 AM,,
45291,16-124271,1465497600000,2016,6,9,18,40,0,Thursday,543137.60818,4806538.88218,-80.467202,43.410502,At intersection,2,P.D. only,Within intersection,unknown,unknown,Turning movement,Unknown,Daylight,01 - Daylight,Municipal (excl. Twp. Rd.),Stop sign,Functioning,0,0,0,False,False,False,Clear,,False,COUNTRY HILL DR; CENTURY HILL DR,3/4/2020 10:11:08 AM,,
45292,16-124427,1465549200000,2016,6,10,9,0,0,Friday,541662.04645,4812070.90392,-80.48500399999999,43.460395999999996,Non intersection,2,P.D. only,Right shoulder,unknown,unknown,SMV unattended vehicle,Unknown,Daylight,01 - Daylight,Municipal (excl. Twp. Rd.),No control,unknown,0,0,0,False,False,False,Clear,,False,WELLINGTON ST N; MAJOR ST; Near; 50 M,3/4/2020 10:11:07 AM,,
45293,16-124493,1465571700000,2016,6,10,15,15,0,Friday,543901.83022,4806704.95925,-80.45774999999999,43.411953,Non intersection,1,Non-fatal injury,Thru lane,unknown,unknown,Sideswipe,Unknown,Daylight,01 - Daylight,Municipal (excl. Twp. Rd.),Stop sign,Functioning,0,0,0,False,True,False,Clear,,False,FALLOWFIELD DR; BLEAMS RD; 100 M,3/4/2020 10:11:07 AM,,
45294,16-124494,1465557300000,2016,6,10,11,15,0,Friday,544571.17048,4810478.22738,-80.449175,43.445888,Intersection related,2,P.D. only,Thru lane,unknown,unknown,Rear end,Unknown,Daylight,01 - Daylight,Regional municipality,Stop sign,Functioning,0,0,0,False,False,False,Clear,,False,FRANKLIN ST N; PENROSE AVE,3/4/2020 10:11:06 AM,,
45295,16-124685,1465585200000,2016,6,10,19,0,0,Friday,540246.52494,4805498.17089,-80.50298599999999,43.401292,Non intersection,2,P.D. only,Right shoulder,unknown,unknown,SMV unattended vehicle,Unknown,Daylight,01 - Daylight,Municipal (excl. Twp. Rd.),No control,unknown,0,0,0,False,False,False,Clear,,False,COMMONWEALTH CRES; COMMONWEALTH CRES ; Near; 8 M,3/4/2020 10:11:05 AM,,
45296,16-124709,1465586880000,2016,6,10,19,28,0,Friday,542447.47108,4807281.39225,-80.475668,43.417227,Intersection related,2,P.D. only,Thru lane,unknown,unknown,Rear end,Unknown,Daylight,01 - Daylight,Regional municipality,Stop sign,Functioning,0,0,0,False,False,False,Clear,,False,BLOCK LINE RD; COUNTRY HILL DR,3/4/2020 10:11:05 AM,,
45297,16-125378,1465654080000,2016,6,11,14,8,0,Saturday,541891.63284,4806717.39462,-80.48257699999999,43.41218,Intersection related,1,Non-fatal injury,Not on roadway - right side,unknown,unknown,Rear end,Unknown,Daylight,01 - Daylight,Regional municipality,Stop sign,Functioning,0,0,0,False,False,False,Clear,,False,RITTENHOUSE RD ; BROOKFIELD CRES ; At; 13 M,3/4/2020 10:11:04 AM,,
45298,16-125434,1465657200000,2016,6,11,15,0,0,Saturday,545110.54436,4807725.25626,-80.442737,43.421068,At/near private drive,2,P.D. only,Thru lane,unknown,unknown,Turning movement,Unknown,Daylight,01 - Daylight,Regional municipality,No control,unknown,0,0,0,False,False,False,Clear,,False,WILSON AVE; FAIRWAY RD S; Near,3/4/2020 10:11:03 AM,,
45299,16-125798,1465687380000,2016,6,11,23,23,0,Saturday,541662.05452,4810407.20122,-80.485131,43.445415999999994,At intersection,1,Non-fatal injury,Within intersection,unknown,unknown,Angle,Unknown,"Dark, artificial","08 - Dark, artificial",Municipal (excl. Twp. Rd.),Stop sign,Functioning,0,0,0,False,False,False,Clear,,False,CHURCH ST; CEDAR ST S,3/4/2020 10:11:03 AM,,
45300,16-126221,1465737060000,2016,6,12,13,11,0,Sunday,539070.44701,4808769.41965,-80.517275,43.430808999999996,Non intersection,2,Non-reportable,Thru lane,unknown,unknown,SMV other,Unknown,Daylight,01 - Daylight,Municipal (excl. Twp. Rd.),No control,unknown,0,0,0,False,False,True,Clear,,False,QUEENS BLVD; KELLY DR; 1 M,3/4/2020 10:11:02 AM,,
45301,16-126269,1464789600000,2016,6,1,14,0,0,Wednesday,544748.27351,4809665.98191,-80.447053,43.438564,At/near private drive,2,P.D. only,Thru lane,unknown,unknown,SMV unattended vehicle,Unknown,Daylight,01 - Daylight,Municipal (excl. Twp. Rd.),No control,unknown,0,0,0,False,False,False,Clear,,False,BROADVIEW AVE; BROADVIEW AVE ; At,3/4/2020 10:11:01 AM,,
45302,16-126340,1465606800000,2016,6,11,1,0,0,Saturday,542992.07558,4804318.51346,-80.469174,43.390518,Non intersection,2,P.D. only,Thru lane,unknown,unknown,SMV other,Unknown,Dark,07 - Dark,Municipal (excl. Twp. Rd.),No control,unknown,0,0,0,False,False,False,Clear,,False,HURON RD; PARKVALE DR; Near,3/4/2020 10:11:01 AM,,
45303,16-126729,1465798200000,2016,6,13,6,10,0,Monday,536498.94875,4808511.34931,-80.54906299999999,43.428615,Non intersection,2,P.D. only,Thru lane,unknown,unknown,SMV unattended vehicle,Unknown,Dawn,03 - Dawn,Municipal (excl. Twp. Rd.),No control,unknown,0,0,0,False,False,False,Clear,,False,WESTMEADOW DR; WESTMEADOW DR ; Near; 1 M,3/4/2020 10:11:00 AM,,
45304,16-126769,1465805400000,2016,6,13,8,10,0,Monday,539651.46335,4809066.7879,-80.510075,43.433456,At/near private drive,2,P.D. only,Thru lane,unknown,unknown,Turning movement,Unknown,Daylight,01 - Daylight,Municipal (excl. Twp. Rd.),Stop sign,Functioning,0,0,0,False,False,False,Clear,,False,QUEENS BLVD ; WESTMOUNT RD W; Near,3/4/2020 10:10:59 AM,,
45305,16-126850,1465596000000,2016,6,10,22,0,0,Friday,546152.61862,4808997.18978,-80.429757,43.432457,Non intersection,2,P.D. only,Thru lane,unknown,unknown,SMV unattended vehicle,Unknown,Dark,07 - Dark,Municipal (excl. Twp. Rd.),No control,unknown,0,0,0,False,False,False,Clear,,False,THALER AVE ; FAIRWAY RD N; Near,3/4/2020 10:10:59 AM,,
45306,16-126959,1465822380000,2016,6,13,12,53,0,Monday,540517.19423,4811538.04676,-80.499195,43.455661,Intersection related,2,P.D. only,Thru lane,unknown,unknown,Rear end,Unknown,Daylight,01 - Daylight,Municipal (excl. Twp. Rd.),Stop sign,Functioning,0,0,0,False,False,False,Clear,,False,WELLINGTON ST N; WATERLOO ST; Near; 7 M,3/4/2020 10:10:58 AM,,
45307,16-127078,1463209200000,2016,5,14,7,0,0,Saturday,541710.22161,4810678.71119,-80.484515,43.447858,At intersection,1,Non-fatal injury,Within intersection,unknown,unknown,Rear end,Unknown,Daylight,01 - Daylight,Regional municipality,Stop sign,Functioning,0,0,0,False,False,False,Clear,,False,EBY ST N; KING ST E,3/4/2020 10:10:57 AM,,
45308,16-127113,1465833780000,2016,6,13,16,3,0,Monday,542405.64307,4806619.87209,-80.476236,43.411273,Intersection related,2,P.D. only,Thru lane,unknown,unknown,Rear end,Unknown,Daylight,01 - Daylight,Municipal (excl. Twp. Rd.),Stop sign,Functioning,0,0,0,False,False,False,Clear,,False,STRASBURG RD; OLD COUNTRY DR; 15 M,3/4/2020 10:10:56 AM,,
45309,16-127162,1465838880000,2016,6,13,17,28,0,Monday,545234.48689,4808099.14262,-80.441175,43.424427,At intersection,2,P.D. only,Within intersection,unknown,unknown,Angle,Unknown,Daylight,01 - Daylight,Regional municipality,Stop sign,Functioning,0,0,0,False,True,False,Clear,,False,GREENFIELD AVE; KINGSWAY DR,3/4/2020 10:10:55 AM,,
45310,16-127566,1465793100000,2016,6,13,4,45,0,Monday,541486.67979,4806488.21848,-80.487596,43.410139,At/near private drive,2,P.D. only,Thru lane,unknown,unknown,SMV unattended vehicle,Unknown,Daylight,01 - Daylight,Municipal (excl. Twp. Rd.),No control,unknown,0,0,0,False,False,False,Clear,,False,ERINBROOK DR ; ERINBROOK CRT; Near; 1 M,3/4/2020 10:10:55 AM,,
45311,16-127579,1465831800000,2016,6,13,15,30,0,Monday,541266.83093,4810554.03697,-80.490004,43.44676,At intersection,2,P.D. only,Within intersection,unknown,unknown,Turning movement,Unknown,Daylight,01 - Daylight,Municipal (excl. Twp. Rd.),Stop sign,Functioning,0,0,0,False,False,False,Clear,,False,ST GEORGE ST; BENTON ST,3/4/2020 10:10:54 AM,,
45312,16-127637,1465898400000,2016,6,14,10,0,0,Tuesday,541424.58777,4811533.90067,-80.48798,43.455574,At intersection,2,P.D. only,Within intersection,unknown,unknown,Turning movement,Unknown,Daylight,01 - Daylight,Municipal (excl. Twp. Rd.),Stop sign,Functioning,0,0,0,False,False,False,Clear,,False,MARGARET AVE; MAYNARD AVE,3/4/2020 10:10:53 AM,,
45313,16-127912,1465912500000,2016,6,14,13,55,0,Tuesday,539005.66836,4811599.6529,-80.517873,43.456295999999995,At/near private drive,2,Non-reportable,Thru lane,unknown,unknown,SMV unattended vehicle,Unknown,Daylight,01 - Daylight,Municipal (excl. Twp. Rd.),No control,unknown,0,0,0,False,False,False,Clear,,False,YORK ST; YORK ST; Near,3/4/2020 10:10:53 AM,,
45314,16-127950,1465902900000,2016,6,14,11,15,0,Tuesday,546423.18415,4809328.12422,-80.426386,43.43542,Intersection related,2,P.D. only,Thru lane,unknown,unknown,SMV unattended vehicle,Unknown,Daylight,01 - Daylight,Municipal (excl. Twp. Rd.),Stop sign,Functioning,0,0,0,False,False,False,Clear,,False,SCENIC DR; NORTH HILL PL ; Near,3/4/2020 10:10:52 AM,,
45315,16-128693,1465828800000,2016,6,13,14,40,0,Monday,539397.77395,4805925.39981,-80.513436,43.405184,At/near private drive,1,Non-fatal injury,Thru lane,unknown,unknown,Turning movement,Unknown,Daylight,01 - Daylight,Municipal (excl. Twp. Rd.),No control,unknown,0,0,0,False,False,False,Clear,,False,MOUNTAIN LAUREL CRES; 61 MOUNTAIN LAUREL CR,3/4/2020 10:10:51 AM,,
45316,16-129382,1466072220000,2016,6,16,10,17,0,Thursday,544885.0991,4804849.81593,-80.445758,43.395191,At intersection,2,P.D. only,Within intersection,unknown,unknown,Turning movement,Unknown,Daylight,01 - Daylight,Municipal (excl. Twp. Rd.),Traffic signal,Functioning,0,0,0,False,False,False,Clear,,False,DOON VILLAGE RD; PIONEER DR,3/4/2020 10:10:51 AM,,