OBJECTID,ACCIDENTNUM,ACCIDENTDATE,ACCIDENT_YEAR,ACCIDENT_MONTH,ACCIDENT_DAY,ACCIDENT_HOUR,ACCIDENT_MINUTE,ACCIDENT_SECOND,ACCIDENT_WEEKDAY,XCOORD,YCOORD,LONGITUDE,LATITUDE,ACCIDENTLOCATION,COLLISIONTYPE,CLASSIFICATIONOFACCIDENT,IMPACTLOCATION,INITIALDIRECTIONOFTRAVELONE,INITIALDIRECTIONOFTRAVELTWO,INITIALIMPACTTYPE,INTTRAFFICCONTROL,LIGHT,LIGHTFORREPORT,ROADJURISDICTION,TRAFFICCONTROL,TRAFFICCONTROLCONDITION,THRULANENO,NORTHBOUNDDISOBEYCOUNT,SOUTHBOUNDDISOBEYCOUNT,PEDESTRIANINVOLVED,CYCLISTINVOLVED,MOTORCYCLISTINVOLVED,ENVIRONMENTCONDITION1,ENVIRONMENTCONDITION2,SELFREPORTED,XMLIMPORTNOTES,LASTEDITEDDATE,CREATE_BY,CREATE_DATE
45317,16-129589,1466086320000,2016,6,16,14,12,0,Thursday,540916.73469,4811094.32675,-80.49428999999999,43.451643999999995,Other,2,P.D. only,Not on roadway - right side,unknown,unknown,SMV other,Unknown,Daylight,01 - Daylight,Regional municipality,No control,unknown,0,0,0,False,False,False,Clear,,False,KING ST W; WATER ST S; Near; 44 M,3/4/2020 10:10:50 AM,,
45318,16-129614,1466056800000,2016,6,16,6,0,0,Thursday,541652.05088,4803922.1838,-80.485749,43.387025,Non intersection,2,P.D. only,Thru lane,unknown,unknown,SMV unattended vehicle,Unknown,Daylight,01 - Daylight,Municipal (excl. Twp. Rd.),No control,unknown,0,0,0,False,False,False,Clear,,False,SOPHIA CRES; SOPHIA CRES ; Near,3/4/2020 10:10:49 AM,,
45319,16-129654,1466092500000,2016,6,16,15,55,0,Thursday,543239.80294,4807370.71796,-80.465874,43.417986,Non intersection,1,Non-fatal injury,Thru lane,unknown,unknown,Approaching,Unknown,Daylight,01 - Daylight,Municipal (excl. Twp. Rd.),No control,unknown,0,0,0,False,False,False,Clear,,False,FALLOWFIELD DR; BRITTON PL ; 25 M,3/4/2020 10:10:49 AM,,
45320,16-130439,1466167200000,2016,6,17,12,40,0,Friday,546526.07706,4812349.18156,-80.424857,43.462615,At/near private drive,2,P.D. only,Thru lane,unknown,unknown,Other,Unknown,Daylight,01 - Daylight,Municipal (excl. Twp. Rd.),No control,unknown,0,0,0,False,False,False,Clear,,False,MISTY ST; MISTY ST ; Near,3/4/2020 10:10:48 AM,,
45321,16-130563,1466178300000,2016,6,17,15,45,0,Friday,542119.88164,4808868.62458,-80.479592,43.431537,At/near private drive,2,Non-reportable,Thru lane,unknown,unknown,Turning movement,Unknown,Daylight,01 - Daylight,Regional municipality,No control,unknown,0,0,0,False,False,False,Clear,,False,HOFFMAN ST; OTTAWA ST S; Near,3/4/2020 10:10:47 AM,,
45322,16-130647,1466182200000,2016,6,17,16,50,0,Friday,541068.0,4811108.0,0.0,0.0,Non intersection,1,Non-fatal injury,Thru lane,unknown,unknown,Other,Unknown,Daylight,01 - Daylight,Municipal (excl. Twp. Rd.),No control,unknown,0,0,0,False,False,False,Clear,,False,VALLEYSCAPE DR; GEORGE AYRES DR; Near,3/4/2020 10:10:47 AM,,
45323,16-131092,1466238600000,2016,6,18,8,30,0,Saturday,543947.8369,4804885.85507,-80.45732799999999,43.395571,At/near private drive,2,P.D. only,Thru lane,unknown,unknown,SMV unattended vehicle,Unknown,Daylight,01 - Daylight,Municipal (excl. Twp. Rd.),No control,unknown,0,0,0,False,False,False,Clear,,False,MAXWELL DR; MAXWELL DR ; Near; 1 M,3/4/2020 10:10:46 AM,,
45324,16-131285,1466255700000,2016,6,18,13,15,0,Saturday,536262.0922,4809689.30848,-80.55191099999999,43.439233,At/near private drive,2,P.D. only,Thru lane,unknown,unknown,Other,Unknown,Daylight,01 - Daylight,Municipal (excl. Twp. Rd.),No control,unknown,0,0,0,False,False,False,Clear,,False,COUNTRYSTONE PL; COUNTRYSTONE PL ; At; 5 M,3/4/2020 10:10:45 AM,,
45325,16-131426,1466255700000,2016,6,18,13,15,0,Saturday,539058.76677,4806885.87776,-80.51755399999999,43.41385,At/near private drive,1,Non-fatal injury,Thru lane,unknown,unknown,Turning movement,Unknown,Daylight,01 - Daylight,Municipal (excl. Twp. Rd.),Stop sign,Functioning,0,0,0,False,False,False,Clear,,False,INTERNATIONAL PL; WAKE ROBIN DR; Near,3/4/2020 10:10:45 AM,,
45326,16-131632,1466287440000,2016,6,18,22,4,0,Saturday,539565.22165,4806230.35093,-80.511346,43.407920999999995,Non intersection,2,P.D. only,Right shoulder,unknown,unknown,SMV unattended vehicle,Unknown,"Dark, artificial","08 - Dark, artificial",Municipal (excl. Twp. Rd.),No control,unknown,0,0,0,False,False,False,Clear,,False,ACTIVA AVE ; COPPER LEAF ST ; 20 M,3/4/2020 10:10:44 AM,,
45327,16-132098,1466190000000,2016,6,17,19,0,0,Friday,546132.16927,4809513.71151,-80.429966,43.437109,Non intersection,2,P.D. only,Thru lane,unknown,unknown,SMV unattended vehicle,Unknown,Daylight,01 - Daylight,Municipal (excl. Twp. Rd.),No control,unknown,0,0,0,False,False,False,Clear,,False,VERONICA DR; VERONICA DR ; At,3/4/2020 10:10:43 AM,,
45328,16-132192,1466346000000,2016,6,19,14,20,0,Sunday,537139.80184,4808475.64287,-80.54114799999999,43.428262,At/near private drive,2,P.D. only,Thru lane,unknown,unknown,Other,Unknown,Daylight,01 - Daylight,Municipal (excl. Twp. Rd.),No control,unknown,0,0,0,False,False,False,Clear,,False,HIDDEN CREEK DR ; HIDDEN CREEK DR ; Near,3/4/2020 10:10:43 AM,,
45329,16-133019,1466434800000,2016,6,20,15,0,0,Monday,549709.44327,4805904.46909,-80.386094,43.404382999999996,At/near private drive,2,P.D. only,Right turn lane,unknown,unknown,Turning movement,Unknown,Daylight,01 - Daylight,Municipal (excl. Twp. Rd.),No control,unknown,0,0,0,False,False,False,Clear,,False,GATEWAY PARK DR ; KING ST E; At; 5 M,3/4/2020 10:10:42 AM,,
45330,16-133084,1466438880000,2016,6,20,16,8,0,Monday,543139.21295,4806845.19899,-80.467158,43.41326,At/near private drive,2,P.D. only,Thru lane,unknown,unknown,Other,Unknown,Daylight,01 - Daylight,Municipal (excl. Twp. Rd.),No control,unknown,0,0,0,False,False,False,Clear,,False,COUNTRY HILL DR; COUNTRY HILL DR ; Near; 4 M,3/4/2020 10:10:41 AM,,
45331,16-133600,1466430300000,2016,6,20,13,45,0,Monday,540480.5158,4811017.28178,-80.499687,43.450973999999995,Non intersection,2,P.D. only,Thru lane,unknown,unknown,Sideswipe,Unknown,Daylight,01 - Daylight,Municipal (excl. Twp. Rd.),No control,unknown,0,0,0,False,False,False,Clear,,False,JOSEPH ST ; VICTORIA ST S; At,3/4/2020 10:10:41 AM,,
45332,16-133967,1466527500000,2016,6,21,16,45,0,Tuesday,541113.22189,4811009.33868,-80.491868,43.450868,Non intersection,1,Non-fatal injury,Thru lane,unknown,unknown,SMV other,Unknown,Daylight,01 - Daylight,Regional municipality,Stop sign,Functioning,0,0,0,True,False,False,Clear,,False,KING ST W;  KING ST W; 6 M,3/4/2020 10:10:39 AM,,
45333,16-134086,1466508000000,2016,6,21,11,20,0,Tuesday,539210.88263,4811175.92393,-80.515367,43.45247,At intersection,2,P.D. only,Within intersection,unknown,unknown,Rear end,Unknown,Daylight,01 - Daylight,Municipal (excl. Twp. Rd.),Stop sign,Functioning,0,0,0,False,False,False,Clear,,False,GLASGOW ST; EDEN AVE,3/4/2020 10:10:39 AM,,
45334,16-134169,1466543040000,2016,6,21,21,4,0,Tuesday,544561.22325,4811737.94038,-80.449195,43.457231,Intersection related,2,P.D. only,Thru lane,unknown,unknown,Rear end,Unknown,Daylight,01 - Daylight,Municipal (excl. Twp. Rd.),Traffic signal,Functioning,0,0,0,False,False,False,Clear,,False,RIVER RD E; LORRAINE AVE,3/4/2020 10:10:38 AM,,
45335,16-134796,1466608200000,2016,6,22,15,10,0,Wednesday,542583.09234,4810125.1951,-80.473771,43.442825,Intersection related,2,P.D. only,Thru lane,unknown,unknown,Turning movement,Unknown,Daylight,01 - Daylight,Regional municipality,Traffic signal,Functioning,0,0,0,False,False,False,Clear,,False,KING ST E; BORDEN AVE N; At,3/4/2020 10:10:37 AM,,
45336,16-134947,1466620200000,2016,6,22,18,30,0,Wednesday,545589.54472,4805459.70803,-80.437009,43.400639999999996,Non intersection,2,P.D. only,Thru lane,unknown,unknown,Rear end,Unknown,Daylight,01 - Daylight,Regional municipality,Yield sign,Functioning,0,0,0,False,False,False,Clear,,False,HURON RD; HURON RD ; At; 3 M,3/4/2020 10:10:37 AM,,
45337,16-135735,1466663400000,2016,6,23,6,30,0,Thursday,543654.30381,4808296.6403,-80.46068,43.426299,Non intersection,2,P.D. only,Thru lane,unknown,unknown,SMV unattended vehicle,Unknown,Daylight,01 - Daylight,Municipal (excl. Twp. Rd.),No control,unknown,0,0,0,False,False,False,Clear,,False,MASSEY AVE; VANIER DR ; 25 M,3/4/2020 10:10:36 AM,,
45338,16-136302,1466759700000,2016,6,24,9,15,0,Friday,546196.32002,4804372.43061,-80.429608,43.390813,At/near private drive,2,P.D. only,Thru lane,unknown,unknown,SMV unattended vehicle,Unknown,Daylight,01 - Daylight,Regional municipality,No control,unknown,0,0,0,False,False,False,Clear,,False,OLD CARRIAGE DR; OLD CARRIAGE DR ; Near,3/4/2020 10:10:35 AM,,
45339,16-136477,1466780940000,2016,6,24,15,9,0,Friday,542446.49403,4807282.2746,-80.47568,43.417235,At intersection,1,Non-fatal injury,Within intersection,unknown,unknown,Turning movement,Unknown,Daylight,01 - Daylight,Municipal (excl. Twp. Rd.),Stop sign,Functioning,0,0,0,False,False,False,Clear,,False,BLOCK LINE RD ; COUNTRY HILL DR,3/4/2020 10:10:35 AM,,
45340,16-136536,1466784960000,2016,6,24,16,16,0,Friday,545158.1651,4807238.34705,-80.442189,43.416681,At intersection,2,P.D. only,Within intersection,unknown,unknown,Turning movement,Stop sign,Daylight,01 - Daylight,Municipal (excl. Twp. Rd.),Stop sign,Functioning,0,0,0,False,False,False,Clear,,False,WILSON AVE; WEBSTER RD,3/4/2020 10:10:34 AM,,
45341,16-136540,1466785200000,2016,6,24,16,20,0,Friday,543262.98388,4808679.39171,-80.46548399999999,43.429767999999996,At/near private drive,2,P.D. only,Thru lane,unknown,unknown,Angle,Unknown,Daylight,01 - Daylight,Municipal (excl. Twp. Rd.),No control,unknown,0,0,0,False,False,False,Clear,,False,VANIER DR; VANIER DR ; At; 8 M,3/4/2020 10:10:33 AM,,
45342,16-136546,1466785800000,2016,6,24,16,30,0,Friday,544511.08011,4811759.7104,-80.44981299999999,43.457429999999995,Non intersection,2,P.D. only,Thru lane,unknown,unknown,Rear end,Unknown,Daylight,01 - Daylight,Regional municipality,No control,unknown,0,0,0,False,False,False,Clear,,False,RIVER RD E; LORRAINE AVE; Near; 135 M,3/4/2020 10:10:33 AM,,
45343,16-137376,1466869860000,2016,6,25,15,51,0,Saturday,539111.89567,4811655.68806,-80.516556,43.456795,At intersection,2,P.D. only,Within intersection,unknown,unknown,Angle,Unknown,Daylight,01 - Daylight,Municipal (excl. Twp. Rd.),Traffic signal,Functioning,0,0,1,False,False,False,Clear,,False,UNION BLVD; PARK ST,3/4/2020 10:10:32 AM,,
45344,16-137381,1466870400000,2016,6,25,16,0,0,Saturday,537733.03134,4807433.30305,-80.533891,43.418847,Intersection related,2,P.D. only,Thru lane,unknown,unknown,Turning movement,Unknown,Daylight,01 - Daylight,Municipal (excl. Twp. Rd.),Stop sign,Functioning,0,0,0,False,False,False,Clear,,False,WESTHEIGHTS DR; LORILEE CRES; Near; 2 M,3/4/2020 10:10:31 AM,,
45345,16-138123,1466946600000,2016,6,26,13,10,0,Sunday,540806.54505,4810878.42182,-80.495668,43.449706,Intersection related,2,P.D. only,Thru lane,unknown,unknown,Other,Unknown,Daylight,01 - Daylight,Regional municipality,Traffic signal,Functioning,0,0,0,False,False,False,Clear,,False,WATER ST S; JOSEPH ST,3/4/2020 10:10:31 AM,,
45346,16-138231,1466952000000,2016,6,26,14,40,0,Sunday,540654.1358,4810939.91739,-80.497547,43.450268,At intersection,2,P.D. only,Within intersection,unknown,unknown,Rear end,Unknown,Daylight,01 - Daylight,Municipal (excl. Twp. Rd.),Stop sign,Functioning,0,0,0,False,False,False,Clear,,False,JOSEPH ST; FRANCIS ST S,3/4/2020 10:10:30 AM,,
45347,16-138304,1466964900000,2016,6,26,18,15,0,Sunday,544544.70342,4812131.88042,-80.449367,43.460778999999995,Non intersection,1,Non-fatal injury,Not on roadway - right side,unknown,unknown,SMV other,Unknown,Daylight,01 - Daylight,Municipal (excl. Twp. Rd.),No control,unknown,0,0,0,False,False,False,Clear,,False,CARSON DR; CONFEDERATION DR ; Near; 52 M,3/4/2020 10:10:29 AM,,
45348,16-138770,1467029880000,2016,6,27,12,18,0,Monday,545621.29287,4804248.24304,-80.436718,43.38973,Non intersection,1,Non-fatal injury,Right shoulder,unknown,unknown,SMV other,Unknown,Daylight,01 - Daylight,Municipal (excl. Twp. Rd.),No control,unknown,0,0,0,False,False,False,Clear,,False,DOON VILLAGE RD ; DOON VILLAGE RD; Near; 42 M,3/4/2020 10:10:29 AM,,
45349,16-138942,1466811900000,2016,6,24,23,45,0,Friday,544757.0758,4808022.10262,-80.447079,43.423761999999996,Intersection related,2,P.D. only,Thru lane,unknown,unknown,Rear end,Unknown,"Dark, artificial","08 - Dark, artificial",Municipal (excl. Twp. Rd.),Traffic signal,Functioning,0,0,0,False,False,False,Clear,,False,TRAYNOR AVE; WILSON AVE; Near,3/4/2020 10:10:28 AM,,
45350,16-139575,1467117900000,2016,6,28,12,45,0,Tuesday,540929.88564,4811193.80657,-80.49412,43.452539,Non intersection,2,P.D. only,Thru lane,unknown,unknown,Sideswipe,Unknown,Daylight,01 - Daylight,Municipal (excl. Twp. Rd.),No control,unknown,0,0,0,False,False,False,Clear,,False,WATER ST N; DUKE ST W; Near; 25 M,3/4/2020 10:10:27 AM,,
45351,16-140303,1467197820000,2016,6,29,10,57,0,Wednesday,542314.94416,4810287.43376,-80.47707199999999,43.444300999999996,At/near private drive,2,P.D. only,Not on roadway - right side,unknown,unknown,SMV other,Unknown,Daylight,01 - Daylight,Municipal (excl. Twp. Rd.),No control,unknown,0,0,0,False,False,False,Clear,,False,STIRLING AVE S; KING ST E; Near; 10 M,3/4/2020 10:10:27 AM,,
45352,16-140384,1467052200000,2016,6,27,18,30,0,Monday,543819.11427,4811546.26761,-80.458383,43.455549,At/near private drive,2,P.D. only,Thru lane,unknown,unknown,SMV unattended vehicle,Unknown,Daylight,01 - Daylight,Municipal (excl. Twp. Rd.),No control,unknown,0,0,0,False,False,False,Clear,,False,CHELSEA RD; CHELSEA RD; Near,3/4/2020 10:10:26 AM,,
45353,16-140686,1467115200000,2016,6,28,12,0,0,Tuesday,540312.08608,4808114.91435,-80.501983,43.42485,At/near private drive,2,P.D. only,Thru lane,unknown,unknown,SMV unattended vehicle,Unknown,Daylight,01 - Daylight,Municipal (excl. Twp. Rd.),No control,unknown,0,0,0,False,False,False,Clear,,False,GILMOUR CRES; GILMOUR CRES ; At,3/4/2020 10:10:25 AM,,
45354,16-140703,1467227940000,2016,6,29,19,19,0,Wednesday,545828.39826,4802898.69677,-80.434274,43.377565999999995,At/near private drive,1,Non-fatal injury,Thru lane,unknown,unknown,SMV other,Unknown,Daylight,01 - Daylight,Municipal (excl. Twp. Rd.),No control,unknown,0,0,0,True,False,False,Clear,,False,STEEPLERIDGE ST; DOON SOUTH DR ; Near; 33 M,3/4/2020 10:10:25 AM,,
45355,16-141117,1467273000000,2016,6,30,7,50,0,Thursday,539315.85865,4810615.01078,-80.51411,43.447413999999995,Intersection related,2,P.D. only,Thru lane,unknown,unknown,Other,Unknown,Daylight,01 - Daylight,Municipal (excl. Twp. Rd.),Traffic signal,Functioning,0,0,0,False,False,False,Clear,,False,GAGE AVE; BELMONT AVE W; At,3/4/2020 10:10:24 AM,,
45356,16-141196,1467273600000,2016,6,30,8,0,0,Thursday,547671.33604,4804528.39258,-80.411383,43.392125,At/near private drive,2,P.D. only,Thru lane,unknown,unknown,SMV unattended vehicle,Unknown,Daylight,01 - Daylight,Municipal (excl. Twp. Rd.),No control,unknown,0,0,0,False,False,False,Clear,,False,AMHERST DR; AMHERST DR ; Near,3/4/2020 10:10:23 AM,,
45357,16-141269,1467293400000,2016,6,30,13,30,0,Thursday,549387.87141,4806025.03953,-80.39005399999999,43.40549,At/near private drive,2,P.D. only,Thru lane,unknown,unknown,Turning movement,Unknown,Daylight,01 - Daylight,Regional municipality,No control,unknown,0,0,0,False,False,False,Clear,,False,TU LANE ST ; KING ST E ; Near,3/4/2020 10:10:22 AM,,
45358,16-141447,1467308400000,2016,6,30,17,40,0,Thursday,545021.28472,4810903.98004,-80.44357699999999,43.449695,At/near private drive,2,P.D. only,Thru lane,unknown,unknown,Turning movement,Unknown,Daylight,01 - Daylight,Regional municipality,Stop sign,Functioning,0,0,0,False,False,False,Clear,,False,RIVER RD E; OTTAWA ST N; At; 4 M,3/4/2020 10:10:22 AM,,
45359,16-142932,1467458880000,2016,7,2,11,28,0,Saturday,540870.72781,4810266.52814,-80.49492099999999,43.444193,Non intersection,2,P.D. only,Thru lane,unknown,unknown,Rear end,Unknown,Daylight,01 - Daylight,Municipal (excl. Twp. Rd.),No control,unknown,0,0,0,False,False,False,Clear,,False,QUEEN ST S; MILL ST; Near; 1 K,3/4/2020 10:10:21 AM,,
45360,16-143143,1467486060000,2016,7,2,19,1,0,Saturday,539060.11068,4809757.46691,-80.517332,43.439706,At/near private drive,2,P.D. only,Thru lane,unknown,unknown,Turning movement,Unknown,Daylight,01 - Daylight,Municipal (excl. Twp. Rd.),No control,unknown,0,0,0,False,False,False,Clear,,False,PAULANDER DR; PAULANDER DR ; At; 2 M,3/4/2020 10:10:20 AM,,
45361,16-143701,1467500400000,2016,7,2,23,0,0,Saturday,545630.48311,4807956.42919,-80.436295,43.423117999999995,At/near private drive,2,P.D. only,Off highway,unknown,unknown,Turning movement,Unknown,Daylight,01 - Daylight,Private property,Stop sign,Functioning,0,0,0,False,False,False,Clear,,False,WILSON AVE ; FAIRWAY RD S; At; 1 M,3/4/2020 10:10:20 AM,,
45362,16-144320,1467221400000,2016,6,29,17,30,0,Wednesday,540576.37925,4807240.00734,-80.498783,43.416958,Non intersection,2,P.D. only,Thru lane,unknown,unknown,SMV unattended vehicle,Unknown,Daylight,01 - Daylight,Municipal (excl. Twp. Rd.),No control,unknown,0,0,0,False,False,False,Clear,,False,DARCY PL; DARCY PL; Near,3/4/2020 10:10:19 AM,,
45363,16-144364,1467619200000,2016,7,4,8,0,0,Monday,541180.29688,4809393.25072,-80.49116099999999,43.436313,Non intersection,2,P.D. only,Other,unknown,unknown,SMV unattended vehicle,Unknown,Daylight,01 - Daylight,Regional municipality,No control,unknown,0,0,0,False,False,False,Clear,,False,HIGHLAND RD E; STIRLING AVE S; Near,3/4/2020 10:10:18 AM,,
45364,16-144395,1467632700000,2016,7,4,11,45,0,Monday,542932.59609,4807443.05647,-80.469663,43.418655,At/near private drive,2,P.D. only,Thru lane,unknown,unknown,Turning movement,Unknown,Daylight,01 - Daylight,Regional municipality,No control,unknown,0,0,0,False,False,False,Clear,,False,BLOCK LINE RD ; BLOCK LINE RD ; At; 2 M,3/4/2020 10:10:18 AM,,
45365,16-144570,1467559800000,2016,7,3,15,30,0,Sunday,541555.71844,4811458.29755,-80.48636499999999,43.454885999999995,Non intersection,2,P.D. only,Off highway,unknown,unknown,SMV unattended vehicle,Unknown,Daylight,01 - Daylight,Municipal (excl. Twp. Rd.),No control,unknown,0,0,0,False,False,False,Clear,,False,MARGARET AVE; MARGARET AVE ; Near; 1 M,3/4/2020 10:10:17 AM,,
45366,16-144601,1467549000000,2016,7,3,12,30,0,Sunday,540887.66076,4810525.07192,-80.494692,43.44652,Non intersection,2,P.D. only,Thru lane,unknown,unknown,SMV unattended vehicle,Unknown,Daylight,01 - Daylight,Municipal (excl. Twp. Rd.),No control,unknown,0,0,0,False,False,False,Clear,,False,DAVID ST; HILDA PL; Near,3/4/2020 10:10:16 AM,,
45367,16-145083,1467711480000,2016,7,5,9,38,0,Tuesday,541466.24869,4810561.59111,-80.487539,43.446816999999996,At/near private drive,2,P.D. only,Thru lane,unknown,unknown,SMV unattended vehicle,Unknown,Daylight,01 - Daylight,Municipal (excl. Twp. Rd.),No control,unknown,0,0,0,False,False,False,Clear,,False,CHURCH STREET; CHURCH ST ; Near; 1 M,3/4/2020 10:10:16 AM,,
45368,16-145475,1467745200000,2016,7,5,19,0,0,Tuesday,544266.90617,4808074.3996,-80.45313,43.424262,Non intersection,2,P.D. only,Right shoulder,unknown,unknown,SMV unattended vehicle,Unknown,Daylight,01 - Daylight,Municipal (excl. Twp. Rd.),No control,unknown,0,0,0,False,False,False,Clear,,False,MAYWOOD RD; MAYWOOD RD ; At; 3 M,3/4/2020 10:10:15 AM,,
45369,16-145483,1467746760000,2016,7,5,19,26,0,Tuesday,541191.64,4808942.3100000005,-80.491055,43.432252,At intersection,2,P.D. only,Within intersection,unknown,unknown,Turning movement,Unknown,Daylight,01 - Daylight,Municipal (excl. Twp. Rd.),No control,unknown,0,0,0,False,False,False,Clear,,False,HEIMAN ST; LORNE AVE,3/4/2020 10:10:14 AM,,
45370,16-146012,1467811200000,2016,7,6,13,20,0,Wednesday,545363.68353,4811022.38794,-80.439336,43.450739999999996,At intersection,2,P.D. only,Within intersection,unknown,unknown,SMV other,Unknown,Daylight,01 - Daylight,Municipal (excl. Twp. Rd.),Stop sign,Functioning,0,0,0,False,False,False,Clear,,False,HOLBORN DR; OLD CHICOPEE DR,3/4/2020 10:10:13 AM,,
45371,16-146596,1467878520000,2016,7,7,8,2,0,Thursday,542395.07562,4808250.18243,-80.47623999999999,43.425953,Non intersection,2,P.D. only,Right shoulder,unknown,unknown,SMV unattended vehicle,Unknown,Daylight,01 - Daylight,Municipal (excl. Twp. Rd.),No control,unknown,0,0,0,False,False,False,Clear,,False,ARDELT AVE; ARDELT AVE ; At; 2 M,3/4/2020 10:10:13 AM,,
45372,16-147129,1467915600000,2016,7,7,18,20,0,Thursday,542840.59352,4810354.28062,-80.47057099999999,43.444873,At/near private drive,2,P.D. only,Not on roadway - right side,unknown,unknown,SMV other,Unknown,Daylight,01 - Daylight,Regional municipality,No control,unknown,0,0,0,False,False,False,Clear,,False,ONWARD AVE ; ONWARD AVE ; At; 1 M,3/4/2020 10:10:12 AM,,
45373,16-147473,1467957900000,2016,7,8,6,5,0,Friday,543095.36595,4805507.85532,-80.467805,43.401221,At/near private drive,2,P.D. only,Right turn lane,unknown,unknown,Turning movement,Unknown,Daylight,01 - Daylight,Municipal (excl. Twp. Rd.),No control,unknown,0,0,0,False,False,False,Rain,,False,TRILLIUM DR; TRILLIUM DR ; Near; 0 M,3/4/2020 10:10:11 AM,,
45374,16-147571,1467910800000,2016,7,7,17,0,0,Thursday,537923.94103,4808942.23885,-80.53142799999999,43.432424,Non intersection,2,P.D. only,Thru lane,unknown,unknown,SMV unattended vehicle,Unknown,Dark,07 - Dark,Municipal (excl. Twp. Rd.),No control,unknown,0,0,0,False,False,False,Clear,,False,OPRINGTON CRT; OPRINGTON CT; At; 1 M,3/4/2020 10:10:11 AM,,
45375,16-147585,1467972420000,2016,7,8,10,7,0,Friday,542089.48358,4810431.09958,-80.47984699999999,43.445606999999995,At intersection,2,P.D. only,Within intersection,unknown,unknown,Angle,Unknown,Daylight,01 - Daylight,Regional municipality,Stop sign,Functioning,0,0,0,False,False,False,Clear,,False,KING ST E; BETZNER AVE N,3/4/2020 10:10:10 AM,,
45376,16-147715,1467982740000,2016,7,8,12,59,0,Friday,542156.44448,4810710.25182,-80.47899799999999,43.448116999999996,Non intersection,2,P.D. only,Thru lane,unknown,unknown,SMV unattended vehicle,Unknown,Daylight,01 - Daylight,Regional municipality,No control,unknown,0,0,0,False,False,False,Clear,,False,CAMERON ST N; WEBER ST E; 10 M,3/4/2020 10:10:09 AM,,
45377,16-147750,1467981000000,2016,7,8,12,30,0,Friday,542583.08673,4810126.08356,-80.473771,43.442833,Intersection related,2,P.D. only,Thru lane,unknown,unknown,Rear end,Unknown,Daylight,01 - Daylight,Regional municipality,Traffic signal,Functioning,0,0,0,False,False,False,Clear,,False,KING ST E; BORDEN AVE N; Near,3/4/2020 10:10:09 AM,,
45378,16-147824,1467991740000,2016,7,8,15,29,0,Friday,541139.14561,4810792.03857,-80.491564,43.44891,At/near private drive,2,P.D. only,Not on roadway - right side,unknown,unknown,SMV other,Unknown,Daylight,01 - Daylight,Municipal (excl. Twp. Rd.),No control,unknown,0,0,0,False,False,False,Clear,,False,ONTARIO ST S; ONTARIO ST S; At; 1 M,3/4/2020 10:10:08 AM,,
45379,16-147959,1468000800000,2016,7,8,18,0,0,Friday,540218.6765,4805818.18023,-80.503306,43.404174999999995,At intersection,2,P.D. only,Within intersection,unknown,unknown,Angle,Unknown,Daylight,01 - Daylight,Regional municipality,Stop sign,Functioning,0,0,0,False,False,False,Clear,,False,COMMONWEALTH ST; MAX BECKER DR,3/4/2020 10:10:07 AM,,
45380,16-147980,1467996300000,2016,7,8,16,45,0,Friday,539452.15725,4811397.23292,-80.51236899999999,43.45445,At/near private drive,2,P.D. only,Thru lane,unknown,unknown,Turning movement,Unknown,Daylight,01 - Daylight,Municipal (excl. Twp. Rd.),No control,unknown,0,0,0,False,False,False,Clear,,False,GILDNER ST; GILDNER ST ; Near,3/4/2020 10:10:07 AM,,
45381,16-148481,1468054800000,2016,7,9,9,0,0,Saturday,538263.47349,4806758.04548,-80.52738599999999,43.41274,Other,2,P.D. only,Off highway,unknown,unknown,SMV other,Unknown,Daylight,01 - Daylight,Private property,No control,unknown,0,0,0,False,False,False,Clear,,False,INDIGO ST; INDIGO ST,3/4/2020 10:10:06 AM,,
45382,16-148508,1467996300000,2016,7,8,16,45,0,Friday,540140.72504,4806085.92706,-80.504249,43.40659,At/near private drive,2,P.D. only,Thru lane,unknown,unknown,Other,Unknown,Daylight,01 - Daylight,Municipal (excl. Twp. Rd.),No control,unknown,0,0,0,False,False,False,Clear,,False,COTTON GRASS ST; COMMONWEALTH ST; Near,3/4/2020 10:10:05 AM,,
45383,16-148546,1468067400000,2016,7,9,12,30,0,Saturday,542445.06034,4811611.99626,-80.47536099999999,43.456219999999995,At/near private drive,2,P.D. only,Thru lane,unknown,unknown,SMV unattended vehicle,Unknown,Daylight,01 - Daylight,Municipal (excl. Twp. Rd.),No control,unknown,0,0,0,False,False,False,Clear,,False,EAST AVE; EAST AVE ; Near,3/4/2020 10:10:05 AM,,
45384,16-148917,1468102800000,2016,7,9,22,20,0,Saturday,536610.09361,4808583.80747,-80.547685,43.429262,Non intersection,2,P.D. only,Thru lane,unknown,unknown,SMV unattended vehicle,Unknown,"Dark, artificial","08 - Dark, artificial",Municipal (excl. Twp. Rd.),No control,unknown,0,0,0,False,False,False,Clear,,False,WESTMEADOW DR; WESTMEADOW DR ; Near; 2 M,3/4/2020 10:10:04 AM,,