OBJECTID,ACCIDENTNUM,ACCIDENTDATE,ACCIDENT_YEAR,ACCIDENT_MONTH,ACCIDENT_DAY,ACCIDENT_HOUR,ACCIDENT_MINUTE,ACCIDENT_SECOND,ACCIDENT_WEEKDAY,XCOORD,YCOORD,LONGITUDE,LATITUDE,ACCIDENTLOCATION,COLLISIONTYPE,CLASSIFICATIONOFACCIDENT,IMPACTLOCATION,INITIALDIRECTIONOFTRAVELONE,INITIALDIRECTIONOFTRAVELTWO,INITIALIMPACTTYPE,INTTRAFFICCONTROL,LIGHT,LIGHTFORREPORT,ROADJURISDICTION,TRAFFICCONTROL,TRAFFICCONTROLCONDITION,THRULANENO,NORTHBOUNDDISOBEYCOUNT,SOUTHBOUNDDISOBEYCOUNT,PEDESTRIANINVOLVED,CYCLISTINVOLVED,MOTORCYCLISTINVOLVED,ENVIRONMENTCONDITION1,ENVIRONMENTCONDITION2,SELFREPORTED,XMLIMPORTNOTES,LASTEDITEDDATE,CREATE_BY,CREATE_DATE
45385,16-149007,1468109040000,2016,7,10,0,4,0,Sunday,541903.75615,4810551.63534,-80.48213299999999,43.446703,At intersection,1,Non-fatal injury,Within intersection,unknown,unknown,Angle,Unknown,"Dark, artificial","08 - Dark, artificial",Regional municipality,Stop sign,Functioning,0,0,0,False,False,False,Clear,,False,MADISON AVE N; KING ST E,3/4/2020 10:10:03 AM,,
45386,16-149735,1468188000000,2016,7,10,22,0,0,Sunday,541759.13055,4809973.70428,-80.483965,43.441507,Non intersection,2,P.D. only,Thru lane,unknown,unknown,Sideswipe,Unknown,"Dark, artificial","08 - Dark, artificial",Regional municipality,No control,unknown,0,0,0,False,False,False,Clear,,False,STIRLING AVE S; COURTLAND AVE E; Near,3/4/2020 10:10:02 AM,,
45387,16-149805,1467591300000,2016,7,4,0,15,0,Monday,540115.69818,4810837.51385,-80.504209,43.449374999999996,Overpass or bridge,2,P.D. only,Thru lane,unknown,unknown,SMV other,Unknown,Dark,07 - Dark,Municipal (excl. Twp. Rd.),Other,Functioning,0,1,0,False,False,False,Clear,,False,PARK ST; CHERRY ST; Near; 100 M,3/4/2020 10:10:02 AM,,
45388,16-149923,1468179000000,2016,7,10,19,30,0,Sunday,545624.25157,4810600.22135,-80.436151,43.446923,At/near private drive,2,P.D. only,Thru lane,unknown,unknown,SMV unattended vehicle,Unknown,Dusk,05 - Dusk,Municipal (excl. Twp. Rd.),No control,unknown,0,0,0,False,False,False,Clear,,False,KENORA DR; KENORA DR ; At; 1 M,3/4/2020 10:10:01 AM,,
45389,16-149965,1468231200000,2016,7,11,10,0,0,Monday,539372.8072,4806429.80077,-80.513708,43.409727,At/near private drive,1,Non-fatal injury,Other,unknown,unknown,SMV other,Unknown,Daylight,01 - Daylight,Municipal (excl. Twp. Rd.),No control,unknown,0,0,0,True,False,False,Clear,,False,PINE MARTIN CRES; PINE MARTIN CRES ; At; 1 M,3/4/2020 10:10:00 AM,,
45390,16-150188,1468010700000,2016,7,8,20,45,0,Friday,547904.73872,4811314.84907,-80.407906,43.453215,Non intersection,2,P.D. only,Thru lane,unknown,unknown,SMV unattended vehicle,Unknown,Dark,07 - Dark,Municipal (excl. Twp. Rd.),No control,unknown,0,0,0,False,False,False,Rain,,False,OLD ZELLER DR; OLD ZELLER DR ; Near,3/4/2020 10:09:59 AM,,
45391,16-150436,1468268040000,2016,7,11,20,14,0,Monday,539517.3805,4805555.73515,-80.511986,43.401849,At/near private drive,2,P.D. only,Thru lane,unknown,unknown,Other,Unknown,Daylight,01 - Daylight,Municipal (excl. Twp. Rd.),No control,unknown,0,0,0,False,False,False,Clear,,False,PERIWINKLE ST; PERIWINKLE ST ; Near; 5 M,3/4/2020 10:09:58 AM,,
45392,16-150763,1468314000000,2016,7,12,9,0,0,Tuesday,542843.67582,4803952.4752,-80.471035,43.387231,At/near private drive,2,P.D. only,Thru lane,unknown,unknown,Other,Unknown,Daylight,01 - Daylight,Municipal (excl. Twp. Rd.),No control,unknown,0,0,0,False,False,False,Clear,,False,TUDOR ST; TUDOR ST; At; 1 M,3/4/2020 10:04:31 AM,,
45393,16-150866,1468325880000,2016,7,12,12,18,0,Tuesday,539296.02902,4811574.21565,-80.514286,43.456052,At intersection,2,P.D. only,Within intersection,unknown,unknown,Angle,Unknown,Daylight,01 - Daylight,Municipal (excl. Twp. Rd.),Stop sign,Functioning,0,0,0,False,False,False,Clear,,False,PARK ST; MT HOPE ST,3/4/2020 10:09:58 AM,,
45394,16-151084,1468345800000,2016,7,12,17,50,0,Tuesday,537403.28661,4808443.44738,-80.53789499999999,43.427959,Non intersection,2,P.D. only,Thru lane,unknown,unknown,Turning movement,Unknown,Daylight,01 - Daylight,Municipal (excl. Twp. Rd.),No control,unknown,0,0,0,False,False,False,Clear,,False,BANKSIDE DR ; WESTFOREST TRAIL ; Near; 600 M,3/4/2020 10:09:57 AM,,
45395,16-151128,1468279800000,2016,7,11,23,30,0,Monday,537855.39813,4809041.25289,-80.532268,43.433319,Non intersection,2,P.D. only,Thru lane,unknown,unknown,SMV unattended vehicle,Unknown,"Dark, artificial","08 - Dark, artificial",Municipal (excl. Twp. Rd.),No control,unknown,0,0,0,False,False,False,Clear,,False,OPRINGTON DR; OPRINGTON DR ; Near,3/4/2020 10:09:56 AM,,
45396,16-151621,1468410480000,2016,7,13,11,48,0,Wednesday,540506.54718,4812367.05671,-80.499265,43.463125999999995,Intersection related,2,P.D. only,Thru lane,unknown,unknown,SMV unattended vehicle,Unknown,Daylight,01 - Daylight,Municipal (excl. Twp. Rd.),No control,unknown,0,0,0,False,False,False,Clear,,False,RAITAR AVE; ELLIS AVE; Near; 24 M,3/4/2020 10:09:56 AM,,
45397,16-151798,1468426260000,2016,7,13,16,11,0,Wednesday,540807.52137,4810877.53924,-80.495656,43.449698,Intersection related,2,P.D. only,Thru lane,unknown,unknown,SMV other,Unknown,Daylight,01 - Daylight,Municipal (excl. Twp. Rd.),Traffic signal,Functioning,0,0,0,False,False,False,Clear,,False,JOSEPH ST; WATER ST S; At,3/4/2020 10:09:55 AM,,
45398,16-152014,1468427400000,2016,7,13,16,30,0,Wednesday,544799.84287,4809261.39232,-80.446449,43.434917999999996,Non intersection,2,P.D. only,Thru lane,unknown,unknown,SMV unattended vehicle,Unknown,Daylight,01 - Daylight,Municipal (excl. Twp. Rd.),No control,unknown,0,0,0,False,False,False,Clear,,False,PINECREST DR; PINECREST DR ; Near; 3 M,3/4/2020 10:09:54 AM,,
45399,16-152469,1468447200000,2016,7,13,22,0,0,Wednesday,547124.50846,4808316.43388,-80.417808,43.426266999999996,At/near private drive,2,P.D. only,Thru lane,unknown,unknown,SMV unattended vehicle,Unknown,Dark,07 - Dark,Municipal (excl. Twp. Rd.),No control,unknown,0,0,0,False,False,False,Clear,,False,MANOR DR; MANOR DR ; At,3/4/2020 10:09:54 AM,,
45400,16-152694,1468521000000,2016,7,14,18,30,0,Thursday,540789.00189,4809069.90629,-80.49602,43.433423,At/near private drive,2,P.D. only,Thru lane,unknown,unknown,Turning movement,Unknown,Daylight,01 - Daylight,Municipal (excl. Twp. Rd.),No control,unknown,0,0,0,False,False,False,Clear,,False,STIRLING AVE S; STIRLING AVE S; At; 5 M,3/4/2020 10:09:53 AM,,
45401,16-153178,1468425600000,2016,7,13,16,0,0,Wednesday,538544.57685,4807793.06057,-80.52384099999999,43.422045,At/near private drive,2,P.D. only,Thru lane,unknown,unknown,SMV unattended vehicle,Unknown,Daylight,01 - Daylight,Regional municipality,No control,unknown,0,0,0,False,False,False,Clear,,False,RAMBLEWOOD WAY; RAMBLEWOOD WAY ; Near,3/4/2020 10:09:52 AM,,
45402,16-153467,1468604820000,2016,7,15,17,47,0,Friday,539118.24752,4810240.36332,-80.516579,43.444050999999995,At/near private drive,1,Non-fatal injury,Off highway,unknown,unknown,Turning movement,Unknown,Daylight,01 - Daylight,Private property,Stop sign,Functioning,0,0,0,False,False,False,Clear,,False,LAWRENCE AVE; HIGHLAND RD W; Near; 50 M,3/4/2020 10:09:52 AM,,
45403,16-153519,1468609800000,2016,7,15,19,10,0,Friday,545392.6142,4812373.1029,-80.43886599999999,43.462900000000005,At/near private drive,2,Non-reportable,Thru lane,unknown,unknown,SMV unattended vehicle,Unknown,Daylight,01 - Daylight,Municipal (excl. Twp. Rd.),No control,unknown,0,0,0,False,False,False,Clear,,False,WIMBLETON CRES; WIMBLETON CRES ; At; 1 M,3/4/2020 10:09:51 AM,,
45404,16-153563,1468614480000,2016,7,15,20,28,0,Friday,542468.73714,4806347.55347,-80.475478,43.408817,At/near private drive,2,P.D. only,Right shoulder,unknown,unknown,SMV unattended vehicle,Unknown,Daylight,01 - Daylight,Municipal (excl. Twp. Rd.),No control,unknown,0,0,0,False,False,False,Clear,,False,STRASBURG RD; STRASBURG RD; At; 3 M,3/4/2020 10:09:50 AM,,
45405,16-153572,1468615020000,2016,7,15,20,37,0,Friday,546453.15691,4803558.89032,-80.426506,43.383472,Non intersection,2,P.D. only,Right shoulder,unknown,unknown,SMV other,Unknown,Dusk,05 - Dusk,Municipal (excl. Twp. Rd.),No control,unknown,0,0,0,False,False,False,Clear,,False,DOON SOUTH DR; DOON SOUTH DR ; Near; 3 M,3/4/2020 10:09:49 AM,,
45406,16-153998,1468662300000,2016,7,16,9,45,0,Saturday,538608.25249,4808562.62914,-80.52300000000001,43.428971,At/near private drive,2,P.D. only,Thru lane,unknown,unknown,Other,Unknown,Daylight,01 - Daylight,Regional municipality,No control,unknown,0,0,0,False,False,False,Clear,,False,QUEENS BLVD; QUEENS BLVD ; Near,3/4/2020 10:09:48 AM,,
45407,16-154177,1468684800000,2016,7,16,16,0,0,Saturday,542651.13083,4807350.31255,-80.473147,43.417836,Intersection related,2,P.D. only,Thru lane,unknown,unknown,Rear end,Unknown,Daylight,01 - Daylight,Municipal (excl. Twp. Rd.),Traffic signal,Functioning,0,0,0,False,False,False,Clear,,False,BLOCK LINE RD; KINGSWOOD DR; 5 M,3/4/2020 10:09:48 AM,,
45408,16-154232,1468689720000,2016,7,16,17,22,0,Saturday,541084.65403,4810890.77301,-80.49222999999999,43.449802,At/near private drive,2,P.D. only,Not on roadway - left side,unknown,unknown,Sideswipe,Unknown,Daylight,01 - Daylight,Municipal (excl. Twp. Rd.),No control,unknown,0,0,0,False,False,False,Clear,,False,ONTARIO ST S; CHARLES ST W; Near; 5 M,3/4/2020 10:09:46 AM,,
45409,16-154392,1468703280000,2016,7,16,21,8,0,Saturday,540923.31741,4810568.87765,-80.494248,43.446912,Non intersection,2,P.D. only,Thru lane,unknown,unknown,SMV unattended vehicle,Unknown,Daylight,01 - Daylight,Municipal (excl. Twp. Rd.),No control,unknown,0,0,0,False,False,False,Clear,,False,DAVID ST ; JUBILEE DR ; Near; 20 M,3/4/2020 10:09:46 AM,,
45410,16-154864,1468620000000,2016,7,15,22,0,0,Friday,543328.85716,4810115.97794,-80.464556,43.442699,At/near private drive,2,P.D. only,Left shoulder,unknown,unknown,SMV unattended vehicle,Unknown,Dark,07 - Dark,Municipal (excl. Twp. Rd.),No control,unknown,0,0,0,False,False,False,Clear,,False,SHELDON AVE N; SHELDON AVE N; At; 1 M,3/4/2020 10:09:45 AM,,
45411,16-154892,1468760760000,2016,7,17,13,6,0,Sunday,545598.81599,4804028.72945,-80.43701399999999,43.387755,Intersection related,1,Non-fatal injury,Thru lane,unknown,unknown,Approaching,Unknown,Daylight,01 - Daylight,Municipal (excl. Twp. Rd.),Stop sign,Functioning,0,0,0,False,False,False,Clear,,False,APPLE RIDGE DR ; TILT DR ; Near,3/4/2020 10:09:44 AM,,
45412,16-155011,1468772460000,2016,7,17,16,21,0,Sunday,539774.50362,4810230.09809,-80.50847,43.443923999999996,Non intersection,2,P.D. only,Thru lane,unknown,unknown,SMV unattended vehicle,Unknown,Daylight,01 - Daylight,Regional municipality,No control,unknown,0,0,0,False,False,False,Clear,,False,PATRICIA AVE; VICTORIA ST S; Near; 30 M,3/4/2020 10:09:44 AM,,
45413,16-155047,1468776600000,2016,7,17,17,30,0,Sunday,542545.81013,4807457.2335,-80.47444,43.418805,Non intersection,2,P.D. only,Thru lane,unknown,unknown,Rear end,Unknown,Daylight,01 - Daylight,Municipal (excl. Twp. Rd.),No control,unknown,0,0,0,False,False,False,Clear,,False,KINGSWOOD DR; SELKIRK DR ; 5 M,3/4/2020 10:09:43 AM,,
45414,16-155380,1468828560000,2016,7,18,7,56,0,Monday,542313.00211,4810287.42157,-80.477096,43.444300999999996,At intersection,1,Non-fatal injury,Within intersection,unknown,unknown,Turning movement,Unknown,Daylight,01 - Daylight,Regional municipality,Traffic signal,Functioning,0,0,0,True,True,False,Clear,,False,KING ST E; STIRLING AVE N,3/4/2020 10:09:42 AM,,
45415,16-155495,1468839540000,2016,7,18,10,59,0,Monday,539131.14558,4811001.65,-80.516365,43.450905,At/near private drive,1,Non-fatal injury,Thru lane,unknown,unknown,Rear end,Unknown,Daylight,01 - Daylight,Regional municipality,No control,unknown,0,0,0,False,False,False,Clear,,False,BELMONT AVE W; GLASGOW ST ; Near; 200 M,3/4/2020 10:09:42 AM,,
45416,16-155532,1468791000000,2016,7,17,21,30,0,Sunday,543371.35255,4804724.7551,-80.46445899999999,43.394154,Non intersection,2,P.D. only,Thru lane,unknown,unknown,Rear end,Unknown,"Dark, artificial","08 - Dark, artificial",Regional municipality,No control,unknown,0,0,0,False,False,False,Clear,,False,HURON RD; TEMPLEWOOD DR; Near,3/4/2020 10:09:41 AM,,
45417,16-155772,1468862220000,2016,7,18,17,17,0,Monday,542088.50003,4810433.95032,-80.47985899999999,43.445633,At intersection,1,Non-fatal injury,Within intersection,unknown,unknown,Turning movement,Unknown,Daylight,01 - Daylight,Regional municipality,Stop sign,Functioning,0,0,0,False,False,False,Clear,,False,KING ST E; BETZNER AVE N,3/4/2020 10:09:40 AM,,
45418,16-156285,1468930740000,2016,7,19,12,19,0,Tuesday,544394.24612,4804465.74324,-80.45185,43.391762,Non intersection,2,P.D. only,Thru lane,unknown,unknown,SMV unattended vehicle,Unknown,Daylight,01 - Daylight,Municipal (excl. Twp. Rd.),No control,unknown,0,0,0,False,False,False,Clear,,False,BLACK WALNUT DR; BLACK WALNUT DR; Near; 2 M,3/4/2020 10:09:39 AM,,
45419,16-156363,1468935900000,2016,7,19,13,45,0,Tuesday,539616.37275,4811374.42908,-80.510341,43.454235999999995,Intersection related,1,Non-fatal injury,Thru lane,unknown,unknown,Rear end,Unknown,Daylight,01 - Daylight,Municipal (excl. Twp. Rd.),Traffic signal,Functioning,0,0,0,False,False,False,Clear,,False,PARK ST; GLASGOW ST ; Near; 50 M,3/4/2020 10:09:39 AM,,
45420,16-156380,1468844100000,2016,7,18,12,15,0,Monday,536880.81277,4807789.53657,-80.544394,43.422097,At/near private drive,2,P.D. only,Thru lane,unknown,unknown,SMV unattended vehicle,Unknown,Daylight,01 - Daylight,Municipal (excl. Twp. Rd.),No control,unknown,0,0,0,False,False,False,Clear,,False,PRIVATE DRIVE; WESTVIEW CRES; At; 2 M,3/4/2020 10:09:38 AM,,
45421,16-156603,1468958280000,2016,7,19,19,58,0,Tuesday,546282.73843,4808580.40011,-80.428185,43.428695999999995,Non intersection,1,Non-fatal injury,Thru lane,unknown,unknown,SMV other,Unknown,Dusk,05 - Dusk,Municipal (excl. Twp. Rd.),No control,unknown,0,0,0,True,False,False,Clear,,False,MORGAN AVE; SOUTHILL DR; 34 M,3/4/2020 10:09:37 AM,,
45422,16-156619,1468959660000,2016,7,19,20,21,0,Tuesday,540984.95532,4810826.2569,-80.493467,43.449227,At intersection,2,P.D. only,Within intersection,unknown,unknown,Turning movement,Unknown,Dusk,05 - Dusk,Municipal (excl. Twp. Rd.),Stop sign,Functioning,0,0,0,False,False,False,Clear,,False,GAUKEL ST; JOSEPH ST,3/4/2020 10:09:37 AM,,
45423,16-156653,1468962000000,2016,7,19,21,0,0,Tuesday,538889.13553,4808656.29554,-80.51952299999999,43.4298,At intersection,1,Non-fatal injury,Within intersection,unknown,unknown,Angle,Unknown,Daylight,01 - Daylight,Regional municipality,Stop sign,Functioning,0,0,0,False,True,False,Clear,,False,QUEENS BLVD; EAGEN DR,3/4/2020 10:09:36 AM,,
45424,16-157004,1468981800000,2016,7,20,2,30,0,Wednesday,539062.819,4809018.796,-80.51735099999999,43.433054999999996,Intersection related,2,P.D. only,Thru lane,unknown,unknown,SMV unattended vehicle,Unknown,Dark,07 - Dark,Regional municipality,No control,unknown,0,0,0,False,False,False,Clear,,False,RALGREEN CRES; OVERLEA DR; Near; 20 M,3/4/2020 10:09:35 AM,,
45425,16-157123,1469021220000,2016,7,20,13,27,0,Wednesday,542641.62389,4813330.8114,-80.472797,43.471685,At/near private drive,1,Non-fatal injury,Thru lane,unknown,unknown,Rear end,Unknown,Daylight,01 - Daylight,Municipal (excl. Twp. Rd.),No control,unknown,0,0,0,False,False,False,Clear,,False,RIVERBEND DR; GUELPH ST ; 270 M,3/4/2020 10:09:35 AM,,
45426,16-157470,1469049840000,2016,7,20,21,24,0,Wednesday,545275.12037,4806434.26705,-80.440811,43.409434,Intersection related,2,P.D. only,Right turn channel,unknown,unknown,Rear end,Stop sign,Dark,07 - Dark,Municipal (excl. Twp. Rd.),Yield sign,Functioning,0,0,0,False,False,False,Clear,,False,WILSON AVE; WABANAKI DR; 2 M,3/4/2020 10:09:34 AM,,
45427,16-157942,1469097000000,2016,7,21,10,30,0,Thursday,545760.6685,4809528.28254,-80.434555,43.437263,Non intersection,2,P.D. only,Thru lane,unknown,unknown,SMV unattended vehicle,Unknown,Daylight,01 - Daylight,Municipal (excl. Twp. Rd.),Stop sign,Functioning,0,0,0,False,False,False,Clear,,False,SCENIC WOOD CRES; THALER AVE; Near,3/4/2020 10:09:33 AM,,
45428,16-158899,1469200440000,2016,7,22,15,14,0,Friday,542551.2059,4810145.10082,-80.47416299999999,43.443006,At/near private drive,1,Non-fatal injury,Not on roadway - right side,unknown,unknown,Turning movement,Unknown,Daylight,01 - Daylight,Regional municipality,Stop sign,Functioning,0,0,0,False,True,False,Clear,,False,KING ST E; KING ST E; At; 9 M,3/4/2020 10:09:32 AM,,
45429,16-158918,1469201940000,2016,7,22,15,39,0,Friday,541039.86255,4811177.37184,-80.492762,43.452385,At intersection,1,Non-fatal injury,Within intersection,unknown,unknown,SMV other,Unknown,Daylight,01 - Daylight,Municipal (excl. Twp. Rd.),Stop sign,Functioning,0,0,0,False,True,False,Clear,,False,COLLEGE ST; DUKE ST W,3/4/2020 10:09:31 AM,,
45430,16-158950,1469160900000,2016,7,22,4,15,0,Friday,540636.28848,4807374.41806,-80.49803299999999,43.418164999999995,Non intersection,2,P.D. only,Thru lane,unknown,unknown,SMV unattended vehicle,Unknown,"Dark, artificial","08 - Dark, artificial",Municipal (excl. Twp. Rd.),No control,unknown,0,0,0,False,False,False,Clear,,False,CARTIER DR; CARTIER DR,3/4/2020 10:09:31 AM,,
45431,16-159025,1469210400000,2016,7,22,18,0,0,Friday,538544.43396,4810154.98457,-80.523676,43.443312,Non intersection,1,Non-fatal injury,Thru lane,unknown,unknown,SMV other,Unknown,Daylight,01 - Daylight,Regional municipality,No control,unknown,0,0,0,True,False,True,Clear,,False,CHOPIN DR; WESTMOUNT RD W; Near; 40 M,3/4/2020 10:09:30 AM,,
45432,16-159027,1469210640000,2016,7,22,18,4,0,Friday,539570.8132,4811425.58973,-80.5109,43.454699,Non intersection,2,P.D. only,Thru lane,unknown,unknown,Rear end,Unknown,Daylight,01 - Daylight,Municipal (excl. Twp. Rd.),No control,unknown,0,0,0,False,False,False,Clear,,False,PARK ST; GREEN ST; Near; 15 M,3/4/2020 10:09:29 AM,,
45433,16-159082,1469214000000,2016,7,22,19,0,0,Friday,542506.59912,4804055.90012,-80.475188,43.388180999999996,At/near private drive,2,P.D. only,Thru lane,unknown,unknown,SMV unattended vehicle,Unknown,Daylight,01 - Daylight,Municipal (excl. Twp. Rd.),No control,unknown,0,0,0,False,False,False,Clear,,False,FEATHERSTONE CRES; FEATHERSTONE CRES ; At; 6 M,3/4/2020 10:09:29 AM,,
45434,16-159465,1469208300000,2016,7,22,17,25,0,Friday,543247.86002,4804519.94456,-80.46600000000001,43.392317,At intersection,2,P.D. only,Within intersection,unknown,unknown,Angle,Unknown,Daylight,01 - Daylight,Regional municipality,Yield sign,Functioning,0,0,0,False,False,False,Clear,,False,HURON RD; STRASBURG RD,3/4/2020 10:09:28 AM,,
45435,16-159570,1469271000000,2016,7,23,10,50,0,Saturday,545037.84355,4813551.87349,-80.44315399999999,43.473535,Non intersection,2,P.D. only,Thru lane,unknown,unknown,Turning movement,Unknown,Daylight,01 - Daylight,Municipal (excl. Twp. Rd.),No control,unknown,0,0,0,False,False,False,Clear,,False,BINGEMANS CENTRE DR ; SHIRLEY AVE ; Near; 50 M,3/4/2020 10:09:27 AM,,
45436,16-159797,1469293200000,2016,7,23,17,0,0,Saturday,537199.98217,4808321.6008,-80.540415,43.426871999999996,Non intersection,2,P.D. only,Thru lane,unknown,unknown,SMV unattended vehicle,Unknown,Daylight,01 - Daylight,Municipal (excl. Twp. Rd.),No control,unknown,0,0,0,False,False,False,Clear,,False,BANKSIDE DR; BANKSIDE DR ; At; 1 M,3/4/2020 10:09:27 AM,,
45437,16-160476,1469369520000,2016,7,24,14,12,0,Sunday,540602.57103,4809735.77564,-80.498274,43.439429,At/near private drive,2,P.D. only,Thru lane,unknown,unknown,SMV unattended vehicle,Unknown,Daylight,01 - Daylight,Municipal (excl. Twp. Rd.),No control,unknown,0,0,0,False,False,False,Clear,,False,WINSLOW DR; WINSLOW DR ; Near; 7 M,3/4/2020 10:09:26 AM,,
45438,16-161058,1469441640000,2016,7,25,10,14,0,Monday,542008.43021,4810987.81563,-80.480806,43.450624999999995,Non intersection,2,P.D. only,Thru lane,unknown,unknown,SMV unattended vehicle,Unknown,Daylight,01 - Daylight,Municipal (excl. Twp. Rd.),No control,unknown,0,0,0,False,False,False,Clear,,False,BRUBACHER ST; BRUBACHER ST ; Near; 10 M,3/4/2020 10:09:25 AM,,
45439,16-161781,1469514600000,2016,7,26,6,30,0,Tuesday,546634.01936,4802739.94857,-80.424343,43.376087,Intersection related,2,P.D. only,Other,unknown,unknown,SMV other,Unknown,Daylight,01 - Daylight,Regional municipality,Other,Functioning,0,0,0,False,False,False,Clear,,False,ROBERT FERRIE DR; THOMAS SLEE DR; At,3/4/2020 10:09:25 AM,,
45440,16-161799,1469517000000,2016,7,26,7,10,0,Tuesday,542966.96295,4806355.54264,-80.469324,43.408860999999995,At intersection,2,P.D. only,Within intersection,unknown,unknown,SMV unattended vehicle,Unknown,Daylight,01 - Daylight,Municipal (excl. Twp. Rd.),No control,unknown,0,0,0,False,False,False,Clear,,False,SOUTHWOOD DR; SANDSPRINGS CRES; 4 M,3/4/2020 10:09:24 AM,,
45441,16-161882,1469532960000,2016,7,26,11,36,0,Tuesday,538898.51613,4811469.68178,-80.519207,43.455131,Intersection related,2,P.D. only,Thru lane,unknown,unknown,Turning movement,Unknown,Daylight,01 - Daylight,Municipal (excl. Twp. Rd.),Traffic signal,Functioning,0,0,0,False,False,False,Clear,,False,UNION BLVD ; BELMONT AVE W; Near; 10 M,3/4/2020 10:09:23 AM,,
45442,16-161990,1469491140000,2016,7,25,23,59,0,Monday,542515.84864,4809649.64946,-80.474639,43.438547,Non intersection,2,P.D. only,Thru lane,unknown,unknown,SMV unattended vehicle,Unknown,Dark,07 - Dark,Municipal (excl. Twp. Rd.),No control,unknown,0,0,0,False,False,False,Clear,,False,NYBERG ST; NYBERG ST,3/4/2020 10:09:23 AM,,
45443,16-162181,1469518200000,2016,7,26,7,30,0,Tuesday,542582.11568,4810126.07743,-80.473783,43.442833,Intersection related,2,P.D. only,Left turn lane,unknown,unknown,Sideswipe,Unknown,Daylight,01 - Daylight,Regional municipality,Traffic signal,Functioning,0,0,0,False,False,False,Clear,,False,KING ST E; BORDEN AVE N; At,3/4/2020 10:09:22 AM,,
45444,16-162617,1469605380000,2016,7,27,7,43,0,Wednesday,541640.09989,4810375.39573,-80.485405,43.445130999999996,At/near private drive,2,P.D. only,Thru lane,unknown,unknown,Turning movement,Unknown,Daylight,01 - Daylight,Municipal (excl. Twp. Rd.),No control,unknown,0,0,0,False,False,False,Clear,,False,CEDAR ST S; CEDAR ST S; Near; 3 M,3/4/2020 10:09:21 AM,,
45445,16-163012,1469631600000,2016,7,27,15,0,0,Wednesday,544563.00116,4809601.74387,-80.449348,43.437996999999996,At intersection,2,P.D. only,Within intersection,unknown,unknown,SMV other,Unknown,Daylight,01 - Daylight,Municipal (excl. Twp. Rd.),Yield sign,Functioning,0,0,0,False,False,False,Clear,,False,BROADVIEW CRT ; BROADVIEW AVE ; 100 M,3/7/2019 1:21:52 PM,,
45446,16-163136,1469645280000,2016,7,27,18,48,0,Wednesday,539295.07315,4811573.25199,-80.514298,43.456043,At intersection,2,P.D. only,Within intersection,unknown,unknown,Angle,Unknown,Daylight,01 - Daylight,Municipal (excl. Twp. Rd.),Stop sign,Functioning,0,0,0,False,False,False,Clear,,False,MT HOPE ST ; PARK ST,3/4/2020 10:09:21 AM,,
45447,16-163661,1469656800000,2016,7,27,22,0,0,Wednesday,546600.34757,4808555.24171,-80.424263,43.42845,Non intersection,2,P.D. only,Thru lane,unknown,unknown,SMV unattended vehicle,Unknown,"Dark, artificial","08 - Dark, artificial",Municipal (excl. Twp. Rd.),No control,unknown,0,0,0,False,False,False,Clear,,False,GREENDALE CRES; GREENDALE CRES,3/4/2020 10:09:20 AM,,
45448,16-163849,1469720700000,2016,7,28,15,45,0,Thursday,537521.68476,4808505.5212,-80.536428,43.428512,At/near private drive,1,Non-fatal injury,Thru lane,unknown,unknown,Turning movement,Unknown,Daylight,01 - Daylight,Municipal (excl. Twp. Rd.),No control,unknown,0,0,0,False,False,False,Clear,,False,BANKSIDE DR; BANKSIDE DR ; Near; 3 M,3/4/2020 10:09:19 AM,,
45449,16-163889,1469724180000,2016,7,28,16,43,0,Thursday,547576.1442,4803819.03666,-80.41261999999999,43.385743999999995,Intersection related,2,P.D. only,Right turn lane,unknown,unknown,Turning movement,Unknown,Daylight,01 - Daylight,Regional municipality,No control,unknown,0,0,0,False,False,False,Clear,,False,CONESTOGA COLLEGE BLVD ; PINNACLE DR,3/4/2020 10:09:19 AM,,
45450,16-163891,1469584800000,2016,7,27,2,0,0,Wednesday,536347.72766,4809694.31258,-80.55085199999999,43.439274,Non intersection,2,P.D. only,Thru lane,unknown,unknown,SMV unattended vehicle,Unknown,Dark,07 - Dark,Municipal (excl. Twp. Rd.),No control,unknown,0,0,0,False,False,False,Clear,,False,NORTHMANOR CRES; NORTHMANOR CRES ; Near,3/4/2020 10:09:18 AM,,
45451,16-164344,1469737200000,2016,7,28,20,20,0,Thursday,541199.54729,4809540.85755,-80.490912,43.437641,At intersection,2,P.D. only,Within intersection,unknown,unknown,Angle,Unknown,"Dark, artificial","08 - Dark, artificial",Municipal (excl. Twp. Rd.),Stop sign,Functioning,0,0,0,False,False,False,Rain,,False,RUSSEL ST; WOODLAND AVE,3/4/2020 10:09:17 AM,,
45452,16-164811,1469781000000,2016,7,29,8,30,0,Friday,544102.81863,4805113.31881,-80.455396,43.39761,At/near private drive,2,P.D. only,Thru lane,unknown,unknown,Turning movement,Unknown,Daylight,01 - Daylight,Municipal (excl. Twp. Rd.),No control,unknown,0,0,0,False,False,False,Clear,,False,OLD HURON PL; OLD HURON PL ; Near,3/4/2020 10:09:17 AM,,
45453,16-165124,1469848920000,2016,7,30,3,22,0,Saturday,545274.24648,4809242.79212,-80.440589,43.434722,Non intersection,2,P.D. only,Thru lane,unknown,unknown,SMV unattended vehicle,Unknown,Dark,07 - Dark,Regional municipality,No control,unknown,0,0,0,False,False,False,Clear,,False,FERGUS AVE; FERGUS AVE ; At; 1 M,3/4/2020 10:09:16 AM,,