OBJECTID,ACCIDENTNUM,ACCIDENTDATE,ACCIDENT_YEAR,ACCIDENT_MONTH,ACCIDENT_DAY,ACCIDENT_HOUR,ACCIDENT_MINUTE,ACCIDENT_SECOND,ACCIDENT_WEEKDAY,XCOORD,YCOORD,LONGITUDE,LATITUDE,ACCIDENTLOCATION,COLLISIONTYPE,CLASSIFICATIONOFACCIDENT,IMPACTLOCATION,INITIALDIRECTIONOFTRAVELONE,INITIALDIRECTIONOFTRAVELTWO,INITIALIMPACTTYPE,INTTRAFFICCONTROL,LIGHT,LIGHTFORREPORT,ROADJURISDICTION,TRAFFICCONTROL,TRAFFICCONTROLCONDITION,THRULANENO,NORTHBOUNDDISOBEYCOUNT,SOUTHBOUNDDISOBEYCOUNT,PEDESTRIANINVOLVED,CYCLISTINVOLVED,MOTORCYCLISTINVOLVED,ENVIRONMENTCONDITION1,ENVIRONMENTCONDITION2,SELFREPORTED,XMLIMPORTNOTES,LASTEDITEDDATE,CREATE_BY,CREATE_DATE
45454,16-165434,1469890440000,2016,7,30,14,54,0,Saturday,545432.54853,4808342.58842,-80.43870799999999,43.426607,At intersection,2,P.D. only,Within intersection,unknown,unknown,SMV other,Unknown,Daylight,01 - Daylight,Municipal (excl. Twp. Rd.),Stop sign,Functioning,0,0,0,False,False,False,Clear,,False,KINGSWAY DR; CEDARWOODS CRES,3/4/2020 10:09:15 AM,,
45455,16-165561,1469902200000,2016,7,30,18,10,0,Saturday,545028.02001,4812003.16158,-80.44340299999999,43.459590999999996,At intersection,1,Non-fatal injury,Within intersection,unknown,unknown,Turning movement,Unknown,Daylight,01 - Daylight,Regional municipality,Stop sign,Functioning,0,0,0,False,True,False,Clear,,False,LORRAINE AVE ; MONTCALM DR,3/4/2020 10:09:15 AM,,
45456,16-166385,1469992920000,2016,7,31,19,22,0,Sunday,543586.12911,4804399.39674,-80.461833,43.391211999999996,Other,2,P.D. only,Off highway,unknown,unknown,SMV other,Unknown,Daylight,01 - Daylight,Private property,No control,unknown,0,0,0,False,False,False,Clear,,False,PRIVATE DRIVE; MARL MEADOW DR ; At,3/4/2020 10:09:14 AM,,
45457,16-166706,1469961600000,2016,7,31,10,40,0,Sunday,546203.64644,4810896.47641,-80.428966,43.449555,Non intersection,2,P.D. only,Thru lane,unknown,unknown,SMV unattended vehicle,Unknown,Daylight,01 - Daylight,Municipal (excl. Twp. Rd.),No control,unknown,0,0,0,False,False,False,Clear,,False,FOXWOOD PL; OLDFIELD DR; Near; 15 M,3/4/2020 10:09:13 AM,,
45458,16-166849,1470054840000,2016,8,1,12,34,0,Monday,540069.21291,4810885.10476,-80.50478,43.449805999999995,At intersection,2,P.D. only,Off highway,unknown,unknown,SMV other,Unknown,Daylight,01 - Daylight,Municipal (excl. Twp. Rd.),Stop sign,Functioning,0,0,0,False,False,True,Clear,,False,PARK ST; CHERRY ST,3/4/2020 10:09:13 AM,,
45459,16-167465,1470009600000,2016,8,1,0,0,0,Monday,541068.0,4811108.0,0.0,0.0,Non intersection,2,P.D. only,Right shoulder,unknown,unknown,SMV unattended vehicle,Unknown,Dark,07 - Dark,Regional municipality,No control,unknown,0,0,0,False,False,False,Clear,,False,AHRENS ST W; BLUCHER ST; Near; 100 M,3/4/2020 10:09:12 AM,,
45460,16-167493,1470121200000,2016,8,2,7,0,0,Tuesday,547643.14361,4811320.34867,-80.41113899999999,43.453281,Other,2,P.D. only,Off highway,unknown,unknown,SMV unattended vehicle,Unknown,Other,99 - Other,Private property,No control,unknown,0,0,0,False,False,False,Other,,False,PRIVATE DRIVE; ZELLER DR; At,3/4/2020 10:09:11 AM,,
45461,16-168983,1470297060000,2016,8,4,7,51,0,Thursday,545917.16962,4805379.74245,-80.43297,43.3999,At/near private drive,1,Non-fatal injury,Thru lane,unknown,unknown,Turning movement,Unknown,Daylight,01 - Daylight,Municipal (excl. Twp. Rd.),No control,unknown,0,0,0,False,True,False,Clear,,False,GREEN VALLEY DR; GREEN VALLEY DR ; At; 5 M,3/4/2020 10:09:10 AM,,
45462,16-169356,1470326400000,2016,8,4,16,0,0,Thursday,540148.29092,4810120.03077,-80.50385899999999,43.442913,Intersection related,2,P.D. only,Thru lane,unknown,unknown,Rear end,Unknown,Daylight,01 - Daylight,Regional municipality,Traffic signal,Functioning,0,0,0,False,False,False,Clear,,False,WEST AVE; HOMEWOOD AVE; Near,3/4/2020 10:09:10 AM,,
45463,16-169982,1470326400000,2016,8,4,16,0,0,Thursday,539992.14746,4810318.12425,-80.505774,43.444705,Non intersection,2,P.D. only,Thru lane,unknown,unknown,Angle,Unknown,Daylight,01 - Daylight,Regional municipality,No control,unknown,0,0,0,False,True,False,Clear,,False,WEST AVE; VICTORIA ST S; 40 M,3/4/2020 10:09:09 AM,,
45464,16-170155,1470408780000,2016,8,5,14,53,0,Friday,536864.92331,4808445.59268,-80.544546,43.428005,At intersection,1,Non-fatal injury,Within intersection,unknown,unknown,Sideswipe,Unknown,Daylight,01 - Daylight,Municipal (excl. Twp. Rd.),Stop sign,Functioning,0,0,0,False,False,False,Clear,,False,WESTFOREST TRAIL; WESTMEADOW DR,3/4/2020 10:09:08 AM,,
45465,16-170875,1470481860000,2016,8,6,11,11,0,Saturday,544920.5668,4804865.82832,-80.445319,43.395333,At/near private drive,1,Non-fatal injury,Thru lane,unknown,unknown,Turning movement,Unknown,Daylight,01 - Daylight,Municipal (excl. Twp. Rd.),No control,unknown,0,0,0,False,False,False,Clear,,False,PIONEER DR; DOON VILLAGE RD; Near; 75 M,3/4/2020 10:09:07 AM,,
45466,16-171058,1470477600000,2016,8,6,10,0,0,Saturday,546866.50931,4811300.44174,-80.420739,43.453151,Non intersection,2,P.D. only,Right shoulder,unknown,unknown,SMV unattended vehicle,Unknown,Daylight,01 - Daylight,Municipal (excl. Twp. Rd.),No control,unknown,0,0,0,False,False,False,Clear,,False,JANET CRT; ZELLER DR ; At,3/4/2020 10:09:06 AM,,
45467,16-171575,1470557820000,2016,8,7,8,17,0,Sunday,537831.3515,4808855.20284,-80.532578,43.431644999999996,Non intersection,2,P.D. only,Right shoulder,unknown,unknown,SMV other,Unknown,Daylight,01 - Daylight,Municipal (excl. Twp. Rd.),No control,unknown,0,0,0,False,False,False,Clear,,False,BANKSIDE DR; 142 BANKSIDE DR; 1 M,3/4/2020 10:09:06 AM,,
45468,16-171750,1470577800000,2016,8,7,13,50,0,Sunday,544235.01132,4808802.86604,-80.453465,43.430823,At intersection,1,Non-fatal injury,Within intersection,unknown,unknown,Angle,Unknown,Daylight,01 - Daylight,Municipal (excl. Twp. Rd.),Stop sign,Functioning,0,0,0,False,True,False,Clear,,False,CONNAUGHT ST; FIFTH AVE,3/4/2020 10:09:05 AM,,
45469,16-171820,1470585840000,2016,8,7,16,4,0,Sunday,539180.54409,4810270.48937,-80.515807,43.444319,Non intersection,2,P.D. only,Thru lane,unknown,unknown,SMV unattended vehicle,Unknown,Daylight,01 - Daylight,Municipal (excl. Twp. Rd.),No control,unknown,0,0,0,False,False,False,Clear,,False,KARN ST ; KARN ST ; Near; 1 M,3/4/2020 10:09:04 AM,,
45470,16-171880,1470593400000,2016,8,7,18,10,0,Sunday,540791.83796,4806194.21691,-80.4962,43.40753,Non intersection,2,P.D. only,Not on roadway - left side,unknown,unknown,SMV other,Unknown,Daylight,01 - Daylight,Municipal (excl. Twp. Rd.),No control,unknown,0,0,0,False,False,False,Clear,,False,ERINBROOK DR ; ERINBROOK DR; At; 2 M,3/4/2020 10:09:04 AM,,
45471,16-172491,1470666840000,2016,8,8,14,34,0,Monday,537219.13991,4807577.93687,-80.540229,43.420175,At intersection,1,Non-fatal injury,Within intersection,unknown,unknown,Turning movement,Unknown,Daylight,01 - Daylight,Municipal (excl. Twp. Rd.),Stop sign,Functioning,0,0,0,False,False,False,Clear,,False,WESTHEIGHTS DR; BROKEN OAK CRES,3/4/2020 10:09:03 AM,,
45472,16-172511,1470668220000,2016,8,8,14,57,0,Monday,541172.46071,4812720.72513,-80.491007,43.466274,At intersection,2,P.D. only,Within intersection,unknown,unknown,Angle,Unknown,Daylight,01 - Daylight,Municipal (excl. Twp. Rd.),Stop sign,Functioning,0,0,0,False,False,False,Clear,,False,FAIRFIELD AVE; ST LEGER ST,3/4/2020 10:09:02 AM,,
45473,16-172629,1470677400000,2016,8,8,17,30,0,Monday,543246.88248,4804520.82678,-80.46601199999999,43.392325,At intersection,2,P.D. only,Within intersection,unknown,unknown,Angle,Unknown,Daylight,01 - Daylight,Regional municipality,Yield sign,Functioning,0,0,0,False,False,False,Clear,,False,HURON RD; STRASBURG RD,3/4/2020 10:09:02 AM,,
45474,16-173233,1470744600000,2016,8,9,12,10,0,Tuesday,544044.91537,4807706.77686,-80.455902,43.420964999999995,Non intersection,2,P.D. only,Thru lane,unknown,unknown,SMV unattended vehicle,Unknown,Daylight,01 - Daylight,Regional municipality,No control,unknown,0,0,0,False,False,False,Clear,,False,VANIER DR; VANIER DR ; Near; 1 M,3/4/2020 10:09:01 AM,,
45475,16-173244,1470745380000,2016,8,9,12,23,0,Tuesday,541387.60492,4810984.92909,-80.488479,43.450632999999996,Non intersection,2,P.D. only,Right shoulder,unknown,unknown,SMV other,Unknown,Daylight,01 - Daylight,Municipal (excl. Twp. Rd.),No control,unknown,0,0,0,False,False,False,Clear,,False,QUEEN ST N; DUKE ST W; 30 M,3/7/2019 1:21:50 PM,,
45476,16-173454,1470763560000,2016,8,9,17,26,0,Tuesday,541181.48288,4809391.28006,-80.491146,43.436295,Intersection related,1,Non-fatal injury,Left turn lane,unknown,unknown,Rear end,Unknown,Daylight,01 - Daylight,Regional municipality,Traffic signal,Functioning,0,1,0,False,False,False,Clear,,False,STIRLING AVE S; HIGHLAND RD E; At,3/4/2020 10:09:00 AM,,
45477,16-173628,1470781320000,2016,8,9,22,22,0,Tuesday,541645.81364,4810384.49612,-80.485333,43.445212,At/near private drive,2,P.D. only,Thru lane,unknown,unknown,Turning movement,Unknown,Dark,07 - Dark,Municipal (excl. Twp. Rd.),No control,unknown,0,0,0,False,False,False,Clear,,False,CEDAR ST S; CEDAR ST S; At; 3 M,3/4/2020 10:08:59 AM,,
45478,16-173815,1470814500000,2016,8,10,7,35,0,Wednesday,543542.03997,4805002.85872,-80.462329,43.396648,At/near private drive,1,Non-fatal injury,Thru lane,unknown,unknown,Rear end,Unknown,Daylight,01 - Daylight,Municipal (excl. Twp. Rd.),No control,unknown,0,0,0,False,False,False,Clear,,False,BATTLER RD; BATTLER RD ; 15 M,3/4/2020 10:08:59 AM,,
45479,16-174077,1470817200000,2016,8,10,8,20,0,Wednesday,543751.24836,4805553.38796,-80.459702,43.401593,Intersection related,2,P.D. only,Thru lane,unknown,unknown,Rear end,Unknown,Daylight,01 - Daylight,Municipal (excl. Twp. Rd.),Stop sign,Functioning,0,0,0,False,False,False,Clear,,False,BEASLEY DR; TRILLIUM DR,3/4/2020 10:08:58 AM,,
45480,16-175060,1468868400000,2016,7,18,19,0,0,Monday,548013.75563,4806394.24568,-80.40699099999999,43.408902999999995,Non intersection,2,P.D. only,Thru lane,unknown,unknown,SMV unattended vehicle,Unknown,Daylight,01 - Daylight,Municipal (excl. Twp. Rd.),No control,unknown,0,0,0,False,False,False,Clear,,False,LANTERN ST; WINIFRED ST; 12 M,3/4/2020 10:08:57 AM,,
45481,16-175124,1470936660000,2016,8,11,17,31,0,Thursday,540749.18825,4809246.06406,-80.496499,43.435010999999996,Non intersection,2,P.D. only,Thru lane,unknown,unknown,SMV unattended vehicle,Unknown,Daylight,01 - Daylight,Regional municipality,No control,unknown,0,0,0,False,False,False,Clear,,False,PLEASANT AVE; PLEASANT AVE ; At; 4 M,3/4/2020 10:08:57 AM,,
45482,16-175530,1470982500000,2016,8,12,6,15,0,Friday,540889.02271,4811282.50164,-80.494618,43.45334,Non intersection,2,P.D. only,Not on roadway - right side,unknown,unknown,SMV other,Unknown,Dark,07 - Dark,Municipal (excl. Twp. Rd.),No control,unknown,0,0,0,False,False,False,Clear,,False,FRANCIS ST N; WATER ST N; 110 M,3/4/2020 10:08:56 AM,,
45483,16-175819,1471011480000,2016,8,12,14,18,0,Friday,547773.38412,4810987.43553,-80.40955799999999,43.450275,At intersection,2,P.D. only,Within intersection,unknown,unknown,Angle,Unknown,Daylight,01 - Daylight,Municipal (excl. Twp. Rd.),Stop sign,Functioning,0,0,0,False,False,False,Clear,,False,ZELLER DR; PEBBLECREEK DR,3/4/2020 10:08:55 AM,,
45484,16-175988,1471006800000,2016,8,12,13,0,0,Friday,544958.96271,4808204.58666,-80.44457,43.425393,Non intersection,2,P.D. only,Right shoulder,unknown,unknown,SMV unattended vehicle,Unknown,Daylight,01 - Daylight,Municipal (excl. Twp. Rd.),No control,unknown,0,0,0,False,False,False,Clear,,False,GREENFIELD AVE; 565 GREENFIELD AVE,3/4/2020 10:08:55 AM,,
45485,16-176120,1471034640000,2016,8,12,20,44,0,Friday,544282.85673,4808356.28828,-80.45291,43.426798999999995,Intersection related,1,Non-fatal injury,Not on roadway - right side,unknown,unknown,SMV other,Unknown,Dark,07 - Dark,Regional municipality,Stop sign,Functioning,0,0,0,False,False,False,Clear,,False,FRANKLIN ST S; WILSON AVE,3/4/2020 10:08:54 AM,,
45486,16-177297,1471033800000,2016,8,12,20,30,0,Friday,538667.78663,4809218.89382,-80.522218,43.434877,At/near private drive,2,unknown,Thru lane,unknown,unknown,SMV unattended vehicle,Unknown,Daylight,01 - Daylight,Municipal (excl. Twp. Rd.),No control,unknown,0,0,0,False,False,False,Clear,,False,WYCLIFFE PL; WYCLIFFE PL; At; 1 M,3/4/2020 10:08:53 AM,,
45487,16-177342,1471174860000,2016,8,14,11,41,0,Sunday,541076.92672,4809550.83195,-80.492426,43.437737999999996,Non intersection,2,P.D. only,Thru lane,unknown,unknown,SMV unattended vehicle,Unknown,Daylight,01 - Daylight,Regional municipality,No control,unknown,0,0,0,False,False,False,Clear,,False,HIGHLAND RD E; DELAWARE AVE ; Near; 20 M,3/4/2020 10:08:53 AM,,
45488,16-177572,1471194000000,2016,8,14,17,0,0,Sunday,544970.57445,4811010.0,-80.444195,43.450652,At/near private drive,1,Non-fatal injury,Thru lane,unknown,unknown,Turning movement,Unknown,Daylight,01 - Daylight,Regional municipality,No control,unknown,0,0,0,False,False,False,Clear,,False,RIVER RD E; OTTAWA ST N; At,3/4/2020 10:08:52 AM,,
45489,16-177902,1471190400000,2016,8,14,16,0,0,Sunday,543921.99445,4805130.61766,-80.457627,43.397776,At intersection,2,unknown,Right turn channel,unknown,unknown,Rear end,Unknown,Daylight,01 - Daylight,Municipal (excl. Twp. Rd.),Yield sign,Functioning,0,0,0,False,False,False,Clear,,False,HURON RD; OLD HURON RD,3/4/2020 10:08:51 AM,,
45490,16-178210,1471114800000,2016,8,13,19,0,0,Saturday,541914.33853,4810072.91505,-80.482039,43.442392,Non intersection,2,P.D. only,Thru lane,unknown,unknown,Sideswipe,Unknown,Daylight,01 - Daylight,Municipal (excl. Twp. Rd.),No control,unknown,0,0,0,False,False,False,Rain,,False,STIRLING AVE S; STIRLING AVE S; Near,3/4/2020 10:08:51 AM,,
45491,16-178985,1471086000000,2016,8,13,11,0,0,Saturday,541787.07467,4810799.1336,-80.483556,43.448938,At intersection,2,P.D. only,Within intersection,unknown,unknown,Other,Unknown,Daylight,01 - Daylight,Municipal (excl. Twp. Rd.),Stop sign,Functioning,0,0,0,False,False,False,Clear,,False,DUKE ST E; EBY ST N,3/4/2020 10:08:50 AM,,
45492,16-179012,1471367580000,2016,8,16,17,13,0,Tuesday,541737.35646,4811592.90083,-80.48411,43.456088,At/near private drive,2,P.D. only,Off highway,unknown,unknown,SMV other,Unknown,Daylight,01 - Daylight,Regional municipality,No control,unknown,0,0,0,False,False,False,Clear,,False,QUEEN ST N; QUEEN ST N; 5 M,3/4/2020 10:08:49 AM,,
45493,16-179059,1471356000000,2016,8,16,14,0,0,Tuesday,541317.17324,4810904.44834,-80.489355,43.449912,Non intersection,2,P.D. only,Thru lane,unknown,unknown,Sideswipe,Unknown,Daylight,01 - Daylight,Regional municipality,No control,unknown,0,0,0,False,False,False,Clear,,False,KING ST W; 10 KING ST W; 1 M,3/4/2020 10:08:49 AM,,
45494,16-179322,1471404600000,2016,8,17,3,30,0,Wednesday,545273.99356,4811427.84808,-80.440411,43.454395999999996,Intersection related,2,P.D. only,Right shoulder,unknown,unknown,SMV other,Unknown,"Dark, artificial","08 - Dark, artificial",Municipal (excl. Twp. Rd.),No control,unknown,0,0,0,False,False,False,Clear,,False,INDIAN RD ; MONTCALM DR,3/4/2020 10:08:48 AM,,
45495,16-179389,1471398660000,2016,8,17,1,51,0,Wednesday,545876.64558,4803393.13503,-80.43363699999999,43.382014999999996,Non intersection,2,P.D. only,Left shoulder,unknown,unknown,SMV other,Unknown,"Dark, artificial","08 - Dark, artificial",Municipal (excl. Twp. Rd.),No control,unknown,0,0,0,False,False,False,Clear,,False,PINE VALLEY DR ; PINE VALLEY DR ; At; 1 M,3/4/2020 10:08:47 AM,,
45496,16-179888,1471455600000,2016,8,17,17,40,0,Wednesday,542254.01953,4807866.67277,-80.47801199999999,43.422508,Non intersection,1,Non-fatal injury,Thru lane,unknown,unknown,Angle,Unknown,Daylight,01 - Daylight,Municipal (excl. Twp. Rd.),No control,unknown,0,0,0,False,False,False,Rain,,False,ALPINE RD; KINGSWOOD DR; 40 M,3/4/2020 10:08:47 AM,,
45497,16-179982,1471465620000,2016,8,17,20,27,0,Wednesday,540172.52308,4809413.88248,-80.50361199999999,43.436552999999996,At intersection,1,Non-fatal injury,Within intersection,unknown,unknown,Angle,Unknown,Dusk,05 - Dusk,Regional municipality,Traffic signal,Functioning,0,1,0,False,False,False,Rain,,False,BELMONT AVE E; QUEENS BLVD; 3 M,3/4/2020 10:08:46 AM,,
45498,16-180133,1471484160000,2016,8,18,1,36,0,Thursday,541944.9076,4808933.98482,-80.481749,43.432134999999995,Non intersection,1,Non-fatal injury,Thru lane,unknown,unknown,Sideswipe,Unknown,"Dark, artificial","08 - Dark, artificial",Municipal (excl. Twp. Rd.),No control,unknown,0,0,0,False,False,False,Clear,,False,HOFFMAN ST; OLYMPIC DR; Near; 51 M,3/4/2020 10:08:45 AM,,
45499,16-180243,1471451700000,2016,8,17,16,35,0,Wednesday,544377.53668,4806625.77363,-80.451881,43.411212,At/near private drive,2,P.D. only,Thru lane,unknown,unknown,Sideswipe,Unknown,Daylight,01 - Daylight,Municipal (excl. Twp. Rd.),No control,unknown,0,0,0,False,False,False,Clear,,False,OTONABEE DR; OTONABEE DR; At,3/4/2020 10:08:44 AM,,
45500,16-180322,1471107600000,2016,8,13,17,0,0,Saturday,544457.2646,4810556.15774,-80.450576,43.446596,At/near private drive,2,P.D. only,Thru lane,unknown,unknown,SMV unattended vehicle,Unknown,Daylight,01 - Daylight,Municipal (excl. Twp. Rd.),No control,unknown,0,0,0,False,False,False,Clear,,False,DREGER AVE; DREGER AVE ; Near,3/4/2020 10:08:44 AM,,
45501,16-180629,1471538340000,2016,8,18,16,39,0,Thursday,542524.22792,4807123.01736,-80.474732,43.415797,At intersection,1,Non-fatal injury,Within intersection,unknown,unknown,Angle,Unknown,Daylight,01 - Daylight,Municipal (excl. Twp. Rd.),Stop sign,Functioning,0,0,0,False,True,False,Clear,,False,COUNTRY HILL DR; CHERRY HILL DR,3/4/2020 10:08:43 AM,,
45502,16-180996,1471548780000,2016,8,18,19,33,0,Thursday,543440.98118,4811727.24304,-80.463042,43.457201,At/near private drive,2,P.D. only,Thru lane,unknown,unknown,SMV unattended vehicle,Unknown,Daylight,01 - Daylight,Municipal (excl. Twp. Rd.),No control,unknown,0,0,0,False,False,False,Clear,,False,ETON DR; ETON DR ; Near; 1 M,3/4/2020 10:08:42 AM,,
45503,16-181084,1471537800000,2016,8,18,16,30,0,Thursday,544274.49226,4807720.16292,-80.453065,43.421071999999995,At/near private drive,2,P.D. only,Thru lane,unknown,unknown,Turning movement,Unknown,Daylight,01 - Daylight,Municipal (excl. Twp. Rd.),No control,unknown,0,0,0,False,False,False,Clear,,False,TRAYNOR AVE; TRAYNOR AVE ; Near,3/4/2020 10:08:42 AM,,
45504,16-181133,1471602720000,2016,8,19,10,32,0,Friday,541201.88431,4810898.19598,-80.490781,43.449861999999996,At intersection,2,P.D. only,Within intersection,unknown,unknown,Turning movement,Unknown,Daylight,01 - Daylight,Municipal (excl. Twp. Rd.),Stop sign,Functioning,0,0,0,False,False,False,Clear,,False,HALLS LANE W; ONTARIO ST N,3/4/2020 10:08:41 AM,,
45505,16-181456,1471621800000,2016,8,19,15,50,0,Friday,540794.67041,4811370.89037,-80.495778,43.454141,Intersection related,2,P.D. only,Thru lane,unknown,unknown,Rear end,Unknown,Daylight,01 - Daylight,Regional municipality,Traffic signal,Functioning,0,0,0,False,False,False,Clear,,False,COURTLAND AVE E; QUEEN ST S; Near; 75 M,3/4/2020 10:08:40 AM,,
45506,16-181825,1471662600000,2016,8,20,3,10,0,Saturday,541796.51195,4808179.25561,-80.48364,43.425348,At/near private drive,2,P.D. only,Thru lane,unknown,unknown,Turning movement,Unknown,"Daylight, artificial","02 - Daylight, artificial",Regional municipality,Stop sign,Functioning,0,0,0,False,False,False,Clear,,False,ALPINE RD ; OTTAWA ST S; At; 1 M,3/4/2020 10:08:40 AM,,
45507,16-182016,1471592700000,2016,8,19,7,45,0,Friday,547934.66523,4810834.82292,-80.407578,43.448890999999996,At/near private drive,2,P.D. only,Thru lane,unknown,unknown,Other,Unknown,Daylight,01 - Daylight,Municipal (excl. Twp. Rd.),No control,unknown,0,0,0,False,False,False,Clear,,False,AMELIA CRT; AMELIA CRT; At,3/4/2020 10:08:39 AM,,
45508,16-182074,1471612500000,2016,8,19,13,15,0,Friday,540172.48796,4809413.4936,-80.50361199999999,43.43655,Intersection related,2,P.D. only,Thru lane,unknown,unknown,Rear end,Unknown,Daylight,01 - Daylight,Regional municipality,Traffic signal,Functioning,0,0,0,False,False,False,Clear,,False,BELMONT AVE E; QUEENS BLVD,3/4/2020 10:08:38 AM,,
45509,16-182099,1471696200000,2016,8,20,12,30,0,Saturday,538979.85475,4806022.84201,-80.51859,43.406082999999995,Non intersection,2,P.D. only,Thru lane,unknown,unknown,SMV unattended vehicle,Unknown,Daylight,01 - Daylight,Municipal (excl. Twp. Rd.),No control,unknown,0,0,0,False,False,False,Clear,,False,DAVID BERGEY DR; DAVID BERGEY DR ; Near; 1 M,3/4/2020 10:08:38 AM,,
45510,16-182247,1471689000000,2016,8,20,10,30,0,Saturday,538065.04616,4809825.63174,-80.529623,43.440371,Non intersection,2,P.D. only,Thru lane,unknown,unknown,Turning movement,Unknown,Daylight,01 - Daylight,Municipal (excl. Twp. Rd.),No control,unknown,0,0,0,False,False,False,Clear,,False,INGLESIDE DR; INGLESIDE DR ; Near,3/4/2020 10:08:37 AM,,
45511,16-182538,1471740000000,2016,8,21,0,40,0,Sunday,540745.46128,4808829.28663,-80.49657599999999,43.431259,Intersection related,1,Non-fatal injury,Not on roadway - left side,unknown,unknown,SMV other,Unknown,Dark,07 - Dark,Municipal (excl. Twp. Rd.),No control,unknown,0,0,0,False,False,False,Rain,,False,STIRLING AVE S; HOMER WATSON BLVD; 20 M,3/4/2020 10:08:36 AM,,
45512,16-182867,1471786740000,2016,8,21,13,39,0,Sunday,539609.34458,4806331.93203,-80.51079399999999,43.408833,Non intersection,2,P.D. only,Thru lane,unknown,unknown,SMV unattended vehicle,Unknown,Daylight,01 - Daylight,Municipal (excl. Twp. Rd.),No control,unknown,0,0,0,False,False,False,Clear,,False,ACTIVA AVE; ACTIVA AVE ; Near; 4 M,3/4/2020 10:08:36 AM,,
45513,16-182902,1471790820000,2016,8,21,14,47,0,Sunday,544609.86183,4809092.65221,-80.44881,43.433409999999995,At intersection,1,Non-fatal injury,Within intersection,unknown,unknown,Angle,Unknown,Daylight,01 - Daylight,Regional municipality,Traffic signal,Functioning,0,0,0,False,False,False,Clear,,False,FRANKLIN ST S; KINGSWAY DR,3/4/2020 10:08:35 AM,,
45514,16-182945,1471792500000,2016,8,21,15,15,0,Sunday,540517.22622,4812070.39523,-80.499155,43.460454,At/near private drive,1,Non-fatal injury,Right shoulder,unknown,unknown,Other,Unknown,Daylight,01 - Daylight,Regional municipality,No control,unknown,0,0,0,False,False,False,Clear,,False,BLUCHER ST; WEBER ST W; Near; 100 M,3/4/2020 10:04:29 AM,,
45515,16-182980,1471799100000,2016,8,21,17,5,0,Sunday,538692.41591,4810175.9366,-80.521846,43.443493,Non intersection,1,Non-fatal injury,Thru lane,unknown,unknown,Angle,Unknown,Daylight,01 - Daylight,Municipal (excl. Twp. Rd.),No control,unknown,0,0,0,True,False,False,Clear,,False,BRYBECK CRES ; WESTMOUNT RD W; Near; 60 M,3/4/2020 10:08:34 AM,,
45516,16-183366,1471856400000,2016,8,22,9,0,0,Monday,547126.98401,4808105.54473,-80.417796,43.424368,Non intersection,2,P.D. only,Not on roadway - right side,unknown,unknown,SMV other,Unknown,"Daylight, artificial","02 - Daylight, artificial",Municipal (excl. Twp. Rd.),No control,unknown,0,0,0,False,False,False,Clear,,False,WOODVIEW CRES; WOODVIEW CRES ; Near; 2 M,3/4/2020 10:08:34 AM,,
45517,16-183405,1471806000000,2016,8,21,19,0,0,Sunday,538914.36336,4805669.57107,-80.519424,43.402906,At/near private drive,2,P.D. only,Thru lane,unknown,unknown,SMV unattended vehicle,Unknown,Dusk,05 - Dusk,Municipal (excl. Twp. Rd.),No control,unknown,0,0,0,False,False,False,Clear,,False,ACTIVA AVE; ACTIVA AVE; At; 10 M,3/4/2020 10:08:33 AM,,
45518,16-183463,1471809600000,2016,8,21,20,0,0,Sunday,539985.40021,4807610.14956,-80.506056,43.420322999999996,Non intersection,2,P.D. only,Right shoulder,unknown,unknown,SMV unattended vehicle,Unknown,Dark,07 - Dark,Municipal (excl. Twp. Rd.),No control,unknown,0,0,0,False,False,False,Clear,,False,HOWE DR; WINDALE CRES; Near; 20 M,3/4/2020 10:08:32 AM,,
45519,16-183473,1471784400000,2016,8,21,13,0,0,Sunday,536321.58151,4806816.28435,-80.551367,43.413360999999995,At/near private drive,2,P.D. only,Thru lane,unknown,unknown,SMV unattended vehicle,Unknown,Daylight,01 - Daylight,Municipal (excl. Twp. Rd.),No control,unknown,0,0,0,False,False,False,Clear,,False,GOLDEN MEADOW CRES; GOLDEN MEADOW CRES ; Near,3/4/2020 10:08:32 AM,,
45520,16-183564,1471800600000,2016,8,21,17,30,0,Sunday,541197.67515,4806360.83885,-80.491175,43.409008,At/near private drive,2,P.D. only,Thru lane,unknown,unknown,SMV unattended vehicle,Unknown,Daylight,01 - Daylight,Municipal (excl. Twp. Rd.),No control,unknown,0,0,0,False,False,False,Clear,,False,ROSEBANK CRES; ROSEBANK CRES ; Near,3/4/2020 10:08:31 AM,,
45521,16-183667,1471877400000,2016,8,22,14,50,0,Monday,539757.64774,4808916.37029,-80.508774,43.432096,At/near private drive,2,P.D. only,Thru lane,unknown,unknown,Angle,Unknown,Daylight,01 - Daylight,Municipal (excl. Twp. Rd.),No control,unknown,0,0,0,False,False,False,Clear,,False,GATEWOOD RD; GATEWOOD RD ; At,3/4/2020 10:08:30 AM,,
45522,16-183887,1471899600000,2016,8,22,21,0,0,Monday,542209.75105,4806526.66816,-80.478663,43.410444999999996,Non intersection,2,P.D. only,Right shoulder,unknown,unknown,SMV unattended vehicle,Unknown,"Daylight, artificial","02 - Daylight, artificial",Municipal (excl. Twp. Rd.),No control,unknown,0,0,0,False,False,False,Clear,,False,SETTLERS DR; SETTLERS DR ; Near; 7 M,3/4/2020 10:08:30 AM,,