OBJECTID,ACCIDENTNUM,ACCIDENTDATE,ACCIDENT_YEAR,ACCIDENT_MONTH,ACCIDENT_DAY,ACCIDENT_HOUR,ACCIDENT_MINUTE,ACCIDENT_SECOND,ACCIDENT_WEEKDAY,XCOORD,YCOORD,LONGITUDE,LATITUDE,ACCIDENTLOCATION,COLLISIONTYPE,CLASSIFICATIONOFACCIDENT,IMPACTLOCATION,INITIALDIRECTIONOFTRAVELONE,INITIALDIRECTIONOFTRAVELTWO,INITIALIMPACTTYPE,INTTRAFFICCONTROL,LIGHT,LIGHTFORREPORT,ROADJURISDICTION,TRAFFICCONTROL,TRAFFICCONTROLCONDITION,THRULANENO,NORTHBOUNDDISOBEYCOUNT,SOUTHBOUNDDISOBEYCOUNT,PEDESTRIANINVOLVED,CYCLISTINVOLVED,MOTORCYCLISTINVOLVED,ENVIRONMENTCONDITION1,ENVIRONMENTCONDITION2,SELFREPORTED,XMLIMPORTNOTES,LASTEDITEDDATE,CREATE_BY,CREATE_DATE
45591,16-200509,1473599100000,2016,9,11,13,5,0,Sunday,538249.82068,4809880.48018,-80.52733599999999,43.440855,Intersection related,2,P.D. only,Thru lane,unknown,unknown,Rear end,Unknown,Daylight,01 - Daylight,Municipal (excl. Twp. Rd.),Stop sign,Functioning,0,0,0,False,False,False,Clear,,False,DALEGROVE DR; HAZELGLEN DR,3/4/2020 10:07:46 AM,,
45592,16-201033,1473668160000,2016,9,12,8,16,0,Monday,541944.93122,4815919.34998,-80.481211,43.495031,Non intersection,2,P.D. only,Thru lane,unknown,unknown,SMV unattended vehicle,Unknown,Daylight,01 - Daylight,Municipal (excl. Twp. Rd.),No control,unknown,0,0,0,False,False,False,Clear,,False,HAWKSWOOD DR; OWL RIDGE ST; Near; 5 M,3/4/2020 10:07:45 AM,,
45593,16-201045,1473669000000,2016,9,12,8,30,0,Monday,536889.52819,4808542.87368,-80.544235,43.42888,At intersection,1,Non-fatal injury,Within intersection,unknown,unknown,SMV other,Unknown,Daylight,01 - Daylight,Municipal (excl. Twp. Rd.),Stop sign,Functioning,0,0,0,True,False,False,Clear,,False,HIDDEN CREEK DR; WESTFOREST TRAIL,3/7/2019 1:21:45 PM,,
45594,16-201230,1473681780000,2016,9,12,12,3,0,Monday,541662.01912,4810407.59434,-80.485131,43.44542,Intersection related,1,Non-fatal injury,Within intersection,unknown,unknown,Angle,Unknown,Daylight,01 - Daylight,Regional municipality,Stop sign,Functioning,0,0,0,False,True,False,Clear,,False,CEDAR ST S; CHURCH ST; At; 5 M,3/4/2020 10:07:45 AM,,
45595,16-201703,1473725940000,2016,9,13,0,19,0,Tuesday,543289.47145,4808647.40625,-80.465159,43.429477999999996,At intersection,2,P.D. only,Within intersection,unknown,unknown,SMV other,Unknown,Dark,07 - Dark,Municipal (excl. Twp. Rd.),Stop sign,Functioning,0,0,0,False,False,False,Clear,,False,VANIER DR ; BONIFACE AVE,3/4/2020 10:07:44 AM,,
45596,16-202141,1473771600000,2016,9,13,13,0,0,Tuesday,538997.42368,4807769.89527,-80.518249,43.421813,At/near private drive,2,Non-reportable,Right shoulder,unknown,unknown,SMV unattended vehicle,Unknown,Daylight,01 - Daylight,Municipal (excl. Twp. Rd.),No control,unknown,0,0,0,False,False,False,Clear,,False,FOREST GLEN CRES; FOREST GLEN CRES ; At; 6 M,3/4/2020 10:07:43 AM,,
45597,16-202282,1473755400000,2016,9,13,8,30,0,Tuesday,538721.02801,4806018.47596,-80.521787,43.406057,Non intersection,2,P.D. only,Thru lane,unknown,unknown,SMV unattended vehicle,Unknown,Daylight,01 - Daylight,Municipal (excl. Twp. Rd.),No control,unknown,0,0,0,False,False,False,Clear,,False,PEACH BLOSSOM CRT; PEACH BLOSSOM CRT ; Near,3/4/2020 10:07:43 AM,,
45598,16-202328,1473795180000,2016,9,13,19,33,0,Tuesday,540408.42558,4809295.74508,-80.500705,43.435477,Intersection related,2,P.D. only,Not on roadway - right side,unknown,unknown,SMV other,Unknown,"Dusk, artificial","06 - Dusk, artificial",Municipal (excl. Twp. Rd.),Stop sign,Functioning,0,0,0,False,False,False,Clear,,False,SOUTH DR ; GLEN RD ; At,3/4/2020 10:07:42 AM,,
45599,16-202358,1473440100000,2016,9,9,16,55,0,Friday,542360.3085,4810257.51709,-80.476514,43.444029,Non intersection,2,P.D. only,Thru lane,unknown,unknown,Turning movement,Unknown,Daylight,01 - Daylight,Regional municipality,No control,unknown,0,0,0,False,False,False,Clear,,False,KING ST E; STIRLING AVE N,3/4/2020 10:07:41 AM,,
45600,16-202987,1473868800000,2016,9,14,16,0,0,Wednesday,543756.30336,4809221.77246,-80.459346,43.434622999999995,Intersection related,2,P.D. only,Thru lane,unknown,unknown,Turning movement,Unknown,Daylight,01 - Daylight,Municipal (excl. Twp. Rd.),Stop sign,Functioning,0,0,0,False,False,False,Clear,,False,ECKERT ST; DIXON ST; Near; 14 M,3/4/2020 10:07:41 AM,,
45601,16-203096,1473872400000,2016,9,14,17,0,0,Wednesday,542525.20104,4811475.32593,-80.474381,43.454985,At/near private drive,2,P.D. only,Thru lane,unknown,unknown,SMV unattended vehicle,Unknown,Daylight,01 - Daylight,Municipal (excl. Twp. Rd.),No control,unknown,0,0,0,False,False,False,Clear,,False,EAST AVE; EAST AVE ; At,3/4/2020 10:07:40 AM,,
45602,16-204204,1473904860000,2016,9,15,2,1,0,Thursday,547427.83363,4811392.31804,-80.413793,43.453942999999995,Non intersection,1,Non-fatal injury,Thru lane,unknown,unknown,SMV unattended vehicle,Unknown,"Dark, artificial","08 - Dark, artificial",Municipal (excl. Twp. Rd.),No control,unknown,0,0,0,False,False,False,Clear,,False,ZELLER DR; ZELLER DR ; Near; 5 M,3/4/2020 10:07:39 AM,,
45603,16-204624,1474025400000,2016,9,16,11,30,0,Friday,544731.63197,4811506.72626,-80.447108,43.455138999999996,Intersection related,2,P.D. only,Thru lane,unknown,unknown,Rear end,Unknown,Daylight,01 - Daylight,Municipal (excl. Twp. Rd.),No control,unknown,0,0,0,False,False,False,Clear,,False,RIVER RD E; GIBSON DR; At,3/4/2020 10:07:38 AM,,
45604,16-204659,1474039620000,2016,9,16,15,27,0,Friday,545107.65786,4807724.71732,-80.442773,43.421063,At/near private drive,2,P.D. only,Right turn lane,unknown,unknown,Turning movement,Unknown,Daylight,01 - Daylight,Regional municipality,Traffic signal,Functioning,0,0,0,False,False,False,Clear,,False,WILSON AVE ; FAIRWAY RD S; At; 3 M,3/4/2020 10:07:38 AM,,
45605,16-204683,1474041540000,2016,9,16,15,59,0,Friday,545080.88728,4804783.0181,-80.44334599999999,43.394577999999996,Non intersection,2,P.D. only,Thru lane,unknown,unknown,Turning movement,Unknown,Daylight,01 - Daylight,Regional municipality,No control,unknown,0,0,0,False,False,False,Clear,,False,PIONEER DR; PIONEER DR; At; 0 M,3/4/2020 10:07:37 AM,,
45606,16-205263,1474104600000,2016,9,17,9,30,0,Saturday,541496.77139,4808744.67933,-80.4873,43.430456,At intersection,2,P.D. only,Within intersection,unknown,unknown,Turning movement,Unknown,Daylight,01 - Daylight,Municipal (excl. Twp. Rd.),Stop sign,Functioning,0,0,0,False,False,False,Clear,,False,HIGHLAND RD E; HOFFMAN ST,3/4/2020 10:07:36 AM,,
45607,16-205425,1474119000000,2016,9,17,13,30,0,Saturday,544559.29124,4811737.95758,-80.449219,43.457231,At intersection,2,P.D. only,Within intersection,unknown,unknown,Turning movement,Unknown,Daylight,01 - Daylight,Municipal (excl. Twp. Rd.),Traffic signal,Functioning,0,0,0,False,False,False,Rain,,False,RIVER RD E; LORRAINE AVE,3/4/2020 10:07:36 AM,,
45608,16-205486,1474127100000,2016,9,17,15,45,0,Saturday,541752.23341,4813914.10797,-80.48374799999999,43.476987,Non intersection,1,Non-fatal injury,Thru lane,unknown,unknown,Rear end,Unknown,Daylight,01 - Daylight,Municipal (excl. Twp. Rd.),No control,unknown,0,0,0,False,False,False,Rain,,False,BRIDGEPORT RD ; RIVERBEND DR ; 150 M,3/4/2020 10:07:35 AM,,
45609,16-205496,1474127820000,2016,9,17,15,57,0,Saturday,542842.17938,4809871.88422,-80.47058899999999,43.440529,At intersection,2,P.D. only,Within intersection,unknown,unknown,Angle,Unknown,Daylight,01 - Daylight,Regional municipality,Stop sign,Functioning,0,0,0,False,False,False,Rain,,False,CHARLES ST E; SYDNEY ST S,3/4/2020 10:07:34 AM,,
45610,16-205498,1474021800000,2016,9,16,10,30,0,Friday,543895.41196,4811906.52641,-80.457411,43.458788,Intersection related,2,P.D. only,Right turn lane,unknown,unknown,Rear end,Unknown,Daylight,01 - Daylight,Regional municipality,Traffic signal,Functioning,0,0,0,False,False,False,Clear,,False,KRUG ST; RIVER RD E; At,3/4/2020 10:07:34 AM,,
45611,16-205511,1474126200000,2016,9,17,15,30,0,Saturday,541229.34902,4810748.50441,-80.490453,43.448513,Intersection related,2,P.D. only,Thru lane,unknown,unknown,Rear end,Unknown,Daylight,01 - Daylight,Regional municipality,Stop sign,Functioning,0,0,0,False,False,False,Rain,,False,QUEEN ST S; CHURCH ST; Near,3/4/2020 10:07:33 AM,,
45612,16-206033,1474128900000,2016,9,17,16,15,0,Saturday,545494.81053,4804751.46861,-80.438238,43.394269,At/near private drive,2,P.D. only,Right shoulder,unknown,unknown,SMV unattended vehicle,Unknown,Daylight,01 - Daylight,Municipal (excl. Twp. Rd.),No control,unknown,0,0,0,False,False,False,Rain,,False,UPPER CANADA DR; UPPER CANADA DR ; Near,3/4/2020 10:07:32 AM,,
45613,16-206237,1474074000000,2016,9,17,1,0,0,Saturday,546320.42938,4804888.0221,-80.428032,43.395447999999995,Non intersection,2,P.D. only,Right shoulder,unknown,unknown,SMV unattended vehicle,Unknown,"Dark, artificial","08 - Dark, artificial",Municipal (excl. Twp. Rd.),No control,unknown,0,0,0,False,False,False,Clear,,False,GREEN VALLEY DR; GREEN VALLEY DR,3/4/2020 10:07:32 AM,,
45614,16-206282,1474207800000,2016,9,18,14,10,0,Sunday,541734.39555,4809933.32086,-80.484273,43.441145,Non intersection,2,P.D. only,Thru lane,unknown,unknown,Sideswipe,Unknown,Daylight,01 - Daylight,Regional municipality,No control,unknown,0,0,0,False,False,False,Clear,,False,STIRLING AVE S; COURTLAND AVE E; Near; 5 M,3/4/2020 10:07:31 AM,,
45615,16-206701,1474267620000,2016,9,19,6,47,0,Monday,541819.3139,4805293.48406,-80.48357899999999,43.399363,Non intersection,2,P.D. only,Not on roadway - left side,unknown,unknown,SMV other,Unknown,Dawn,03 - Dawn,Municipal (excl. Twp. Rd.),No control,unknown,0,0,0,False,False,False,Clear,,False,TRILLIUM DR; TRILLIUM DR ; At; 11 M,3/4/2020 10:07:30 AM,,
45616,16-206819,1474275480000,2016,9,19,8,58,0,Monday,546176.25908,4814127.41566,-80.42903,43.478648,At/near private drive,2,P.D. only,Thru lane,unknown,unknown,Other,Unknown,Daylight,01 - Daylight,Municipal (excl. Twp. Rd.),No control,unknown,0,0,0,False,False,False,Clear,,False,SHIRLEY DR; SHIRLEY DR; At,3/4/2020 10:07:30 AM,,
45617,16-207014,1474293000000,2016,9,19,13,50,0,Monday,540266.35752,4811529.07266,-80.502296,43.455594,Non intersection,2,Non-reportable,Thru lane,unknown,unknown,SMV unattended vehicle,Unknown,Daylight,01 - Daylight,Municipal (excl. Twp. Rd.),No control,unknown,0,0,0,False,False,False,Clear,,False,LOUISA ST; MOORE AVE; 50 M,3/4/2020 10:07:29 AM,,
45618,16-207177,1474301700000,2016,9,19,16,15,0,Monday,541226.11718,4811865.96545,-80.490408,43.458574999999996,Intersection related,2,P.D. only,Thru lane,unknown,unknown,Rear end,Unknown,Daylight,01 - Daylight,Municipal (excl. Twp. Rd.),Traffic signal,Functioning,0,0,0,False,False,False,Clear,,False,WELLINGTON ST N; MARGARET AVE; At,3/4/2020 10:07:28 AM,,
45619,16-207647,1474365960000,2016,9,20,10,6,0,Tuesday,545434.4954,4808343.04887,-80.438684,43.426611,At intersection,1,Non-fatal injury,Within intersection,unknown,unknown,SMV other,Unknown,Daylight,01 - Daylight,Municipal (excl. Twp. Rd.),Stop sign,Functioning,0,0,0,True,False,False,Clear,,False,KINGSWAY DR; CEDARWOODS CRES; 5 M,3/4/2020 10:07:28 AM,,
45620,16-207949,1474389540000,2016,9,20,16,39,0,Tuesday,543344.44385,4807354.35472,-80.46458299999999,43.417832999999995,At/near private drive,1,Non-fatal injury,Thru lane,unknown,unknown,Other,Unknown,Daylight,01 - Daylight,Municipal (excl. Twp. Rd.),No control,unknown,0,0,0,False,False,False,Clear,,False,FALLOWFIELD DR; FALLOWFIELD DR ; At; 4 M,3/4/2020 10:07:27 AM,,
45621,16-207976,1474391400000,2016,9,20,17,10,0,Tuesday,542495.93638,4812516.15583,-80.474662,43.464358,Non intersection,1,Non-fatal injury,Thru lane,unknown,unknown,Turning movement,Unknown,Daylight,01 - Daylight,Municipal (excl. Twp. Rd.),No control,unknown,0,0,0,False,False,False,Clear,,False,WELLINGTON ST N; WELLINGTON ST N; 15 M,3/4/2020 10:07:26 AM,,
45622,16-208117,1474404000000,2016,9,20,20,40,0,Tuesday,540528.5732,4809292.05319,-80.49922099999999,43.435437,Non intersection,2,Non-reportable,Thru lane,unknown,unknown,SMV unattended vehicle,Unknown,"Dark, artificial","08 - Dark, artificial",Municipal (excl. Twp. Rd.),No control,unknown,0,0,0,False,False,False,Clear,,False,PERTH RD; PERTH RD; 1 M,3/4/2020 10:07:25 AM,,
45623,16-208560,1474447500000,2016,9,21,8,45,0,Wednesday,539986.94065,4810973.88928,-80.50578999999999,43.45061,Non intersection,2,P.D. only,Thru lane,unknown,unknown,SMV other,Unknown,Daylight,01 - Daylight,Municipal (excl. Twp. Rd.),No control,unknown,0,0,0,False,False,False,Clear,,False,PARK ST; PARK ST; Near,3/4/2020 10:07:25 AM,,
45624,16-208795,1474471800000,2016,9,21,15,30,0,Wednesday,541347.19013,4809264.87162,-80.489109,43.435148,At/near private drive,2,P.D. only,Thru lane,unknown,unknown,SMV unattended vehicle,Unknown,Daylight,01 - Daylight,Municipal (excl. Twp. Rd.),No control,unknown,0,0,0,False,False,False,Clear,,False,CHARLES BEST PL; CHARLES BEST PL,3/4/2020 10:07:24 AM,,
45625,16-208827,1474476600000,2016,9,21,16,50,0,Wednesday,540794.32133,4809158.90863,-80.495948,43.434224,At/near private drive,2,P.D. only,Thru lane,unknown,unknown,Turning movement,Unknown,Daylight,01 - Daylight,Municipal (excl. Twp. Rd.),No control,unknown,0,0,0,False,False,False,Clear,,False,STIRLING AVE S; STIRLING AVE ; At,3/4/2020 10:07:23 AM,,
45626,16-208958,1474492080000,2016,9,21,21,8,0,Wednesday,541523.08372,4808689.2488,-80.48697899999999,43.429955,Non intersection,1,Non-fatal injury,Thru lane,unknown,unknown,SMV unattended vehicle,Unknown,Dark,07 - Dark,Regional municipality,Stop sign,Functioning,0,0,0,False,False,False,Clear,,False,HOFFMAN ST; HIGHLAND RD E; 60 M,3/4/2020 10:07:23 AM,,
45627,16-209205,1474531080000,2016,9,22,7,58,0,Thursday,540641.2089,4811701.59462,-80.49765,43.457127,At intersection,1,Non-fatal injury,Within intersection,unknown,unknown,Angle,Unknown,Daylight,01 - Daylight,Municipal (excl. Twp. Rd.),Stop sign,Functioning,0,0,0,False,False,False,Clear,,False,LOUISA ST; DUKE ST W,3/4/2020 10:07:22 AM,,
45628,16-209519,1474555320000,2016,9,22,14,42,0,Thursday,538677.75238,4807860.76708,-80.52219099999999,43.422647999999995,Non intersection,2,P.D. only,Not on roadway - right side,unknown,unknown,SMV other,Unknown,Daylight,01 - Daylight,Municipal (excl. Twp. Rd.),No control,unknown,0,0,0,False,False,False,Clear,,False,ELM RIDGE DR; ELM RIDGE DR; Near; 5 M,3/4/2020 10:07:21 AM,,
45629,16-210060,1474572600000,2016,9,22,19,30,0,Thursday,540440.79482,4809740.41827,-80.50027299999999,43.439479,Non intersection,2,P.D. only,Thru lane,unknown,unknown,SMV unattended vehicle,Unknown,Dark,07 - Dark,Municipal (excl. Twp. Rd.),No control,unknown,0,0,0,False,False,False,Clear,,False,GARDEN AVE; SPADINA RD W,3/4/2020 10:07:21 AM,,
45630,16-210242,1474632300000,2016,9,23,12,5,0,Friday,545233.53347,4808099.59238,-80.441187,43.424431,Intersection related,2,Non-reportable,Thru lane,unknown,unknown,Rear end,Unknown,Daylight,01 - Daylight,Municipal (excl. Twp. Rd.),Stop sign,Functioning,0,0,0,False,False,False,Clear,,False,GREENFIELD AVE; KINGSWAY DR,3/4/2020 10:07:20 AM,,
45631,16-210364,1474474200000,2016,9,21,16,10,0,Wednesday,543231.00021,4809049.99702,-80.46585,43.433107,At/near private drive,2,P.D. only,Thru lane,unknown,unknown,SMV unattended vehicle,Unknown,Daylight,01 - Daylight,Regional municipality,No control,unknown,0,0,0,False,False,False,Clear,,False,CARWOOD AVE; CARWOOD AVE ; At,3/4/2020 10:07:19 AM,,
45632,16-210467,1474648980000,2016,9,23,16,43,0,Friday,541556.32138,4811282.45881,-80.48637099999999,43.453303,At intersection,2,P.D. only,Within intersection,unknown,unknown,Angle,Unknown,Daylight,01 - Daylight,Municipal (excl. Twp. Rd.),Stop sign,Functioning,0,0,0,False,False,False,Clear,,False,QUEEN ST N; AHRENS ST E,3/7/2019 1:21:44 PM,,
45633,16-211080,1474712100000,2016,9,24,10,15,0,Saturday,542582.09722,4810126.57079,-80.473783,43.442837,Intersection related,1,Non-fatal injury,Left turn lane,unknown,unknown,SMV other,Unknown,Daylight,01 - Daylight,Regional municipality,Traffic signal,Functioning,0,0,0,True,False,False,Clear,,False,BORDEN AVE S; KING ST E; 1 M,3/4/2020 10:07:19 AM,,
45634,16-211353,1474728540000,2016,9,24,14,49,0,Saturday,549406.19632,4806019.42025,-80.389828,43.405438,At/near private drive,2,P.D. only,Thru lane,unknown,unknown,Turning movement,Unknown,Daylight,01 - Daylight,Municipal (excl. Twp. Rd.),No control,unknown,0,0,0,False,False,False,Clear,,False,TU LANE ST; KING ST E; Near; 10 M,3/4/2020 10:07:18 AM,,
45635,16-211370,1474730160000,2016,9,24,15,16,0,Saturday,542269.36665,4806934.32001,-80.47789499999999,43.414111999999996,At/near private drive,1,Non-fatal injury,Thru lane,unknown,unknown,Angle,Unknown,Daylight,01 - Daylight,Regional municipality,Stop sign,Functioning,0,0,0,False,False,True,Clear,,False,BLOCK LINE RD ; 700 STRASBURG RD ; 200 M,3/4/2020 10:07:17 AM,,
45636,16-211682,1474754040000,2016,9,24,21,54,0,Saturday,542313.95723,4810287.89078,-80.47708399999999,43.444305,Intersection related,2,P.D. only,Right turn lane,unknown,unknown,Rear end,Unknown,"Dark, artificial","08 - Dark, artificial",Regional municipality,Traffic signal,Functioning,0,1,0,False,False,False,Clear,,False,STIRLING AVE S; KING ST E,3/4/2020 10:07:17 AM,,
45637,16-211798,1474761060000,2016,9,24,23,51,0,Saturday,546030.57207,4804903.72571,-80.43160999999999,43.395607,At/near private drive,2,P.D. only,Thru lane,unknown,unknown,Turning movement,Unknown,"Dark, artificial","08 - Dark, artificial",Municipal (excl. Twp. Rd.),No control,unknown,0,0,0,False,False,False,Clear,,False,PIONEER DR ; PIONEER DR; Near; 50 M,3/4/2020 10:07:16 AM,,
45638,16-212138,1474786800000,2016,9,25,7,0,0,Sunday,542361.03389,4810520.37491,-80.476484,43.446396,At/near private drive,2,Non-reportable,Right shoulder,unknown,unknown,SMV unattended vehicle,Unknown,"Dark, artificial","08 - Dark, artificial",Municipal (excl. Twp. Rd.),No control,unknown,0,0,0,False,False,False,Clear,,False,FAIRVIEW AVE; FAIRVIEW AVE ; 1 M,3/4/2020 10:07:15 AM,,
45639,16-212185,1474806600000,2016,9,25,12,30,0,Sunday,540729.4269,4806358.79236,-80.49695799999999,43.409015,Non intersection,2,P.D. only,Thru lane,unknown,unknown,SMV unattended vehicle,Unknown,Daylight,01 - Daylight,Municipal (excl. Twp. Rd.),No control,unknown,0,0,0,False,False,False,Clear,,False,ERINBROOK DR; TILLSLEY DR; 25 M,3/4/2020 10:07:14 AM,,
45640,16-212682,1474822200000,2016,9,25,16,50,0,Sunday,539959.60331,4806814.339,-80.506433,43.413157999999996,At/near private drive,2,P.D. only,Right shoulder,unknown,unknown,SMV unattended vehicle,Unknown,Daylight,01 - Daylight,Municipal (excl. Twp. Rd.),No control,unknown,0,0,0,False,False,False,Clear,,False,DINISON CRES; DINISON CRES,3/4/2020 10:07:14 AM,,
45641,16-212730,1474883400000,2016,9,26,9,50,0,Monday,539263.41769,4810014.44648,-80.51480099999999,43.442009,At/near private drive,2,Non-reportable,Thru lane,unknown,unknown,Other,Unknown,Daylight,01 - Daylight,Municipal (excl. Twp. Rd.),No control,unknown,0,0,0,False,False,False,Clear,,False,LAWRENCE AVE ; VICTORIA ST S; Near; 10 M,3/4/2020 10:07:13 AM,,
45642,16-212732,1474883460000,2016,9,26,9,51,0,Monday,539110.90169,4811655.18984,-80.51656799999999,43.456790999999996,Intersection related,1,Non-fatal injury,Left turn lane,unknown,unknown,Sideswipe,Unknown,Daylight,01 - Daylight,Municipal (excl. Twp. Rd.),Traffic signal,Functioning,0,0,0,False,False,False,Clear,,False,UNION BLVD; PARK ST; 25 M,3/4/2020 10:07:12 AM,,
45643,16-212835,1474890900000,2016,9,26,11,55,0,Monday,547783.72336,4804385.55297,-80.41000799999999,43.390831999999996,Non intersection,2,P.D. only,Thru lane,unknown,unknown,Rear end,Unknown,Daylight,01 - Daylight,Regional municipality,Ped. crossover,Functioning,0,0,0,False,False,False,Rain,,False,DOON VALLEY DR; CONESTOGA COLLEGE BLVD ; Near; 1 M,3/4/2020 10:07:12 AM,,
45644,16-212873,1474894020000,2016,9,26,12,47,0,Monday,542582.09116,4810127.52905,-80.473783,43.442845999999996,At intersection,1,Non-fatal injury,Within intersection,unknown,unknown,Turning movement,Unknown,Daylight,01 - Daylight,Regional municipality,Traffic signal,Functioning,0,0,0,False,False,False,Rain,,False,KING ST E; BORDEN AVE N,3/4/2020 10:07:11 AM,,
45645,16-212893,1474894200000,2016,9,26,12,50,0,Monday,541661.0588,4809817.42722,-80.485188,43.440106,At/near private drive,2,P.D. only,Thru lane,unknown,unknown,Rear end,Unknown,Daylight,01 - Daylight,Municipal (excl. Twp. Rd.),No control,unknown,0,0,0,False,False,False,Rain,,False,STIRLING AVE S; STIRLING AVE S; Near,3/4/2020 10:07:10 AM,,
45646,16-212946,1474900200000,2016,9,26,14,30,0,Monday,545626.29027,4804043.8262,-80.436673,43.387889,Non intersection,2,P.D. only,Not on roadway - left side,unknown,unknown,SMV other,Unknown,Daylight,01 - Daylight,Municipal (excl. Twp. Rd.),No control,unknown,0,0,0,False,False,False,Rain,,False,TILT DR ; DOON MILLS DR ; Near; 30 M,3/4/2020 10:07:09 AM,,
45647,16-213121,1474912800000,2016,9,26,18,0,0,Monday,545680.17409,4813883.18641,-80.43518499999999,43.476479,Non intersection,1,Non-fatal injury,Thru lane,unknown,unknown,Rear end,Unknown,Daylight,01 - Daylight,Municipal (excl. Twp. Rd.),No control,unknown,0,0,0,False,False,False,Clear,,False,SHIRLEY AVE; CEDARVIEW PL ; 144 M,3/4/2020 10:07:09 AM,,
45648,16-213629,1474920000000,2016,9,26,20,0,0,Monday,538248.59671,4809338.88828,-80.527389,43.435978999999996,Non intersection,2,P.D. only,Left shoulder,unknown,unknown,SMV unattended vehicle,Unknown,"Dark, artificial","08 - Dark, artificial",Municipal (excl. Twp. Rd.),No control,unknown,0,0,0,False,False,False,Clear,,False,CATALINA CRT; CATALINA CRT,3/4/2020 10:07:08 AM,,
45649,16-214194,1475052240000,2016,9,28,8,44,0,Wednesday,541956.13129,4810869.23889,-80.481461,43.44956,At intersection,2,P.D. only,Within intersection,unknown,unknown,Turning movement,Unknown,Daylight,01 - Daylight,Municipal (excl. Twp. Rd.),No control,unknown,0,0,0,False,False,False,Clear,,False,KRUG ST; LANCASTER ST E,3/7/2019 1:21:43 PM,,
45650,16-214311,1475061660000,2016,9,28,11,21,0,Wednesday,540529.88846,4811652.57334,-80.49902999999999,43.456692,At/near private drive,2,P.D. only,Right shoulder,unknown,unknown,SMV unattended vehicle,Unknown,Daylight,01 - Daylight,Municipal (excl. Twp. Rd.),No control,unknown,0,0,0,False,False,False,Clear,,False,LOUISA ST; LOUISA ST ; Near; 1 M,3/4/2020 10:07:07 AM,,
45651,16-214539,1475079060000,2016,9,28,16,11,0,Wednesday,542457.23279,4807255.01037,-80.475549,43.416989,At/near private drive,1,Non-fatal injury,Thru lane,unknown,unknown,Turning movement,Unknown,Daylight,01 - Daylight,Municipal (excl. Twp. Rd.),No control,unknown,0,0,0,False,False,False,Clear,,False,COUNTRY HILL DR ; COUNTRY HILL DR ; Near; 8 M,3/4/2020 10:07:07 AM,,
45652,16-214970,1475138520000,2016,9,29,8,42,0,Thursday,539405.01604,4810383.18639,-80.513025,43.445322,Intersection related,1,Non-fatal injury,Thru lane,unknown,unknown,Rear end,Unknown,Daylight,01 - Daylight,Municipal (excl. Twp. Rd.),No control,unknown,0,0,0,False,False,False,Rain,,False,BELMONT AVE W; KARN ST ; At; 8 M,3/4/2020 10:07:06 AM,,
45653,16-214998,1475140560000,2016,9,29,9,16,0,Thursday,539050.80564,4811097.42593,-80.51735099999999,43.451772,Non intersection,1,Non-fatal injury,Thru lane,unknown,unknown,Rear end,Unknown,Daylight,01 - Daylight,Municipal (excl. Twp. Rd.),Traffic signal,Functioning,0,0,0,False,False,False,Rain,,False,GLASGOW ST; BELMONT AVE W; Near; 30 M,3/4/2020 10:07:05 AM,,
45654,16-215040,1475089200000,2016,9,28,19,0,0,Wednesday,535891.82445,4809255.9577,-80.55651499999999,43.435348999999995,At/near private drive,2,P.D. only,Thru lane,unknown,unknown,SMV unattended vehicle,Unknown,Daylight,01 - Daylight,Municipal (excl. Twp. Rd.),No control,unknown,0,0,0,False,False,False,Clear,,False,COUNTRYSTONE DR; COUNTRYSTONE DR; At,3/4/2020 10:07:05 AM,,
45655,16-215289,1475162700000,2016,9,29,15,25,0,Thursday,544609.44795,4809091.24769,-80.448815,43.433397,At intersection,2,Non-reportable,Within intersection,unknown,unknown,Angle,Unknown,Daylight,01 - Daylight,Municipal (excl. Twp. Rd.),Traffic signal,Functioning,0,0,0,False,False,False,Rain,,False,KINGSWAY DR; FRANKLIN ST S,3/4/2020 10:07:04 AM,,
45656,16-215367,1475174160000,2016,9,29,18,36,0,Thursday,545696.87186,4808780.7605,-80.435406,43.430536,At/near private drive,2,P.D. only,Thru lane,unknown,unknown,Other,Unknown,Dusk,05 - Dusk,Regional municipality,No control,unknown,0,0,0,False,False,False,Rain,,False,HUBER ST ; JANSEN AVE ; Near; 1 M,3/4/2020 10:07:03 AM,,
45657,16-215849,1475227800000,2016,9,30,9,30,0,Friday,541989.20048,4807423.89253,-80.481318,43.418535999999996,Non intersection,2,P.D. only,Thru lane,unknown,unknown,Rear end,Unknown,Daylight,01 - Daylight,Municipal (excl. Twp. Rd.),Ped. crossover,Functioning,0,0,0,False,False,False,Clear,,False,STRASBURG RD; SELKIRK DR; 100 M,3/4/2020 10:07:03 AM,,
45658,16-216156,1475172000000,2016,9,29,18,0,0,Thursday,542100.91189,4804305.95848,-80.480178,43.390454999999996,At/near private drive,2,P.D. only,Thru lane,unknown,unknown,SMV unattended vehicle,Unknown,Daylight,01 - Daylight,Regional municipality,No control,unknown,0,0,0,False,False,False,Rain,,False,BIANCA CRT; BIANCA CRT ; At,3/4/2020 10:07:02 AM,,