OBJECTID,ACCIDENTNUM,ACCIDENTDATE,ACCIDENT_YEAR,ACCIDENT_MONTH,ACCIDENT_DAY,ACCIDENT_HOUR,ACCIDENT_MINUTE,ACCIDENT_SECOND,ACCIDENT_WEEKDAY,XCOORD,YCOORD,LONGITUDE,LATITUDE,ACCIDENTLOCATION,COLLISIONTYPE,CLASSIFICATIONOFACCIDENT,IMPACTLOCATION,INITIALDIRECTIONOFTRAVELONE,INITIALDIRECTIONOFTRAVELTWO,INITIALIMPACTTYPE,INTTRAFFICCONTROL,LIGHT,LIGHTFORREPORT,ROADJURISDICTION,TRAFFICCONTROL,TRAFFICCONTROLCONDITION,THRULANENO,NORTHBOUNDDISOBEYCOUNT,SOUTHBOUNDDISOBEYCOUNT,PEDESTRIANINVOLVED,CYCLISTINVOLVED,MOTORCYCLISTINVOLVED,ENVIRONMENTCONDITION1,ENVIRONMENTCONDITION2,SELFREPORTED,XMLIMPORTNOTES,LASTEDITEDDATE,CREATE_BY,CREATE_DATE
45659,16-216991,1475321400000,2016,10,1,11,30,0,Saturday,541989.10299,4810446.51287,-80.48108599999999,43.445752,At/near private drive,2,P.D. only,Other,unknown,unknown,SMV unattended vehicle,Unknown,Daylight,01 - Daylight,Municipal (excl. Twp. Rd.),No control,unknown,0,0,0,False,False,False,Rain,,False,CAMERON ST S; CAMERON ST S; Near,3/4/2020 10:07:01 AM,,
45660,16-217220,1475351280000,2016,10,1,19,48,0,Saturday,541757.07764,4811625.74303,-80.483863,43.456382,At intersection,1,Non-fatal injury,Within intersection,unknown,unknown,SMV other,Unknown,Dark,07 - Dark,Municipal (excl. Twp. Rd.),Stop sign,Functioning,0,0,0,True,False,False,Clear,,False,QUEEN ST N; ST.LEGER ST,3/7/2019 1:21:42 PM,,
45661,16-217599,1475365800000,2016,10,1,23,50,0,Saturday,541343.35905,4809061.64405,-80.489171,43.433318,At intersection,2,P.D. only,Within intersection,unknown,unknown,Turning movement,Unknown,"Dark, artificial","08 - Dark, artificial",Regional municipality,No control,unknown,0,0,0,False,False,False,Rain,,False,HIGHLAND RD E; HEIMAN ST,3/7/2019 1:21:41 PM,,
45662,16-217777,1475416800000,2016,10,2,14,0,0,Sunday,539882.14325,4805703.67865,-80.50747,43.403161999999995,Non intersection,1,Non-fatal injury,Off highway,unknown,unknown,SMV unattended vehicle,Unknown,Daylight,01 - Daylight,Municipal (excl. Twp. Rd.),No control,unknown,0,0,0,False,False,False,Clear,,False,COPPER LEAF CRES; COPPER LEAF CRES; At; 3 M,3/4/2020 10:07:01 AM,,
45663,16-217919,1475430540000,2016,10,2,17,49,0,Sunday,543911.77785,4811589.34523,-80.457234,43.455931,Other,2,P.D. only,Off highway,unknown,unknown,SMV other,Unknown,Daylight,01 - Daylight,Municipal (excl. Twp. Rd.),No control,unknown,0,0,0,False,False,False,Rain,,False,CHELSEA RD; At,3/4/2020 10:07:00 AM,,
45664,16-218369,1475301600000,2016,10,1,6,0,0,Saturday,542314.61158,4806866.18394,-80.477341,43.413495999999995,At/near private drive,2,P.D. only,Thru lane,unknown,unknown,SMV unattended vehicle,Unknown,Dark,07 - Dark,Regional municipality,No control,unknown,0,0,0,False,False,False,Clear,,False,STRASBURG RD; STRASBURG RD ; Near,3/4/2020 10:06:59 AM,,
45665,16-218373,1475491620000,2016,10,3,10,47,0,Monday,539451.54241,4807982.99091,-80.51262299999999,43.423708,Non intersection,1,Non-fatal injury,Not on roadway - right side,unknown,unknown,SMV other,Unknown,Daylight,01 - Daylight,Municipal (excl. Twp. Rd.),No control,unknown,0,0,0,False,False,False,Clear,,False,GREENBROOK DR; GREENBROOK DR ; 12 M,3/4/2020 10:06:59 AM,,
45666,16-218379,1475492040000,2016,10,3,10,54,0,Monday,542405.63723,4806620.35102,-80.476236,43.411277,At intersection,2,P.D. only,Within intersection,unknown,unknown,Turning movement,Unknown,Daylight,01 - Daylight,Municipal (excl. Twp. Rd.),Stop sign,Functioning,0,0,0,False,False,False,Clear,,False,STRASBURG RD; OLD COUNTRY DR,3/4/2020 10:06:58 AM,,
45667,16-218415,1475438400000,2016,10,2,20,0,0,Sunday,542788.68058,4803737.05976,-80.47173099999999,43.385293999999995,Non intersection,2,Non-reportable,Thru lane,unknown,unknown,SMV unattended vehicle,Unknown,"Dark, artificial","08 - Dark, artificial",Municipal (excl. Twp. Rd.),No control,unknown,0,0,0,False,False,False,Clear,,False,BANFFSHIRE CRT; BANFFSHIRE CRT; At; 2 M,3/4/2020 10:06:57 AM,,
45668,16-218609,1475508060000,2016,10,3,15,21,0,Monday,540973.03972,4809287.40188,-80.49373,43.435370999999996,Intersection related,1,Non-fatal injury,Thru lane,unknown,unknown,Rear end,Unknown,Daylight,01 - Daylight,Municipal (excl. Twp. Rd.),Stop sign,Functioning,0,0,0,False,False,False,Clear,,False,STIRLING AVE S; LORNE AVE; Near; 18.3 M,3/4/2020 10:06:57 AM,,
45669,16-218671,1475508900000,2016,10,3,15,35,0,Monday,545539.93723,4803601.8837,-80.437776,43.383914999999995,Intersection related,2,P.D. only,Thru lane,unknown,unknown,Rear end,Unknown,Daylight,01 - Daylight,Municipal (excl. Twp. Rd.),Stop sign,Functioning,0,0,0,False,False,False,Clear,,False,APPLE RIDGE DR; WOODFIELD ST; At,3/4/2020 10:06:56 AM,,
45670,16-218825,1475460000000,2016,10,3,2,0,0,Monday,545476.6758,4812485.11505,-80.437818,43.463902999999995,At/near private drive,2,P.D. only,Thru lane,unknown,unknown,SMV unattended vehicle,Unknown,"Dusk, artificial","06 - Dusk, artificial",Municipal (excl. Twp. Rd.),No control,unknown,0,0,0,False,False,False,Rain,,False,WORDSWORTH PL; WORDSWORTH PL; Near,3/4/2020 10:06:55 AM,,
45671,16-219563,1475603100000,2016,10,4,17,45,0,Tuesday,541253.55144,4809430.41919,-80.490253,43.436644,Non intersection,2,P.D. only,Thru lane,unknown,unknown,Rear end,Unknown,Daylight,01 - Daylight,Municipal (excl. Twp. Rd.),No control,unknown,0,0,0,False,False,False,Clear,,False,STIRLING AVE S; RUSSEL ST; 19 M,3/4/2020 10:06:55 AM,,
45672,16-219592,1475590500000,2016,10,4,14,15,0,Tuesday,541761.87959,4803536.76919,-80.484422,43.383548999999995,At intersection,2,P.D. only,Within intersection,unknown,unknown,Turning movement,Unknown,Daylight,01 - Daylight,Municipal (excl. Twp. Rd.),Stop sign,Functioning,0,0,0,False,False,False,Clear,,False,VERONA ST; SIENNA CRES,3/4/2020 10:06:54 AM,,
45673,16-219640,1475608200000,2016,10,4,19,10,0,Tuesday,542239.31306,4806970.56403,-80.478263,43.41444,At/near private drive,2,P.D. only,Thru lane,unknown,unknown,Turning movement,Unknown,Daylight,01 - Daylight,Municipal (excl. Twp. Rd.),Stop sign,Functioning,0,0,0,False,False,False,Clear,,False,STRASBURG RD; STRASBURG RD ; At; 3 M,3/4/2020 10:06:53 AM,,
45674,16-220049,1475659260000,2016,10,5,9,21,0,Wednesday,541876.10951,4811809.42243,-80.482378,43.45803,At intersection,1,Non-fatal injury,Within intersection,unknown,unknown,Turning movement,Unknown,Daylight,01 - Daylight,Regional municipality,Stop sign,Functioning,0,0,0,False,False,True,Clear,,False,LANCASTER ST E; QUEEN ST N,3/7/2019 1:21:39 PM,,
45675,16-220094,1475656200000,2016,10,5,8,30,0,Wednesday,540310.46164,4811549.89689,-80.50174899999999,43.455779,Intersection related,2,P.D. only,Not on roadway - right side,unknown,unknown,SMV other,Unknown,Daylight,01 - Daylight,Regional municipality,Stop sign,Functioning,0,0,0,False,False,False,Clear,,False,LOUISA ST; MOORE AVE; At,3/4/2020 10:06:52 AM,,
45676,16-220299,1475679060000,2016,10,5,14,51,0,Wednesday,542904.60148,4805687.31881,-80.470147,43.402848,Non intersection,1,Non-fatal injury,Not on roadway - right side,unknown,unknown,SMV other,Unknown,Daylight,01 - Daylight,Regional municipality,No control,unknown,0,0,0,False,False,True,Clear,,False,STRASBURG RD; STRASBURG RD; At; 1 M,3/4/2020 10:06:51 AM,,
45677,16-220347,1475654400000,2016,10,5,8,0,0,Wednesday,539478.08688,4805896.67234,-80.512446,43.404920999999995,Non intersection,2,P.D. only,Thru lane,unknown,unknown,SMV unattended vehicle,Unknown,"Dark, artificial","08 - Dark, artificial",Municipal (excl. Twp. Rd.),No control,unknown,0,0,0,False,False,False,Clear,,False,MOUNTAIN LAUREL CRES; MOUNTAIN LAUREL CRES ; Near,3/4/2020 10:06:51 AM,,
45678,16-220574,1475699520000,2016,10,5,20,32,0,Wednesday,542784.28184,4804145.00588,-80.47175299999999,43.388968,Intersection related,2,P.D. only,Thru lane,unknown,unknown,Rear end,Unknown,"Dark, artificial","08 - Dark, artificial",Regional municipality,Stop sign,Functioning,0,0,0,False,False,False,Clear,,False,PARKVALE DR ; HURON RD,3/4/2020 10:06:50 AM,,
45679,16-220996,1475750040000,2016,10,6,10,34,0,Thursday,542652.11321,4807352.6557,-80.473135,43.417857,At intersection,1,Non-fatal injury,Within intersection,unknown,unknown,SMV other,Unknown,Daylight,01 - Daylight,Regional municipality,Traffic signal,Functioning,0,0,0,True,False,False,Clear,,False,BLOCK LINE RD; KINGSWOOD DR; 4 M,3/4/2020 10:06:49 AM,,
45680,16-221233,1475751600000,2016,10,6,11,0,0,Thursday,540129.72879,4811572.6446,-80.503982,43.455993,At intersection,2,P.D. only,Within intersection,unknown,unknown,Turning movement,Unknown,Daylight,01 - Daylight,Municipal (excl. Twp. Rd.),Stop sign,Functioning,0,0,0,False,False,False,Clear,,False,SHANLEY ST; BRAUN ST,3/4/2020 10:06:49 AM,,
45681,16-221395,1475781480000,2016,10,6,19,18,0,Thursday,544116.82339,4811895.44267,-80.454675,43.458675,At intersection,1,Non-fatal injury,Within intersection,unknown,unknown,Turning movement,Unknown,"Dark, artificial","08 - Dark, artificial",Regional municipality,No control,unknown,0,0,0,False,True,False,Clear,,False,RIVER RD E; MANCHESTER RD,3/4/2020 10:06:48 AM,,
45682,16-221399,1475780400000,2016,10,6,19,0,0,Thursday,539048.88816,4811096.45668,-80.517375,43.451763,At/near private drive,2,P.D. only,Thru lane,unknown,unknown,Other,Unknown,"Dark, artificial","08 - Dark, artificial",Regional municipality,No control,unknown,0,0,0,False,False,False,Clear,,False,GLASGOW ST; GLASGOW ST; At,3/4/2020 10:06:47 AM,,
45683,16-221819,1475829600000,2016,10,7,8,40,0,Friday,546062.97744,4809493.93018,-80.43082299999999,43.436935,At intersection,1,Non-fatal injury,Within intersection,unknown,unknown,Angle,Unknown,Daylight,01 - Daylight,Municipal (excl. Twp. Rd.),Traffic signal,Functioning,0,0,0,False,True,False,Clear,,False,KINZIE AVE; RIVER RD E,3/4/2020 10:06:46 AM,,
45684,16-222113,1475836200000,2016,10,7,10,30,0,Friday,544347.11649,4805121.75196,-80.452379,43.397672,At/near private drive,2,P.D. only,Off highway,unknown,unknown,SMV unattended vehicle,Unknown,Daylight,01 - Daylight,Private property,No control,unknown,0,0,0,False,False,False,Clear,,False,CLUTHE CRES; CLUTHE CRES ; At; 1 M,3/4/2020 10:06:46 AM,,
45685,16-222232,1475858400000,2016,10,7,16,40,0,Friday,539801.04508,4810739.46008,-80.508105,43.448509,At intersection,1,Non-fatal injury,Within intersection,unknown,unknown,Turning movement,Unknown,Daylight,01 - Daylight,Municipal (excl. Twp. Rd.),No control,unknown,0,0,0,False,False,False,Clear,,False,STRANGE ST ; WAVERLY RD,3/4/2020 10:06:45 AM,,
45686,16-222349,1475854500000,2016,10,7,15,35,0,Friday,541980.52025,4808280.79261,-80.481359,43.426252,Non intersection,2,P.D. only,Thru lane,unknown,unknown,Sideswipe,Unknown,Daylight,01 - Daylight,Regional municipality,No control,unknown,0,0,0,False,False,False,Clear,,False,HOMER WATSON BLVD; OTTAWA ST S; Near; 100 M,3/7/2019 1:21:38 PM,,
45687,16-222867,1475922660000,2016,10,8,10,31,0,Saturday,536285.06234,4809350.61234,-80.55165,43.436181999999995,Non intersection,2,P.D. only,Right shoulder,unknown,unknown,SMV unattended vehicle,Unknown,Daylight,01 - Daylight,Municipal (excl. Twp. Rd.),No control,unknown,0,0,0,False,False,False,Clear,,False,RESURRECTION DR; RESURRECTION DR; Near; 2 M,3/4/2020 10:06:44 AM,,
45688,16-223010,1475936460000,2016,10,8,14,21,0,Saturday,545387.96217,4808974.02468,-80.439206,43.432294999999996,At/near private drive,2,P.D. only,Thru lane,unknown,unknown,Rear end,Unknown,Daylight,01 - Daylight,Regional municipality,No control,unknown,0,0,0,False,False,False,Clear,,False,KINZIE AVE ; WEBER ST E; 2 M,3/4/2020 10:06:44 AM,,
45689,16-223744,1476026700000,2016,10,9,15,25,0,Sunday,544503.24709,4804433.35116,-80.450507,43.391464,Intersection related,2,P.D. only,Thru lane,unknown,unknown,Rear end,Unknown,Daylight,01 - Daylight,Municipal (excl. Twp. Rd.),Stop sign,Functioning,0,0,0,False,False,False,Clear,,False,PIONEER DR; BLACK WALNUT DR,3/4/2020 10:06:43 AM,,
45690,16-223803,1475974800000,2016,10,9,1,0,0,Sunday,545667.7149,4812137.22417,-80.435485,43.460758999999996,Non intersection,2,P.D. only,Thru lane,unknown,unknown,SMV unattended vehicle,Unknown,Dark,07 - Dark,Municipal (excl. Twp. Rd.),No control,unknown,0,0,0,False,False,False,Clear,,False,WESTCHESTER DR; WESTCHESTER DR ; Near,3/4/2020 10:06:42 AM,,
45691,16-223829,1476036540000,2016,10,9,18,9,0,Sunday,544622.48976,4808636.68395,-80.448691,43.429303999999995,Intersection related,2,P.D. only,Not on roadway - right side,unknown,unknown,SMV other,Unknown,Daylight,01 - Daylight,Municipal (excl. Twp. Rd.),Stop sign,Functioning,0,0,0,False,False,False,Clear,,False,CONNAUGHT ST; NINTH AVE; At,3/4/2020 10:06:42 AM,,
45692,16-223872,1476030600000,2016,10,9,16,30,0,Sunday,537195.5702,4809381.23244,-80.540397,43.436412999999995,At/near private drive,2,P.D. only,Thru lane,unknown,unknown,SMV unattended vehicle,Unknown,Daylight,01 - Daylight,Municipal (excl. Twp. Rd.),No control,unknown,0,0,0,False,False,False,Clear,,False,LYNNVALLEY CRES; LYNNVALLEY CRES ; Near; 5 M,3/4/2020 10:06:41 AM,,
45693,16-223875,1476042540000,2016,10,9,19,49,0,Sunday,542969.14289,4804299.90348,-80.469459,43.390352,Non intersection,2,P.D. only,Thru lane,unknown,unknown,SMV other,Unknown,Dark,07 - Dark,Regional municipality,No control,unknown,0,0,0,False,False,False,Clear,,False,HURON RD; STRASBURG RD; Near; 300 M,3/4/2020 10:06:40 AM,,
45694,16-224166,1476125460000,2016,10,10,18,51,0,Monday,541974.66929,4815927.19518,-80.480843,43.4951,Non intersection,2,P.D. only,Thru lane,unknown,unknown,SMV unattended vehicle,Unknown,Daylight,01 - Daylight,Municipal (excl. Twp. Rd.),No control,unknown,0,0,0,False,False,False,Clear,,False,HAWKSWOOD DR; HAWKSWOOD DR ; Near; 30 M,3/4/2020 10:06:40 AM,,
45695,16-224192,1476017100000,2016,10,9,12,45,0,Sunday,539129.84053,4809325.18406,-80.51650099999999,43.43581,At/near private drive,2,P.D. only,Thru lane,unknown,unknown,Turning movement,Unknown,Daylight,01 - Daylight,Municipal (excl. Twp. Rd.),No control,unknown,0,0,0,False,False,False,Clear,,False,HIGHLAND CRES; HIGHLAND CRES ; At,3/7/2019 1:21:36 PM,,
45696,16-224723,1476176460000,2016,10,11,9,1,0,Tuesday,542435.56026,4812486.07852,-80.47541,43.464090999999996,At/near private drive,2,P.D. only,Thru lane,unknown,unknown,Turning movement,Unknown,Daylight,01 - Daylight,Regional municipality,No control,unknown,0,0,0,False,False,False,Clear,,False,WELLINGTON ST N; WELLINGTON ST N; Near; 5 M,3/4/2020 10:06:39 AM,,
45697,16-224772,1476176100000,2016,10,11,8,55,0,Tuesday,547783.73693,4804383.63483,-80.41000799999999,43.390814,Intersection related,2,P.D. only,Thru lane,unknown,unknown,Rear end,Unknown,Daylight,01 - Daylight,Regional municipality,No control,unknown,0,0,0,False,False,False,Clear,,False,CONESTOGA COLLEGE BLVD; DOON VALLEY DR; Near,3/4/2020 10:06:38 AM,,
45698,16-224951,1476191700000,2016,10,11,13,15,0,Tuesday,541254.52492,4809428.50836,-80.490241,43.436626,Non intersection,2,P.D. only,Thru lane,unknown,unknown,Rear end,Unknown,Daylight,01 - Daylight,Municipal (excl. Twp. Rd.),No control,unknown,0,0,0,False,False,False,Clear,,False,STIRLING AVE S; RUSSEL ST; Near,3/4/2020 10:06:38 AM,,
45699,16-224972,1476195480000,2016,10,11,14,18,0,Tuesday,542581.14161,4810125.60646,-80.473795,43.442828999999996,Intersection related,2,P.D. only,Left turn lane,unknown,unknown,Turning movement,Unknown,Daylight,01 - Daylight,Regional municipality,Traffic signal,Functioning,0,0,0,False,False,False,Clear,,False,KING ST E; BORDEN AVE N; At; 50 M,3/4/2020 10:06:37 AM,,
45700,16-225100,1476199200000,2016,10,11,15,20,0,Tuesday,544535.00599,4804302.54929,-80.450125,43.390284,At/near private drive,2,P.D. only,Thru lane,unknown,unknown,Other,Unknown,Daylight,01 - Daylight,Municipal (excl. Twp. Rd.),No control,unknown,0,0,0,False,False,False,Clear,,False,BECHTEL DR; BECHTEL DR; At,3/4/2020 10:06:36 AM,,
45701,16-225143,1476182700000,2016,10,11,10,45,0,Tuesday,539590.42387,4811842.13341,-80.510628,43.458448999999995,Non intersection,2,P.D. only,Thru lane,unknown,unknown,Sideswipe,Unknown,Daylight,01 - Daylight,Municipal (excl. Twp. Rd.),No control,unknown,0,0,0,False,False,False,Clear,,False,PINE ST; PINE ST ; Near,3/4/2020 10:06:36 AM,,
45702,16-225604,1476204300000,2016,10,11,16,45,0,Tuesday,540745.32127,4811482.67278,-80.49638,43.455149999999996,At/near private drive,2,P.D. only,Thru lane,unknown,unknown,Other,Unknown,Daylight,01 - Daylight,Regional municipality,No control,unknown,0,0,0,False,False,False,Clear,,False,DUKE ST W; DUKE ST W; Near,3/7/2019 1:21:35 PM,,
45703,16-225632,1476269160000,2016,10,12,10,46,0,Wednesday,541466.71729,4809537.25083,-80.487611,43.437594,Intersection related,2,P.D. only,Not on roadway - right side,unknown,unknown,SMV other,Unknown,Daylight,01 - Daylight,Municipal (excl. Twp. Rd.),Traffic signal,Functioning,0,0,0,False,False,False,Clear,,False,STIRLING AVE S; MILL ST; 30 M,3/4/2020 10:06:35 AM,,
45704,16-225778,1476262800000,2016,10,12,9,0,0,Wednesday,544328.26044,4809024.14907,-80.45229499999999,43.432809999999996,Non intersection,2,P.D. only,Thru lane,unknown,unknown,SMV unattended vehicle,Unknown,Daylight,01 - Daylight,Municipal (excl. Twp. Rd.),No control,unknown,0,0,0,False,False,False,Clear,,False,FIFTH AVE; FIFTH AVE ; Near,3/4/2020 10:06:34 AM,,
45705,16-225803,1476263100000,2016,10,12,9,5,0,Wednesday,542217.91689,4810219.07208,-80.478276,43.443691,Non intersection,2,P.D. only,Thru lane,unknown,unknown,Rear end,Unknown,Daylight,01 - Daylight,Regional municipality,Traffic signal,Functioning,0,0,0,False,False,False,Clear,,False,STIRLING AVE S; CHARLES ST E; Near,3/4/2020 10:06:34 AM,,
45706,16-225810,1474921800000,2016,9,26,20,30,0,Monday,542107.44918,4807132.72366,-80.479879,43.415907999999995,Intersection related,1,Non-fatal injury,Thru lane,unknown,unknown,Rear end,Unknown,"Dusk, artificial","06 - Dusk, artificial",Municipal (excl. Twp. Rd.),Traffic signal,Functioning,0,0,0,False,False,False,Clear,,False,STRASBURG RD; BLOCK LINE RD,3/4/2020 10:06:33 AM,,
45707,16-225855,1476287520000,2016,10,12,15,52,0,Wednesday,543528.65321,4810060.92703,-80.462092,43.442192,Non intersection,2,P.D. only,Thru lane,unknown,unknown,SMV unattended vehicle,Unknown,Daylight,01 - Daylight,Municipal (excl. Twp. Rd.),No control,unknown,0,0,0,False,False,False,Clear,,False,CLIVE RD; CLIVE RD ; At; 2 M,3/4/2020 10:06:32 AM,,
45708,16-225984,1476299100000,2016,10,12,19,5,0,Wednesday,542067.82098,4810922.49418,-80.480077,43.450033,At/near private drive,2,P.D. only,Thru lane,unknown,unknown,Turning movement,Unknown,"Daylight, artificial","02 - Daylight, artificial",Municipal (excl. Twp. Rd.),No control,unknown,0,0,0,False,False,False,Clear,,False,KRUG ST; LANCASTER ST E; Near; 90 M,3/4/2020 10:06:32 AM,,
45709,16-226466,1476357300000,2016,10,13,11,15,0,Thursday,542187.22212,4810206.42229,-80.478657,43.443579,Non intersection,1,Non-fatal injury,Thru lane,unknown,unknown,SMV other,Unknown,Daylight,01 - Daylight,Regional municipality,No control,unknown,0,0,0,True,False,False,Clear,,False,STIRLING AVE S; CHARLES ST E; 30 M,3/7/2019 1:21:34 PM,,
45710,16-226585,1476367800000,2016,10,13,14,10,0,Thursday,538960.6788,4805651.48215,-80.51885399999999,43.40274,Intersection related,2,P.D. only,Within intersection,unknown,unknown,Turning movement,Unknown,Daylight,01 - Daylight,Regional municipality,Traffic signal,Functioning,0,0,0,False,False,False,Clear,,False,ACTIVA AVE; SNOWDROP CRES,3/4/2020 10:06:31 AM,,
45711,16-226890,1476396600000,2016,10,13,22,10,0,Thursday,539058.16919,4809764.63441,-80.517355,43.439771,Non intersection,2,P.D. only,Thru lane,unknown,unknown,SMV unattended vehicle,Unknown,"Dark, artificial","08 - Dark, artificial",Municipal (excl. Twp. Rd.),No control,unknown,0,0,0,False,False,False,Clear,,False,PAULANDER DR; PAULANDER DR ; Near; 5 M,3/4/2020 10:06:30 AM,,
45712,16-227478,1476458040000,2016,10,14,15,14,0,Friday,544644.09835,4811820.23827,-80.44816399999999,43.457967,Intersection related,1,Non-fatal injury,Thru lane,unknown,unknown,Rear end,Unknown,Daylight,01 - Daylight,Municipal (excl. Twp. Rd.),No control,unknown,0,0,0,False,False,False,Clear,,False,BIRKSHIRE CRT ; LORRAINE AVE; At; 10 M,3/4/2020 10:06:30 AM,,
45713,16-227512,1476460980000,2016,10,14,16,3,0,Friday,544826.97347,4811310.8851,-80.445945,43.45337,Non intersection,2,P.D. only,Thru lane,unknown,unknown,Rear end,Unknown,Daylight,01 - Daylight,Regional municipality,No control,unknown,0,0,0,False,False,False,Clear,,False,RIVER RD E; HICKSON DR ; 150 M,3/4/2020 10:06:29 AM,,
45714,16-227566,1476460800000,2016,10,14,16,0,0,Friday,539617.36704,4811374.85663,-80.510329,43.45424,Intersection related,2,P.D. only,Thru lane,unknown,unknown,Rear end,Unknown,Daylight,01 - Daylight,Municipal (excl. Twp. Rd.),Traffic signal,Functioning,0,0,0,False,False,False,Clear,,False,GLASGOW ST; PARK ST,3/4/2020 10:06:28 AM,,
45715,16-227580,1476465780000,2016,10,14,17,23,0,Friday,540667.70525,4810971.97663,-80.497377,43.450556,At/near private drive,2,P.D. only,Thru lane,unknown,unknown,Other,Unknown,Daylight,01 - Daylight,Municipal (excl. Twp. Rd.),No control,unknown,0,0,0,False,False,False,Clear,,False,FRANCIS ST S; FRANCIS ST S; Near; 8 M,3/4/2020 10:06:27 AM,,
45716,16-228038,1476298800000,2016,10,12,19,0,0,Wednesday,537382.4396,4807353.7702,-80.53822699999999,43.418147999999995,At/near private drive,2,P.D. only,Thru lane,unknown,unknown,SMV unattended vehicle,Unknown,Daylight,01 - Daylight,Municipal (excl. Twp. Rd.),No control,unknown,0,0,0,False,False,False,Clear,,False,HOMESTEAD PL; HOMESTEAD PL ; At,3/4/2020 10:06:27 AM,,
45717,16-228197,1476120600000,2016,10,10,17,30,0,Monday,541068.0,4811108.0,0.0,0.0,Other,2,P.D. only,Off highway,unknown,unknown,SMV other,Unknown,Daylight,01 - Daylight,Municipal (excl. Twp. Rd.),No control,unknown,0,0,0,False,False,True,Clear,,False,PARK; GREEN VALLEY DR,3/4/2020 10:06:26 AM,,
45718,16-228241,1476539340000,2016,10,15,13,49,0,Saturday,547292.08794,4811519.42225,-80.41546,43.455096,Non intersection,2,P.D. only,Thru lane,unknown,unknown,SMV unattended vehicle,Unknown,Daylight,01 - Daylight,Municipal (excl. Twp. Rd.),No control,unknown,0,0,0,False,False,False,Clear,,False,DEER CREEK ST ; BROOKMEAD ST ; 25 M,3/4/2020 10:06:25 AM,,
45719,16-228994,1476558120000,2016,10,15,19,2,0,Saturday,542011.02987,4810483.29708,-80.480813,43.446082,At intersection,2,P.D. only,Within intersection,unknown,unknown,Angle,Unknown,Dusk,05 - Dusk,Regional municipality,Stop sign,Functioning,0,0,0,False,False,False,Clear,,False,KING ST E; CAMERON ST N,3/7/2019 1:21:33 PM,,
45720,16-229036,1476623100000,2016,10,16,13,5,0,Sunday,540271.66737,4806894.911,-80.502572,43.413866999999996,Non intersection,2,P.D. only,Thru lane,unknown,unknown,SMV unattended vehicle,Unknown,Daylight,01 - Daylight,Municipal (excl. Twp. Rd.),No control,unknown,0,0,0,False,False,False,Clear,,False,WILLIAMSBURG RD; MARCON CT; 3 M,3/4/2020 10:06:25 AM,,
45721,16-229295,1476648000000,2016,10,16,20,0,0,Sunday,538126.9434,4809872.95365,-80.528855,43.440794,At intersection,2,P.D. only,Within intersection,unknown,unknown,Turning movement,Unknown,"Dark, artificial","08 - Dark, artificial",Municipal (excl. Twp. Rd.),Stop sign,Functioning,0,0,0,False,True,False,Clear,,False,DALEGROVE DR; INGLESIDE DR,3/4/2020 10:06:24 AM,,
45722,16-229810,1476559800000,2016,10,15,19,30,0,Saturday,538823.24261,4810734.236,-80.520189,43.448513,Non intersection,2,P.D. only,Thru lane,unknown,unknown,SMV unattended vehicle,Unknown,"Dark, artificial","08 - Dark, artificial",Municipal (excl. Twp. Rd.),No control,unknown,0,0,0,False,False,False,Clear,,False,KATHERINE CRES; KATHERINE CRES; Near,3/4/2020 10:06:23 AM,,
45723,16-229912,1476717360000,2016,10,17,15,16,0,Monday,541346.7473,4809686.32082,-80.489082,43.438942999999995,Non intersection,1,Non-fatal injury,Thru lane,unknown,unknown,SMV other,Unknown,Daylight,01 - Daylight,Municipal (excl. Twp. Rd.),No control,unknown,0,0,0,True,False,False,Clear,,False,MILL ST; MADISON AVE S; 10 M,3/7/2019 1:21:32 PM,,
45724,16-230073,1476570600000,2016,10,15,22,30,0,Saturday,547880.71717,4810713.18648,-80.408256,43.447798999999996,Non intersection,2,P.D. only,Thru lane,unknown,unknown,SMV unattended vehicle,Unknown,Daylight,01 - Daylight,Municipal (excl. Twp. Rd.),No control,unknown,0,0,0,False,False,False,Clear,,False,COLTON CIR ; COLTON CIR ; Near,3/4/2020 10:06:23 AM,,
45725,16-230098,1476689400000,2016,10,17,7,30,0,Monday,545512.66203,4811465.1976,-80.43745799999999,43.454718,Non intersection,2,P.D. only,Thru lane,unknown,unknown,SMV unattended vehicle,Unknown,"Dark, artificial","08 - Dark, artificial",Municipal (excl. Twp. Rd.),No control,unknown,0,0,0,False,False,False,Rain,,False,MCGEE AVE; MCGEE AVE; Near,3/4/2020 10:06:22 AM,,
45726,16-230113,1476721800000,2016,10,17,16,30,0,Monday,536402.4754,4806758.34479,-80.550372,43.412835,At/near private drive,2,P.D. only,Thru lane,unknown,unknown,Rear end,Unknown,Daylight,01 - Daylight,Municipal (excl. Twp. Rd.),No control,unknown,0,0,0,False,False,False,Clear,,False,GOLDEN MEADOW CRES ; GOLDEN MEADOW CRES ; Near; 10 M,3/4/2020 10:06:21 AM,,