OBJECTID,ACCIDENTNUM,ACCIDENTDATE,ACCIDENT_YEAR,ACCIDENT_MONTH,ACCIDENT_DAY,ACCIDENT_HOUR,ACCIDENT_MINUTE,ACCIDENT_SECOND,ACCIDENT_WEEKDAY,XCOORD,YCOORD,LONGITUDE,LATITUDE,ACCIDENTLOCATION,COLLISIONTYPE,CLASSIFICATIONOFACCIDENT,IMPACTLOCATION,INITIALDIRECTIONOFTRAVELONE,INITIALDIRECTIONOFTRAVELTWO,INITIALIMPACTTYPE,INTTRAFFICCONTROL,LIGHT,LIGHTFORREPORT,ROADJURISDICTION,TRAFFICCONTROL,TRAFFICCONTROLCONDITION,THRULANENO,NORTHBOUNDDISOBEYCOUNT,SOUTHBOUNDDISOBEYCOUNT,PEDESTRIANINVOLVED,CYCLISTINVOLVED,MOTORCYCLISTINVOLVED,ENVIRONMENTCONDITION1,ENVIRONMENTCONDITION2,SELFREPORTED,XMLIMPORTNOTES,LASTEDITEDDATE,CREATE_BY,CREATE_DATE
45727,16-230421,1476780000000,2016,10,18,8,40,0,Tuesday,541763.68017,4804152.15788,-80.484353,43.389089999999996,At/near private drive,2,P.D. only,Thru lane,unknown,unknown,SMV unattended vehicle,Unknown,Daylight,01 - Daylight,Municipal (excl. Twp. Rd.),No control,unknown,0,0,0,False,False,False,Clear,,False,PARKVALE DR; PARKVALE DR ; Near; 5 M,3/4/2020 10:06:21 AM,,
45728,16-230745,1476803400000,2016,10,18,15,10,0,Tuesday,540769.27235,4809834.6465,-80.496207,43.44031,At intersection,1,Non-fatal injury,Within intersection,unknown,unknown,Turning movement,Unknown,Daylight,01 - Daylight,Municipal (excl. Twp. Rd.),Stop sign,Functioning,0,0,0,False,False,False,Clear,,False,HIGHLAND RD E; RUBY ST,3/7/2019 1:21:30 PM,,
45729,16-230804,1476808800000,2016,10,18,16,40,0,Tuesday,540796.10896,4809181.40408,-80.495924,43.434427,Non intersection,2,P.D. only,Thru lane,unknown,unknown,Rear end,Unknown,Daylight,01 - Daylight,Municipal (excl. Twp. Rd.),Stop sign,Functioning,0,0,0,False,False,False,Clear,,False,STIRLING AVE S; PLEASANT AVE ; Near; 550 M,3/4/2020 10:06:20 AM,,
45730,16-231341,1476873900000,2016,10,19,10,45,0,Wednesday,540537.1796,4811416.17608,-80.49895699999999,43.454563,At/near private drive,2,P.D. only,Thru lane,unknown,unknown,SMV unattended vehicle,Unknown,Daylight,01 - Daylight,Municipal (excl. Twp. Rd.),No control,unknown,0,0,0,False,False,False,Clear,,False,BREITHAUPT ST; BREITHAUPT ST ; 20 M,3/4/2020 10:06:19 AM,,
45731,16-231515,1476889620000,2016,10,19,15,7,0,Wednesday,542399.40478,4811080.60865,-80.475967,43.451437999999996,At intersection,1,Non-fatal injury,Within intersection,unknown,unknown,Angle,Unknown,Daylight,01 - Daylight,Municipal (excl. Twp. Rd.),Stop sign,Functioning,0,1,0,False,False,False,Clear,,False,KRUG ST; SIMEON ST,3/7/2019 1:21:29 PM,,
45732,16-231611,1476897720000,2016,10,19,17,22,0,Wednesday,545518.00197,4811115.49611,-80.437421,43.451569,At intersection,1,Non-fatal injury,Within intersection,unknown,unknown,Turning movement,Unknown,Daylight,01 - Daylight,Municipal (excl. Twp. Rd.),Stop sign,Functioning,0,0,0,False,False,False,Clear,,False,HOLBORN DR; CARNABY CRES ; 2 M,3/4/2020 10:06:19 AM,,
45733,16-231711,1476892800000,2016,10,19,16,0,0,Wednesday,539545.82774,4811741.27613,-80.511186,43.457543,Non intersection,2,P.D. only,Thru lane,unknown,unknown,Turning movement,Unknown,Daylight,01 - Daylight,Municipal (excl. Twp. Rd.),No control,unknown,0,0,0,False,False,False,Clear,,False,PINE ST; DODDS LANE; Near,3/4/2020 10:06:18 AM,,
45734,16-232232,1476974400000,2016,10,20,14,40,0,Thursday,544116.82339,4811895.44267,-80.454675,43.458675,At intersection,1,Non-fatal injury,Within intersection,unknown,unknown,Angle,Unknown,Daylight,01 - Daylight,Municipal (excl. Twp. Rd.),Stop sign,Functioning,0,0,0,False,False,False,Rain,,False,RIVER RD E; MANCHESTER RD,3/4/2020 10:06:17 AM,,
45735,16-232350,1476983880000,2016,10,20,17,18,0,Thursday,541180.30731,4809392.77084,-80.49116099999999,43.436309,At intersection,1,Non-fatal injury,Within intersection,unknown,unknown,SMV other,Unknown,Daylight,01 - Daylight,Regional municipality,Traffic signal,Functioning,0,0,0,True,False,False,Rain,,False,HIGHLAND RD E; STIRLING AVE S,3/4/2020 10:06:17 AM,,
45736,16-232366,1476981900000,2016,10,20,16,45,0,Thursday,541219.67309,4809312.19866,-80.490681,43.435581,At/near private drive,2,P.D. only,Thru lane,unknown,unknown,Turning movement,Unknown,Daylight,01 - Daylight,Regional municipality,No control,unknown,0,0,0,False,False,False,Rain,,False,HIGHLAND RD E; HIGHLAND RD E,3/7/2019 1:21:28 PM,,
45737,16-232387,1476987660000,2016,10,20,18,21,0,Thursday,542323.61512,4811046.89836,-80.476906,43.451139,At/near private drive,2,P.D. only,Thru lane,unknown,unknown,SMV unattended vehicle,Unknown,Daylight,01 - Daylight,Municipal (excl. Twp. Rd.),No control,unknown,0,0,0,False,False,False,Clear,,False,SAMUEL ST ; SAMUEL ST; Near; 3 M,3/7/2019 1:21:27 PM,,
45738,16-232430,1476991380000,2016,10,20,19,23,0,Thursday,546993.26293,4808376.02691,-80.41942399999999,43.426812,Intersection related,2,P.D. only,Thru lane,unknown,unknown,Rear end,Unknown,Dark,07 - Dark,Municipal (excl. Twp. Rd.),Stop sign,Functioning,0,0,0,False,False,False,Rain,,False,GRAND RIVER BLVD; RIVER RD E,3/7/2019 1:21:25 PM,,
45739,16-232690,1477035900000,2016,10,21,7,45,0,Friday,540279.5906,4811619.21352,-80.50212599999999,43.456405,Non intersection,2,P.D. only,Thru lane,unknown,unknown,SMV unattended vehicle,Unknown,"Dark, artificial","08 - Dark, artificial",Municipal (excl. Twp. Rd.),No control,unknown,0,0,0,False,False,False,Rain,,False,MOORE AVE; SHANLEY ST ; 20 M,3/4/2020 10:06:16 AM,,
45740,16-232783,1477034400000,2016,10,21,7,20,0,Friday,545349.68559,4812160.31863,-80.439414,43.460986999999996,At intersection,1,Non-fatal injury,Within intersection,unknown,unknown,SMV other,Unknown,"Daylight, artificial","02 - Daylight, artificial",Regional municipality,Stop sign,Functioning,0,0,0,True,False,False,Rain,,False,HERITAGE DR; LORRAINE AVE,3/4/2020 10:06:15 AM,,
45741,16-233648,1477138800000,2016,10,22,12,20,0,Saturday,541956.13726,4810868.28074,-80.481461,43.449551,At intersection,2,P.D. only,Within intersection,unknown,unknown,Turning movement,Unknown,Daylight,01 - Daylight,Regional municipality,Stop sign,Functioning,0,0,0,False,False,False,Clear,,False,KRUG ST; CEDAR ST N,3/4/2020 10:06:15 AM,,
45742,16-233746,1477148760000,2016,10,22,15,6,0,Saturday,543708.55326,4812433.74223,-80.459678,43.463546,Intersection related,1,Non-fatal injury,Thru lane,unknown,unknown,Rear end,Unknown,Daylight,01 - Daylight,Regional municipality,No control,unknown,0,0,0,False,False,False,Clear,,False,FREDERICK ST; TURNER AVE ; At,3/7/2019 1:21:24 PM,,
45743,16-233807,1477153620000,2016,10,22,16,27,0,Saturday,544958.86345,4811035.7926,-80.444338,43.450885,At/near private drive,2,P.D. only,Thru lane,unknown,unknown,Turning movement,Unknown,Daylight,01 - Daylight,Municipal (excl. Twp. Rd.),Stop sign,Functioning,0,0,0,False,False,False,Clear,,False,RIVER RD E; OTTAWA ST N; Near; 89 M,3/7/2019 1:21:23 PM,,
45744,16-234058,1477177200000,2016,10,22,23,0,0,Saturday,540219.87693,4809731.22033,-80.50300299999999,43.439408,Non intersection,2,P.D. only,Thru lane,unknown,unknown,SMV unattended vehicle,Unknown,Dark,07 - Dark,Municipal (excl. Twp. Rd.),No control,unknown,0,0,0,False,False,False,Clear,,False,PATRICIA AVE; PATRICIA AVE ; Near,3/4/2020 10:06:14 AM,,
45745,16-234343,1477080000000,2016,10,21,20,0,0,Friday,541068.0,4811108.0,0.0,0.0,Non intersection,2,P.D. only,Thru lane,unknown,unknown,SMV unattended vehicle,Unknown,Dark,07 - Dark,Municipal (excl. Twp. Rd.),No control,unknown,0,0,0,False,False,False,Clear,,False,SPRING CREEK ST; SPRING CREEK ST ; Near,3/4/2020 10:06:13 AM,,
45746,16-234483,1477231200000,2016,10,23,14,0,0,Sunday,538626.15042,4806622.41917,-80.522916,43.411500000000004,At/near private drive,2,P.D. only,Thru lane,unknown,unknown,Other,Unknown,Daylight,01 - Daylight,Municipal (excl. Twp. Rd.),No control,unknown,0,0,0,False,False,False,Clear,,False,WINDFLOWER DR; WINDFLOWER DR,3/4/2020 10:06:13 AM,,
45747,16-235284,1477326600000,2016,10,24,16,30,0,Monday,543986.97837,4803428.08095,-80.45696199999999,43.382442999999995,At/near private drive,2,P.D. only,Thru lane,unknown,unknown,SMV unattended vehicle,Unknown,Daylight,01 - Daylight,Municipal (excl. Twp. Rd.),No control,unknown,0,0,0,False,False,False,Clear,,False,HEARTHBRIDGE ST; HEARTHBRIDGE ST; At,3/4/2020 10:06:12 AM,,
45748,16-235735,1477247400000,2016,10,23,18,30,0,Sunday,547570.08227,4810720.84724,-80.412094,43.447888,Non intersection,2,P.D. only,Thru lane,unknown,unknown,SMV unattended vehicle,Unknown,"Dark, artificial","08 - Dark, artificial",Municipal (excl. Twp. Rd.),No control,unknown,0,0,0,False,False,False,Clear,,False,COUNTRY CLAIR ST; COUNTRY CLAIR ST; Near,3/4/2020 10:06:11 AM,,
45749,16-235830,1477377000000,2016,10,25,6,30,0,Tuesday,540779.02558,4812291.62993,-80.495902,43.462432,At intersection,2,P.D. only,Within intersection,unknown,unknown,Turning movement,Unknown,"Dawn, artificial","04 - Dawn, artificial",Municipal (excl. Twp. Rd.),Stop sign,Functioning,0,0,0,False,False,False,Clear,,False,GUELPH ST; BRUNSWICK AVE,3/4/2020 10:06:11 AM,,
45750,16-235915,1477409280000,2016,10,25,15,28,0,Tuesday,545850.517,4809418.24084,-80.433454,43.436267,Intersection related,2,P.D. only,Thru lane,unknown,unknown,SMV other,Unknown,Daylight,01 - Daylight,Municipal (excl. Twp. Rd.),Stop sign,Functioning,0,0,0,False,False,False,Clear,,False,BURGETZ AVE; THALER AVE,3/4/2020 10:06:10 AM,,
45751,16-236303,1477468080000,2016,10,26,7,48,0,Wednesday,539568.22534,4805926.02936,-80.511331,43.405181,At/near private drive,2,P.D. only,Thru lane,unknown,unknown,Turning movement,Unknown,Daylight,01 - Daylight,Municipal (excl. Twp. Rd.),No control,unknown,0,0,0,False,False,False,Clear,,False,MAX BECKER DR; MAX BECKER DR ; 3 M,3/4/2020 10:06:09 AM,,
45752,16-236341,1477470300000,2016,10,26,8,25,0,Wednesday,543854.98713,4809807.96081,-80.458079,43.439895,Other,1,Non-fatal injury,Not on roadway - left side,unknown,unknown,SMV other,Unknown,Daylight,01 - Daylight,Municipal (excl. Twp. Rd.),No control,unknown,0,0,0,False,False,False,Clear,,False,MONTGOMERY RD,3/4/2020 10:06:08 AM,,
45753,16-236432,1477476120000,2016,10,26,10,2,0,Wednesday,538930.80705,4807955.25227,-80.519058,43.423485,Non intersection,2,P.D. only,Thru lane,unknown,unknown,Rear end,Unknown,Daylight,01 - Daylight,Regional municipality,No control,unknown,0,0,0,False,False,False,Clear,,False,MCGARRY DR; FISCHER HALLMAN RD; Near; 15 M,3/4/2020 10:06:08 AM,,
45754,16-236513,1477483800000,2016,10,26,12,10,0,Wednesday,541556.32138,4811282.45881,-80.48637099999999,43.453303,At intersection,2,P.D. only,Within intersection,unknown,unknown,Angle,Unknown,Daylight,01 - Daylight,Municipal (excl. Twp. Rd.),Stop sign,Functioning,0,0,0,False,False,False,Clear,,False,QUEEN ST N; AHRENS ST E,3/7/2019 1:21:22 PM,,
45755,16-236677,1477427400000,2016,10,25,20,30,0,Tuesday,546685.85205,4802328.38373,-80.423738,43.372378,Non intersection,2,P.D. only,Right shoulder,unknown,unknown,SMV other,Unknown,Dark,07 - Dark,Regional municipality,No control,unknown,0,0,0,False,False,False,Clear,,False,REICHERT RD; NEW DUNDEE RD ; 56 M,3/4/2020 10:06:07 AM,,
45756,16-236698,1477467000000,2016,10,26,7,30,0,Wednesday,546563.51888,4810878.37301,-80.42452,43.449369999999995,Non intersection,2,P.D. only,Thru lane,unknown,unknown,SMV unattended vehicle,Unknown,Daylight,01 - Daylight,Municipal (excl. Twp. Rd.),No control,unknown,0,0,0,False,False,False,Clear,,False,MICHENER CRES; MICHENER CRES ; At,3/4/2020 10:06:06 AM,,
45757,16-237093,1477557240000,2016,10,27,8,34,0,Thursday,540918.09076,4813201.90053,-80.494115,43.470621,At/near private drive,2,P.D. only,Right shoulder,unknown,unknown,SMV unattended vehicle,Unknown,Dark,07 - Dark,Municipal (excl. Twp. Rd.),No control,unknown,0,0,0,False,False,False,Rain,,False,MAPLEWOOD PL; MAPLEWOOD PL ; Near; 10 M,3/4/2020 10:06:06 AM,,
45758,16-237094,1477556040000,2016,10,27,8,14,0,Thursday,541492.49943,4806415.31697,-80.48752999999999,43.409482,At intersection,1,Non-fatal injury,Within intersection,unknown,unknown,Turning movement,Unknown,Daylight,01 - Daylight,Municipal (excl. Twp. Rd.),Stop sign,Functioning,0,0,0,False,False,False,Rain,,False,RITTENHOUSE RD ; ERINBROOK DR ; 2 M,3/4/2020 10:06:05 AM,,
45759,16-237270,1477422000000,2016,10,25,19,0,0,Tuesday,536631.61183,4808196.2605,-80.547445,43.425771,Non intersection,2,P.D. only,Thru lane,unknown,unknown,SMV unattended vehicle,Unknown,"Dark, artificial","08 - Dark, artificial",Municipal (excl. Twp. Rd.),No control,unknown,0,0,0,False,False,False,Clear,,False,WESTMEADOW DR; WESTMEADOW DR ; Near,3/4/2020 10:06:04 AM,,
45760,16-237274,1477470600000,2016,10,26,8,30,0,Wednesday,542562.64019,4815861.16904,-80.473576,43.494473,At/near private drive,2,P.D. only,Thru lane,unknown,unknown,SMV unattended vehicle,Unknown,Daylight,01 - Daylight,Regional municipality,No control,unknown,0,0,0,False,False,False,Clear,,False,KESTREL ST; KESTREL ST; At,3/4/2020 10:06:04 AM,,
45761,16-237290,1477572660000,2016,10,27,12,51,0,Thursday,544035.65638,4802430.50088,-80.456441,43.373458,Intersection related,1,Non-fatal injury,Not on roadway - right side,unknown,unknown,SMV other,Unknown,Daylight,01 - Daylight,Municipal (excl. Twp. Rd.),No control,unknown,0,0,0,False,False,False,Rain,,False,REIDEL DR ; STAUFFER DR; Near; 20.5 M,3/4/2020 10:06:03 AM,,
45762,16-237451,1477575900000,2016,10,27,13,45,0,Thursday,542406.14469,4811681.1587,-80.475837,43.456845,Non intersection,2,P.D. only,Thru lane,unknown,unknown,Sideswipe,Unknown,Daylight,01 - Daylight,Regional municipality,No control,unknown,0,0,0,False,False,False,Clear,,False,EAST AVE; FREDERICK ST; Near,3/4/2020 10:06:02 AM,,
45763,16-237457,1477557000000,2016,10,27,8,30,0,Thursday,542581.14161,4810125.60646,-80.473795,43.442828999999996,Non intersection,2,P.D. only,Thru lane,unknown,unknown,Rear end,Unknown,Daylight,01 - Daylight,Regional municipality,No control,unknown,0,0,0,False,False,False,Rain,,False,KING ST E; BORDEN AVE N; Near,3/4/2020 10:06:02 AM,,
45764,16-237869,1477638840000,2016,10,28,7,14,0,Friday,542183.49969,4812361.87557,-80.47853599999999,43.462987,Non intersection,2,P.D. only,Right shoulder,unknown,unknown,SMV unattended vehicle,Unknown,Dark,07 - Dark,Regional municipality,No control,unknown,0,0,0,False,False,False,Clear,,False,WELLINGTON ST N; WELLINGTON ST N; Near; 1 M,3/4/2020 10:06:01 AM,,
45765,16-238030,1477651620000,2016,10,28,10,47,0,Friday,545171.68584,4804734.19487,-80.442229,43.394133,Non intersection,1,Non-fatal injury,Thru lane,unknown,unknown,Turning movement,Unknown,Daylight,01 - Daylight,Regional municipality,No control,unknown,0,0,0,False,False,False,Clear,,False,PIONEER DR; PIONEER DR; At; 0 M,3/4/2020 10:06:00 AM,,
45766,16-238167,1477664820000,2016,10,28,14,27,0,Friday,543731.66898,4808096.51323,-80.45974,43.424493,At intersection,0,Fatal injury,Within intersection,unknown,unknown,SMV other,Unknown,Daylight,01 - Daylight,Municipal (excl. Twp. Rd.),Stop sign,Functioning,0,0,0,True,False,False,Clear,,False,VANIER DR ; SHELLEY DR,3/4/2020 10:06:00 AM,,
45767,16-238319,1477678020000,2016,10,28,18,7,0,Friday,549348.53328,4806281.77494,-80.390517,43.407804,Non intersection,1,Non-fatal injury,Thru lane,unknown,unknown,SMV other,Unknown,"Dark, artificial","08 - Dark, artificial",Municipal (excl. Twp. Rd.),No control,unknown,0,0,0,True,False,False,Clear,,False,GATEWAY PARK DR ; GATEWAY PARK DR ; Near; 8 M,3/4/2020 10:05:59 AM,,
45768,16-238321,1477674000000,2016,10,28,17,0,0,Friday,544957.89553,4811036.74432,-80.44435,43.450894,At/near private drive,2,Non-reportable,Left turn lane,unknown,unknown,Turning movement,Unknown,Daylight,01 - Daylight,Regional municipality,Traffic signal,Functioning,0,0,0,False,False,False,Clear,,False,RIVER RD E; OTTAWA ST N; At,3/7/2019 1:21:21 PM,,
45769,16-238330,1477645800000,2016,10,28,9,10,0,Friday,537692.82244,4807041.36363,-80.534415,43.41532,Intersection related,2,P.D. only,Thru lane,unknown,unknown,Rear end,Unknown,Daylight,01 - Daylight,Municipal (excl. Twp. Rd.),Stop sign,Functioning,0,0,0,False,False,False,Clear,,False,PARKLAND CRES; DRIFTWOOD DR; At,3/4/2020 10:05:58 AM,,
45770,16-238449,1477646040000,2016,10,28,9,14,0,Friday,544752.88976,4809031.71001,-80.447048,43.432853,Non intersection,1,Non-fatal injury,Thru lane,unknown,unknown,Rear end,Unknown,Dusk,05 - Dusk,Municipal (excl. Twp. Rd.),No control,unknown,0,0,0,False,False,False,Clear,,False,KINGSWAY DR; NINTH AVE ; Near; 0 M,3/4/2020 10:05:57 AM,,
45771,16-239072,1477749600000,2016,10,29,14,0,0,Saturday,545792.92164,4808624.46589,-80.434232,43.429123,At intersection,2,P.D. only,Within intersection,unknown,unknown,Turning movement,Unknown,Daylight,01 - Daylight,Regional municipality,Stop sign,Functioning,0,0,0,False,False,False,Clear,,False,KING ST E; MORGAN AVE,3/4/2020 10:05:57 AM,,
45772,16-239719,1477755600000,2016,10,29,15,40,0,Saturday,544530.7955,4808032.01446,-80.449874,43.423865,At/near private drive,2,P.D. only,Thru lane,unknown,unknown,SMV unattended vehicle,Unknown,Daylight,01 - Daylight,Municipal (excl. Twp. Rd.),No control,unknown,0,0,0,False,False,False,Clear,,False,WOODHAVEN RD; WOODHAVEN RD ; Near,3/4/2020 10:05:56 AM,,
45773,16-240358,1477899240000,2016,10,31,7,34,0,Monday,543099.85166,4811870.04679,-80.467247,43.458506,Non intersection,2,P.D. only,Thru lane,unknown,unknown,SMV unattended vehicle,Unknown,Dawn,03 - Dawn,Municipal (excl. Twp. Rd.),No control,unknown,0,0,0,False,False,False,Clear,,False,FIFE AVE; BRUCE ST; Near; 40 M,3/4/2020 10:05:55 AM,,
45774,16-240413,1477902600000,2016,10,31,8,30,0,Monday,540130.68453,4811573.60837,-80.50397,43.456002,Non intersection,2,P.D. only,Thru lane,unknown,unknown,SMV unattended vehicle,Unknown,Daylight,01 - Daylight,Municipal (excl. Twp. Rd.),No control,unknown,0,0,0,False,False,False,Clear,,False,SHANLEY ST; BRAUN ST; Near,3/4/2020 10:05:55 AM,,
45775,16-240806,1477937160000,2016,10,31,18,6,0,Monday,541030.99315,4810484.96256,-80.492924,43.446151,Non intersection,1,Non-fatal injury,Left turn lane,unknown,unknown,Angle,Unknown,Daylight,01 - Daylight,Regional municipality,Traffic signal,Functioning,0,0,0,False,True,False,Clear,,False,COURTLAND AVE E; QUEEN ST S; 38 M,3/7/2019 1:21:20 PM,,
45776,16-240893,1477946400000,2016,10,31,20,40,0,Monday,536067.44059,4806982.89808,-80.554495,43.414873,Non intersection,2,P.D. only,Not on roadway - left side,unknown,unknown,SMV other,Unknown,Dark,07 - Dark,Municipal (excl. Twp. Rd.),No control,unknown,0,0,0,False,False,False,Clear,,False,TRUSSLER RD; COSTAIN CRT; 20 M,3/7/2019 1:21:19 PM,,
45777,16-241420,1478009400000,2016,11,1,14,10,0,Tuesday,536943.51329,4808259.23108,-80.543588,43.426323,Non intersection,2,P.D. only,Right shoulder,unknown,unknown,SMV unattended vehicle,Unknown,Daylight,01 - Daylight,Municipal (excl. Twp. Rd.),No control,unknown,0,0,0,False,False,False,Clear,,False,BANKSIDE DR; WESTFOREST TRAIL ; Near; 90 M,3/4/2020 10:05:54 AM,,
45778,16-241833,1478048400000,2016,11,2,1,0,0,Wednesday,544126.17156,4808551.40515,-80.45483,43.428565,Non intersection,2,P.D. only,Off highway,unknown,unknown,SMV unattended vehicle,Unknown,"Dark, artificial","08 - Dark, artificial",Municipal (excl. Twp. Rd.),No control,unknown,0,0,0,False,False,False,Clear,,False,FIFTH AVE ; FIFTH AVE ; 5 M,3/4/2020 10:05:53 AM,,
45779,16-242014,1478078700000,2016,11,2,9,25,0,Wednesday,539296.9793,4811576.13735,-80.514274,43.456069,At intersection,1,Non-fatal injury,Within intersection,unknown,unknown,Turning movement,Unknown,Daylight,01 - Daylight,Municipal (excl. Twp. Rd.),Stop sign,Functioning,0,0,0,False,False,False,Clear,,False,PARK ST; MT HOPE ST,3/4/2020 10:05:53 AM,,
45780,16-242066,1478034000000,2016,11,1,21,0,0,Tuesday,539513.76118,4806796.75355,-80.511941,43.413024,At/near private drive,2,P.D. only,Thru lane,unknown,unknown,SMV unattended vehicle,Unknown,"Dark, artificial","08 - Dark, artificial",Municipal (excl. Twp. Rd.),No control,unknown,0,0,0,False,False,False,Clear,,False,GREY FOX DR; GREY FOX DR ; At,3/4/2020 10:05:52 AM,,
45781,16-242240,1477695900000,2016,10,28,23,5,0,Friday,545152.88398,4804924.26203,-80.44244499999999,43.395845,At/near private drive,2,P.D. only,Thru lane,unknown,unknown,SMV unattended vehicle,Unknown,"Dark, artificial","08 - Dark, artificial",Municipal (excl. Twp. Rd.),No control,unknown,0,0,0,False,False,False,Clear,,False,LOWER CANADA CRES; LOWER CANADA CRES; At,3/4/2020 10:05:51 AM,,
45782,16-242415,1478101500000,2016,11,2,15,45,0,Wednesday,544729.65838,4811860.33827,-80.447103,43.458323,Intersection related,1,Non-fatal injury,Thru lane,unknown,unknown,Rear end,Unknown,Daylight,01 - Daylight,Municipal (excl. Twp. Rd.),Stop sign,Functioning,0,0,0,False,False,False,Rain,,False,CARSON DR; LORRAINE AVE; Near,3/4/2020 10:05:50 AM,,
45783,16-243002,1478102640000,2016,11,2,16,4,0,Wednesday,540640.83317,4812200.14057,-80.49761699999999,43.461616,At/near private drive,2,P.D. only,Thru lane,unknown,unknown,SMV unattended vehicle,Unknown,Daylight,01 - Daylight,Municipal (excl. Twp. Rd.),No control,unknown,0,0,0,False,False,False,Clear,,False,ELLIS AVE ; ELLIS AVE ; Near; 5 M,3/4/2020 10:05:50 AM,,
45784,16-243179,1478187000000,2016,11,3,15,30,0,Thursday,540178.97896,4811335.25398,-80.50339,43.453852999999995,Non intersection,2,P.D. only,Thru lane,unknown,unknown,SMV unattended vehicle,Unknown,Daylight,01 - Daylight,Municipal (excl. Twp. Rd.),No control,unknown,0,0,0,False,False,False,Clear,,False,WALTER ST; WELLINGTON ST N; Near; 50 M,3/4/2020 10:05:49 AM,,
45785,16-243228,1478197020000,2016,11,3,18,17,0,Thursday,542033.0188,4816302.09365,-80.480092,43.498473,Non intersection,2,P.D. only,Thru lane,unknown,unknown,Turning movement,Unknown,Daylight,01 - Daylight,Municipal (excl. Twp. Rd.),No control,unknown,0,0,0,False,False,False,Clear,,False,FALCONRIDGE DR ; FIELD SPARROW CRES ; Near; 30 M,3/4/2020 10:05:48 AM,,
45786,16-243699,1478248200000,2016,11,4,8,30,0,Friday,536839.69586,4807844.00687,-80.544898,43.422588999999995,Non intersection,2,P.D. only,Thru lane,unknown,unknown,SMV unattended vehicle,Unknown,Daylight,01 - Daylight,Municipal (excl. Twp. Rd.),No control,unknown,0,0,0,False,False,False,Clear,,False,ROLLING MEADOWS DR; CONNELLY DR; Near,3/4/2020 10:05:48 AM,,
45787,16-243885,1478212200000,2016,11,3,22,30,0,Thursday,544072.87084,4807675.32726,-80.455559,43.42068,Non intersection,2,P.D. only,Thru lane,unknown,unknown,SMV unattended vehicle,Unknown,"Dark, artificial","08 - Dark, artificial",Municipal (excl. Twp. Rd.),No control,unknown,0,0,0,False,False,False,Clear,,False,VANIER DR; VANIER DR; At,3/4/2020 10:05:47 AM,,
45788,16-244051,1478277600000,2016,11,4,16,40,0,Friday,540525.96327,4809290.71708,-80.499254,43.435424999999995,At/near private drive,2,P.D. only,Thru lane,unknown,unknown,SMV unattended vehicle,Unknown,Daylight,01 - Daylight,Municipal (excl. Twp. Rd.),No control,unknown,0,0,0,False,False,False,Clear,,False,PERTH RD; PERTH RD ; At; 9 M,3/4/2020 10:05:46 AM,,
45789,16-244089,1478281680000,2016,11,4,17,48,0,Friday,538711.96582,4806646.18424,-80.52185399999999,43.41171,Non intersection,2,P.D. only,Right shoulder,unknown,unknown,SMV unattended vehicle,Unknown,Daylight,01 - Daylight,Municipal (excl. Twp. Rd.),No control,unknown,0,0,0,False,False,False,Clear,,False,WAKE ROBIN DR; WAKE ROBIN CRES ; Near; 18 M,3/4/2020 10:05:46 AM,,
45790,16-244136,1478286600000,2016,11,4,19,10,0,Friday,540898.16101,4813159.6337,-80.494365,43.470241,At/near private drive,2,P.D. only,Left shoulder,unknown,unknown,SMV unattended vehicle,Unknown,Dark,07 - Dark,Municipal (excl. Twp. Rd.),No control,unknown,0,0,0,False,False,False,Clear,,False,MAPLEWOOD PL ; MAPLEWOOD PL ; At; 5 M,3/7/2019 1:21:18 PM,,
45791,16-244152,1478287620000,2016,11,4,19,27,0,Friday,543773.93513,4809347.07872,-80.45911799999999,43.43575,Intersection related,1,Non-fatal injury,Thru lane,unknown,unknown,Rear end,Unknown,Dark,07 - Dark,Municipal (excl. Twp. Rd.),No control,unknown,0,0,0,False,False,False,Clear,,False,DIXON ST; ROCKWAY DR,3/7/2019 1:21:17 PM,,
45792,16-244167,1478290200000,2016,11,4,20,10,0,Friday,542052.40283,4810139.41578,-80.480328,43.442983,Non intersection,1,Non-fatal injury,Thru lane,unknown,unknown,Turning movement,Unknown,Dark,07 - Dark,Regional municipality,No control,unknown,0,0,0,False,True,False,Clear,,False,STIRLING AVE S; STIRLING AVE S; Near; 1 M,3/4/2020 10:05:45 AM,,
45793,16-244570,1478339400000,2016,11,5,9,50,0,Saturday,539285.62491,4810352.7564,-80.51450299999999,43.445054,At/near private drive,1,Non-fatal injury,Thru lane,unknown,unknown,Angle,Unknown,Daylight,01 - Daylight,Municipal (excl. Twp. Rd.),No control,unknown,0,0,0,False,True,False,Clear,,False,BRYBECK CRES; BRYBECK CRES ; At; 1 M,3/4/2020 10:05:44 AM,,
45794,16-244760,1478349900000,2016,11,5,12,45,0,Saturday,537916.30306,4808412.7696,-80.531559,43.427656999999996,At/near private drive,2,P.D. only,Thru lane,unknown,unknown,Other,Unknown,Daylight,01 - Daylight,Regional municipality,No control,unknown,0,0,0,False,False,False,Clear,,False,BLACKWELL DR; BLACKWELL DR ; Near,3/4/2020 10:05:44 AM,,
45795,16-244819,1478357820000,2016,11,5,14,57,0,Saturday,541003.79589,4811765.90483,-80.493164,43.457685999999995,At intersection,2,P.D. only,Within intersection,unknown,unknown,Angle,Unknown,Daylight,01 - Daylight,Municipal (excl. Twp. Rd.),Stop sign,Functioning,0,0,0,False,False,False,Clear,,False,AHRENS ST W; WELLINGTON ST N,3/7/2019 1:21:16 PM,,