OBJECTID,ACCIDENTNUM,ACCIDENTDATE,ACCIDENT_YEAR,ACCIDENT_MONTH,ACCIDENT_DAY,ACCIDENT_HOUR,ACCIDENT_MINUTE,ACCIDENT_SECOND,ACCIDENT_WEEKDAY,XCOORD,YCOORD,LONGITUDE,LATITUDE,ACCIDENTLOCATION,COLLISIONTYPE,CLASSIFICATIONOFACCIDENT,IMPACTLOCATION,INITIALDIRECTIONOFTRAVELONE,INITIALDIRECTIONOFTRAVELTWO,INITIALIMPACTTYPE,INTTRAFFICCONTROL,LIGHT,LIGHTFORREPORT,ROADJURISDICTION,TRAFFICCONTROL,TRAFFICCONTROLCONDITION,THRULANENO,NORTHBOUNDDISOBEYCOUNT,SOUTHBOUNDDISOBEYCOUNT,PEDESTRIANINVOLVED,CYCLISTINVOLVED,MOTORCYCLISTINVOLVED,ENVIRONMENTCONDITION1,ENVIRONMENTCONDITION2,SELFREPORTED,XMLIMPORTNOTES,LASTEDITEDDATE,CREATE_BY,CREATE_DATE
45796,16-244833,1478307600000,2016,11,5,1,0,0,Saturday,547244.22379,4805998.73375,-80.416529,43.405390999999995,Non intersection,2,P.D. only,Thru lane,unknown,unknown,SMV unattended vehicle,Unknown,"Dark, artificial","08 - Dark, artificial",Municipal (excl. Twp. Rd.),No control,unknown,0,0,0,False,False,False,Clear,,False,DEER RIDGE DR; DEER RIDGE DR,3/4/2020 10:05:43 AM,,
45797,16-244897,1478367120000,2016,11,5,17,32,0,Saturday,541490.42456,4810727.24389,-80.487228,43.448307,Non intersection,2,P.D. only,Thru lane,unknown,unknown,SMV other,Unknown,Daylight,01 - Daylight,Municipal (excl. Twp. Rd.),No control,unknown,0,0,0,False,False,False,Clear,,False,HALLS LANE E; BENTON ST ; Near; 80 M,3/4/2020 10:05:42 AM,,
45798,16-245073,1478385600000,2016,11,5,22,40,0,Saturday,539207.07965,4807925.39605,-80.515648,43.423201999999996,At/near private drive,2,P.D. only,Thru lane,unknown,unknown,SMV unattended vehicle,Unknown,Dark,07 - Dark,Municipal (excl. Twp. Rd.),No control,unknown,0,0,0,False,False,False,Clear,,False,CLOVERDALE CRES; CLOVERDALE CRES ; Near; 3 M,3/4/2020 10:05:42 AM,,
45799,16-245100,1478388180000,2016,11,5,23,23,0,Saturday,541474.01242,4812643.95305,-80.487285,43.465565999999995,Non intersection,2,P.D. only,Not on roadway - right side,unknown,unknown,SMV other,Unknown,"Dark, artificial","08 - Dark, artificial",Municipal (excl. Twp. Rd.),No control,unknown,0,0,0,False,False,False,Clear,,False,GUELPH ST; ARNOLD ST ; Near; 25 M,3/4/2020 10:05:41 AM,,
45800,16-245284,1478409600000,2016,11,6,5,20,0,Sunday,543021.49211,4808228.96977,-80.468503,43.425726,At railway crossing,2,P.D. only,Thru lane,unknown,unknown,SMV other,Unknown,"Dark, artificial","08 - Dark, artificial",Municipal (excl. Twp. Rd.),No control,unknown,0,0,0,False,False,False,Clear,,False,HAYWARD AVE; COURTLAND AVE E; 500 M,3/7/2019 1:21:15 PM,,
45801,16-245428,1478428800000,2016,11,6,10,40,0,Sunday,547830.28165,4810675.07579,-80.40888199999999,43.447458999999995,At intersection,2,P.D. only,Within intersection,unknown,unknown,Turning movement,Unknown,Daylight,01 - Daylight,Municipal (excl. Twp. Rd.),Stop sign,Functioning,0,0,0,False,False,False,Clear,,False,COLTON CIR; COLTON CIR,3/4/2020 10:05:40 AM,,
45802,16-245543,1478444700000,2016,11,6,15,5,0,Sunday,538558.52444,4808536.16794,-80.52361599999999,43.428734999999996,Non intersection,1,Non-fatal injury,Not on roadway - right side,unknown,unknown,SMV other,Unknown,Daylight,01 - Daylight,Regional municipality,No control,unknown,0,0,0,False,False,False,Clear,,False,QUEENS BLVD; FISCHER HALLMAN RD; Near; 20 M,3/4/2020 10:05:39 AM,,
45803,16-245595,1478451000000,2016,11,6,16,50,0,Sunday,541068.0,4811108.0,0.0,0.0,Non intersection,2,P.D. only,Thru lane,unknown,unknown,SMV unattended vehicle,Unknown,Daylight,01 - Daylight,Municipal (excl. Twp. Rd.),No control,unknown,0,0,0,False,False,False,Clear,,False,SANDYBAY AVE; SANDYBAY AVE ; Near; 15 M,3/4/2020 10:05:39 AM,,
45804,16-245989,1478439000000,2016,11,6,13,30,0,Sunday,546062.98399,4809492.97183,-80.43082299999999,43.436927,At intersection,1,Non-fatal injury,Within intersection,unknown,unknown,Rear end,Unknown,Daylight,01 - Daylight,Regional municipality,Traffic signal,Functioning,0,0,0,False,False,False,Clear,,False,RIVER RD E; KINZIE AVE,3/4/2020 10:05:38 AM,,
45805,16-246087,1478518800000,2016,11,7,11,40,0,Monday,538873.09498,4806724.10228,-80.519859,43.412403,Non intersection,2,P.D. only,Thru lane,unknown,unknown,SMV unattended vehicle,Unknown,Other,99 - Other,Municipal (excl. Twp. Rd.),No control,unknown,0,0,0,False,False,False,Clear,,False,WAKE ROBIN CRES; WAKE ROBIN DR ; Near; 30 M,3/4/2020 10:05:37 AM,,
45806,16-246120,1478506200000,2016,11,7,8,10,0,Monday,538233.98158,4808329.2115,-80.52763999999999,43.426888,Non intersection,2,P.D. only,Thru lane,unknown,unknown,Rear end,Unknown,Daylight,01 - Daylight,Municipal (excl. Twp. Rd.),No control,unknown,0,0,0,False,False,False,Clear,,False,ELM RIDGE DR; QUEENS BLVD; Near,3/4/2020 10:05:37 AM,,
45807,16-246150,1478508300000,2016,11,7,8,45,0,Monday,540258.35295,4811633.45777,-80.502387,43.456534,Non intersection,2,P.D. only,Thru lane,unknown,unknown,SMV unattended vehicle,Unknown,Daylight,01 - Daylight,Municipal (excl. Twp. Rd.),No control,unknown,0,0,0,False,False,False,Clear,,False,SHANLEY ST; SHANLEY ST ; Near,3/4/2020 10:05:36 AM,,
45808,16-246698,1478508300000,2016,11,7,8,45,0,Monday,540568.81877,4812710.73604,-80.49847,43.466217,At intersection,1,Non-fatal injury,Within intersection,unknown,unknown,Turning movement,Stop sign,Daylight,01 - Daylight,Municipal (excl. Twp. Rd.),Stop sign,Functioning,0,0,0,False,True,False,Clear,,False,MARGARET AVE S; UNION ST E,3/4/2020 10:04:28 AM,,
45809,16-246727,1478592000000,2016,11,8,8,0,0,Tuesday,542581.14766,4810124.6482,-80.473795,43.44282,Intersection related,2,Non-reportable,Left turn lane,unknown,unknown,Sideswipe,Unknown,Daylight,01 - Daylight,Regional municipality,Traffic signal,Functioning,0,0,0,False,False,False,Clear,,False,KING ST E; BORDEN AVE N,3/7/2019 1:21:14 PM,,
45810,16-247183,1478627100000,2016,11,8,17,45,0,Tuesday,543229.78674,4804481.87825,-80.46622599999999,43.391974999999995,At intersection,2,P.D. only,Within intersection,unknown,unknown,Turning movement,Unknown,"Dark, artificial","08 - Dark, artificial",Regional municipality,Yield sign,Functioning,0,0,0,False,False,False,Rain,,False,STRASBURG RD; HURON RD,3/4/2020 10:05:35 AM,,
45811,16-247188,1478628360000,2016,11,8,18,6,0,Tuesday,549487.7426,4806209.88036,-80.388804,43.407146999999995,At/near private drive,2,P.D. only,Thru lane,unknown,unknown,Turning movement,Unknown,"Dark, artificial","08 - Dark, artificial",Municipal (excl. Twp. Rd.),Stop sign,Functioning,0,0,0,False,False,False,Rain,,False,GATEWAY PARK DR; KING ST E; At; 5 M,3/4/2020 10:05:35 AM,,
45812,16-247195,1478628780000,2016,11,8,18,13,0,Tuesday,543073.90131,4812799.86874,-80.467495,43.466879999999996,At intersection,2,P.D. only,Within intersection,unknown,unknown,Turning movement,Unknown,"Dark, artificial","08 - Dark, artificial",Municipal (excl. Twp. Rd.),Traffic signal,Functioning,0,0,0,False,False,False,Rain,,False,WELLINGTON ST N; RIVERBEND DR; 0.11 K,3/4/2020 10:05:34 AM,,
45813,16-247259,1478634540000,2016,11,8,19,49,0,Tuesday,544609.42893,4809094.1229,-80.448815,43.433423,At intersection,2,P.D. only,Within intersection,unknown,unknown,Turning movement,Unknown,Dark,07 - Dark,Municipal (excl. Twp. Rd.),Traffic signal,Functioning,0,0,0,False,False,False,"Fog, mist, smoke, dust",,False,FRANKLIN ST S; KINGSWAY DR,3/4/2020 10:05:33 AM,,
45814,16-247935,1478712960000,2016,11,9,17,36,0,Wednesday,545078.34587,4813536.33914,-80.442655,43.473393,At intersection,2,P.D. only,Within intersection,unknown,unknown,Turning movement,Unknown,"Dark, artificial","08 - Dark, artificial",Municipal (excl. Twp. Rd.),Stop sign,Functioning,0,0,0,False,False,False,Clear,,False,BINGEMANS CENTRE DR ; SHIRLEY DR,3/4/2020 10:05:33 AM,,
45815,16-248322,1478768160000,2016,11,10,8,56,0,Thursday,542352.84205,4810262.16145,-80.47660599999999,43.444071,At/near private drive,1,Non-fatal injury,Thru lane,unknown,unknown,Turning movement,Unknown,Daylight,01 - Daylight,Regional municipality,No control,unknown,0,0,0,False,False,False,Clear,,False,KING ST E; KING ST E; 2 M,3/7/2019 1:21:13 PM,,
45816,16-248574,1478787780000,2016,11,10,14,23,0,Thursday,539977.72667,4805644.59025,-80.506294,43.402625,Non intersection,2,P.D. only,Thru lane,unknown,unknown,SMV unattended vehicle,Unknown,Daylight,01 - Daylight,Municipal (excl. Twp. Rd.),No control,unknown,0,0,0,False,False,False,Clear,,False,COMMONWEALTH CRES; COMMONWEALTH CRES ; At; 1 M,3/4/2020 10:05:32 AM,,
45817,16-248596,1478789580000,2016,11,10,14,53,0,Thursday,543797.90351,4812590.47013,-80.458561,43.464952,At intersection,1,Non-fatal injury,Within intersection,unknown,unknown,Rear end,Unknown,Daylight,01 - Daylight,Regional municipality,Stop sign,Functioning,0,0,0,False,False,False,Clear,,False,FREDERICK ST; AVON RD,3/7/2019 1:21:12 PM,,
45818,16-248629,1478792580000,2016,11,10,15,43,0,Thursday,541661.04566,4810409.50483,-80.485143,43.445437,At intersection,2,P.D. only,Within intersection,unknown,unknown,Angle,Unknown,Daylight,01 - Daylight,Regional municipality,Stop sign,Functioning,0,0,0,False,False,False,Clear,,False,CEDAR ST S; CHURCH ST,3/4/2020 10:05:31 AM,,
45819,16-248734,1478619900000,2016,11,8,15,45,0,Tuesday,545345.26456,4806453.35937,-80.439943,43.409602,Non intersection,2,P.D. only,Thru lane,unknown,unknown,Rear end,Unknown,Daylight,01 - Daylight,Regional municipality,No control,unknown,0,0,0,False,False,False,Rain,,False,WABANAKI DR; WILSON AVE; Near,3/4/2020 10:05:30 AM,,
45820,16-249007,1478835540000,2016,11,11,3,39,0,Friday,542440.59899,4804142.76728,-80.47599699999999,43.388967,Non intersection,1,Non-fatal injury,Thru lane,unknown,unknown,Approaching,Unknown,"Dark, artificial","08 - Dark, artificial",Municipal (excl. Twp. Rd.),No control,unknown,0,0,0,False,False,False,Clear,,False,PARKVALE DR; FEATHERSTONE ST; Near; 2 M,3/4/2020 10:05:30 AM,,
45821,16-249129,1478798400000,2016,11,10,17,20,0,Thursday,541819.66283,4808166.39299,-80.483355,43.425231,At/near private drive,2,P.D. only,Thru lane,unknown,unknown,Turning movement,Unknown,Daylight,01 - Daylight,Regional municipality,No control,unknown,0,0,0,False,False,False,Clear,,False,ALPINE RD ; OTTAWA ST S ; Near,3/4/2020 10:05:29 AM,,
45822,16-249138,1478857260000,2016,11,11,9,41,0,Friday,541057.56341,4811035.0962,-80.492554,43.451102999999996,Intersection related,2,Non-reportable,Thru lane,unknown,unknown,SMV other,Unknown,Daylight,01 - Daylight,Regional municipality,Other,Functioning,0,0,0,False,False,False,Clear,,False,KING ST W; GAUKEL ST ; Near,3/7/2019 1:21:11 PM,,
45823,16-249555,1478898000000,2016,11,11,21,0,0,Friday,541808.84105,4804164.90599,-80.483795,43.389202,At/near private drive,2,P.D. only,Thru lane,unknown,unknown,Turning movement,Unknown,Dark,07 - Dark,Municipal (excl. Twp. Rd.),No control,unknown,0,0,0,False,False,False,Clear,,False,PARKVALE DR ; PARKVALE DR ; At; 20 M,3/4/2020 10:05:28 AM,,
45824,16-249705,1478913720000,2016,11,12,1,22,0,Saturday,540350.01589,4811463.30495,-80.501267,43.454997,At intersection,1,Non-fatal injury,Within intersection,unknown,unknown,SMV other,Unknown,"Dark, artificial","08 - Dark, artificial",Municipal (excl. Twp. Rd.),Traffic signal,Functioning,0,0,0,True,False,False,Clear,,False,MOORE AVE ; WELLINGTON ST N,3/4/2020 10:05:28 AM,,
45825,16-249899,1478945220000,2016,11,12,10,7,0,Saturday,539623.14891,4806363.39727,-80.510621,43.409116,At/near private drive,1,Non-fatal injury,Thru lane,unknown,unknown,SMV other,Unknown,Daylight,01 - Daylight,Municipal (excl. Twp. Rd.),No control,unknown,0,0,0,True,False,False,Clear,,False,ACTIVA AVE; ACTIVA AVE ; At; 1 M,3/7/2019 1:21:08 PM,,
45826,16-250012,1478948400000,2016,11,12,11,0,0,Saturday,536419.64567,4809156.02647,-80.55,43.434424,Non intersection,2,P.D. only,Thru lane,unknown,unknown,SMV unattended vehicle,Unknown,Daylight,01 - Daylight,Municipal (excl. Twp. Rd.),No control,unknown,0,0,0,False,False,False,Clear,,False,WINDWARD PL; WINDWARD PL; Near,3/4/2020 10:05:27 AM,,
45827,16-250031,1478958840000,2016,11,12,13,54,0,Saturday,539078.61748,4811110.04304,-80.517006,43.451884,At intersection,1,Non-fatal injury,Within intersection,unknown,unknown,Angle,Unknown,Daylight,01 - Daylight,Municipal (excl. Twp. Rd.),Traffic signal,Functioning,0,0,1,False,False,False,Clear,,False,GLASGOW ST; BELMONT AVE W; 1.5 M,3/4/2020 10:05:26 AM,,
45828,16-250137,1478969520000,2016,11,12,16,52,0,Saturday,541358.98367,4808644.22192,-80.48901,43.429559,Intersection related,2,P.D. only,Thru lane,unknown,unknown,Rear end,Unknown,"Dark, artificial","08 - Dark, artificial",Regional municipality,Traffic signal,Functioning,0,0,0,False,False,False,Clear,,False,HOMER WATSON BLVD; HOFFMAN ST; Near; 100 M,3/4/2020 10:05:26 AM,,
45829,16-250483,1478973600000,2016,11,12,18,0,0,Saturday,543568.20113,4804975.65695,-80.462008,43.396401999999995,At intersection,2,P.D. only,Within intersection,unknown,unknown,Turning movement,Unknown,Dark,07 - Dark,Regional municipality,Traffic signal,Functioning,0,0,0,False,False,False,Clear,,False,HURON RD; BATTLER RD,3/4/2020 10:05:25 AM,,
45830,16-250857,1479060660000,2016,11,13,18,11,0,Sunday,541125.83559,4809687.07395,-80.491812,43.438962,Non intersection,2,P.D. only,Thru lane,unknown,unknown,SMV unattended vehicle,Unknown,"Dark, artificial","08 - Dark, artificial",Regional municipality,Stop sign,Functioning,0,0,0,False,False,False,Clear,,False,SPADINA RD E; RUSSEL ST ; 10 M,3/4/2020 10:05:24 AM,,
45831,16-251130,1479109200000,2016,11,14,7,40,0,Monday,541543.03071,4808435.62672,-80.486752,43.42767,Intersection related,1,Non-fatal injury,Thru lane,unknown,unknown,Rear end,Unknown,Daylight,01 - Daylight,Regional municipality,Traffic signal,Functioning,0,0,0,False,False,False,Clear,,False,HOMER WATSON BLVD; HWY 8  ; 100 M,3/4/2020 10:05:24 AM,,
45832,16-251181,1479109500000,2016,11,14,7,45,0,Monday,538627.92376,4805657.62617,-80.52296199999999,43.402812999999995,At/near private drive,2,Non-reportable,Thru lane,unknown,unknown,Other,Unknown,Daylight,01 - Daylight,Municipal (excl. Twp. Rd.),No control,unknown,0,0,0,False,False,False,Clear,,False,GRAVEL RIDGE TRAIL; GRAVEL RIDGE TRAIL ; At,3/4/2020 10:05:23 AM,,
45833,16-251570,1479145140000,2016,11,14,17,39,0,Monday,542818.99514,4814598.12269,-80.470505,43.483086,Non intersection,1,Non-fatal injury,Thru lane,unknown,unknown,SMV unattended vehicle,Unknown,Dawn,03 - Dawn,Regional municipality,No control,unknown,0,0,0,False,False,False,Clear,,False,BLOOMINGDALE RD N; STANLEY AVE ; 40 M,3/7/2019 1:21:07 PM,,
45834,16-251655,1479145800000,2016,11,14,17,50,0,Monday,540680.01443,4811003.67042,-80.497222,43.450841,Non intersection,2,P.D. only,Thru lane,unknown,unknown,Turning movement,Unknown,"Dark, artificial","08 - Dark, artificial",Municipal (excl. Twp. Rd.),No control,unknown,0,0,0,False,False,False,Clear,,False,FRANCIS ST S; FRANCIS ST S; Near,3/4/2020 10:05:22 AM,,
45835,16-251884,1479197100000,2016,11,15,8,5,0,Tuesday,540640.23591,4811703.50489,-80.49766199999999,43.457144,At intersection,2,P.D. only,Left turn lane,unknown,unknown,Angle,Unknown,Daylight,01 - Daylight,Municipal (excl. Twp. Rd.),Stop sign,Functioning,0,0,0,False,False,False,Clear,,False,DUKE ST W; LOUISA ST,3/4/2020 10:05:22 AM,,
45836,16-252065,1479210120000,2016,11,15,11,42,0,Tuesday,539336.27414,4806637.20443,-80.514144,43.411595999999996,At/near private drive,2,Non-reportable,Off highway,unknown,unknown,SMV unattended vehicle,Unknown,Daylight,01 - Daylight,Private property,No control,unknown,0,0,0,False,False,False,Clear,,False,WATERWILLOW CRT; WATERWILLOW CRT ; At; 5 M,3/4/2020 10:05:21 AM,,
45837,16-252227,1479211260000,2016,11,15,12,1,0,Tuesday,541068.0,4811108.0,0.0,0.0,Non intersection,2,P.D. only,Not on roadway - left side,unknown,unknown,SMV other,Unknown,Daylight,01 - Daylight,Municipal (excl. Twp. Rd.),No control,unknown,0,0,0,False,False,False,Clear,,False,SIENNA ST ; RACHEL CRES ; Near; 40 M,3/7/2019 1:21:06 PM,,
45838,16-252491,1479139800000,2016,11,14,16,10,0,Monday,538889.13851,4808655.77796,-80.51952299999999,43.429795,At intersection,2,P.D. only,Within intersection,unknown,unknown,Turning movement,Unknown,Daylight,01 - Daylight,Regional municipality,Stop sign,Functioning,0,0,0,False,False,False,Clear,,False,QUEENS BLVD; EAGEN DR,3/4/2020 10:05:20 AM,,
45839,16-253273,1479333600000,2016,11,16,22,0,0,Wednesday,544194.57249,4812386.83221,-80.45367399999999,43.463094999999996,At/near private drive,2,P.D. only,Thru lane,unknown,unknown,SMV unattended vehicle,Unknown,Dark,07 - Dark,Regional municipality,No control,unknown,0,0,0,False,False,False,Clear,,False,PRIVATE DRIVE; MANCHESTER RD ; At; 2 M,3/7/2019 1:21:05 PM,,
45840,16-253500,1479369600000,2016,11,17,8,0,0,Thursday,546232.52969,4808771.7209,-80.428789,43.430422,Non intersection,2,P.D. only,Right shoulder,unknown,unknown,SMV unattended vehicle,Unknown,"Dark, artificial","08 - Dark, artificial",Municipal (excl. Twp. Rd.),No control,unknown,0,0,0,False,False,False,Clear,,False,WINDOM RD; WINDOM RD ; Near; 1 M,3/7/2019 1:21:04 PM,,
45841,16-253520,1479370500000,2016,11,17,8,15,0,Thursday,538909.53532,4805672.41998,-80.51948399999999,43.402932,Non intersection,2,P.D. only,Right shoulder,unknown,unknown,SMV unattended vehicle,Unknown,Daylight,01 - Daylight,Municipal (excl. Twp. Rd.),No control,unknown,0,0,0,False,False,False,Clear,,False,ACTIVA AVE; ACTIVA AVE ; Near,3/4/2020 10:05:19 AM,,
45842,16-253757,1479393360000,2016,11,17,14,36,0,Thursday,546772.3447,4804111.2283,-80.422518,43.388425,Non intersection,2,P.D. only,Thru lane,unknown,unknown,Other,Unknown,Daylight,01 - Daylight,Municipal (excl. Twp. Rd.),No control,unknown,0,0,0,False,False,False,Clear,,False,DOON SOUTH DR; DOON VILLAGE RD; 5 M,3/4/2020 10:05:18 AM,,
45843,16-253806,1479389400000,2016,11,17,13,30,0,Thursday,539568.28304,4811424.82763,-80.510932,43.454692,At intersection,2,P.D. only,Within intersection,unknown,unknown,Turning movement,Unknown,Daylight,01 - Daylight,Municipal (excl. Twp. Rd.),No control,unknown,0,0,0,False,False,False,Clear,,False,PARK ST; GREEN ST,3/4/2020 10:05:18 AM,,
45844,16-253814,1479397140000,2016,11,17,15,39,0,Thursday,538823.86394,4808632.39811,-80.520331,43.429587999999995,Non intersection,2,P.D. only,Thru lane,unknown,unknown,SMV other,Unknown,Daylight,01 - Daylight,Municipal (excl. Twp. Rd.),No control,unknown,0,0,0,False,False,True,Clear,,False,QUEENS BLVD; EAGEN DR ; 68 M,3/4/2020 10:05:17 AM,,
45845,16-255201,1479486600000,2016,11,18,16,30,0,Friday,544617.49536,4804655.96996,-80.449078,43.393462,Non intersection,1,Non-fatal injury,Thru lane,unknown,unknown,Rear end,Unknown,Daylight,01 - Daylight,Municipal (excl. Twp. Rd.),No control,unknown,0,0,0,False,False,False,Clear,,False,PIONEER DR; PIONEER DR; At,3/4/2020 10:05:16 AM,,
45846,16-255218,1479555000000,2016,11,19,11,30,0,Saturday,541788.05321,4810798.63259,-80.483544,43.448933,Non intersection,2,P.D. only,Thru lane,unknown,unknown,SMV unattended vehicle,Unknown,Daylight,01 - Daylight,Municipal (excl. Twp. Rd.),No control,unknown,0,0,0,False,False,False,Snow,,False,EBY ST N; DUKE ST E; Near,3/4/2020 10:05:16 AM,,
45847,16-255414,1479578160000,2016,11,19,17,56,0,Saturday,541125.84143,4809686.11564,-80.491812,43.438953,Non intersection,2,P.D. only,Thru lane,unknown,unknown,SMV unattended vehicle,Unknown,Dark,07 - Dark,Regional municipality,No control,unknown,0,0,0,False,False,False,Rain,,False,SPADINA RD E; RUSSEL ST; 2 M,3/7/2019 1:21:03 PM,,
45848,16-255422,1479579120000,2016,11,19,18,12,0,Saturday,539583.05947,4809547.73492,-80.510885,43.43779,At/near private drive,2,P.D. only,Thru lane,unknown,unknown,Turning movement,Unknown,"Dark, artificial","08 - Dark, artificial",Regional municipality,No control,unknown,0,0,0,False,False,False,Clear,,False,LAWRENCE AVE; HIGHLAND RD W; At; 2 M,3/4/2020 10:05:15 AM,,
45849,16-255468,1479584820000,2016,11,19,19,47,0,Saturday,540682.81891,4811614.2646,-80.497142,43.456337999999995,At intersection,2,P.D. only,Within intersection,unknown,unknown,SMV other,Unknown,"Dark, artificial","08 - Dark, artificial",Municipal (excl. Twp. Rd.),Stop sign,Functioning,0,0,0,False,False,False,Rain,,False,WELLINGTON ST N; DUKE ST W,3/4/2020 10:05:14 AM,,
45850,16-255886,1479634200000,2016,11,20,9,30,0,Sunday,546771.80314,4809892.50813,-80.42202999999999,43.44048,At/near private drive,2,P.D. only,Not on roadway - left side,unknown,unknown,SMV other,Unknown,Daylight,01 - Daylight,Municipal (excl. Twp. Rd.),No control,unknown,0,0,0,False,False,False,Clear,,False,BRIARMEADOW DR; BRIARMEADOW DR ; Near; 4 M,3/7/2019 1:21:02 PM,,
45851,16-255942,1479641400000,2016,11,20,11,30,0,Sunday,543389.4159,4804756.97194,-80.464233,43.394442999999995,Non intersection,1,Non-fatal injury,Thru lane,unknown,unknown,Rear end,Unknown,Daylight,01 - Daylight,Regional municipality,No control,unknown,0,0,0,False,False,False,Clear,,False,HURON RD; TEMPLEWOOD DR; Near; 24 M,3/4/2020 10:05:13 AM,,
45852,16-256509,1479719760000,2016,11,21,9,16,0,Monday,539162.44778,4805962.24707,-80.51634,43.405528,Non intersection,2,P.D. only,Right shoulder,unknown,unknown,SMV unattended vehicle,Unknown,Daylight,01 - Daylight,Municipal (excl. Twp. Rd.),No control,unknown,0,0,0,False,False,False,Clear,,False,BERRY MOSS ST ; ACTIVA AVE ; Near; 33 M,3/4/2020 10:05:12 AM,,
45853,16-256571,1479724200000,2016,11,21,10,30,0,Monday,543363.95425,4807652.85117,-80.46431799999999,43.420519,At intersection,2,P.D. only,Within intersection,unknown,unknown,Turning movement,Unknown,Daylight,01 - Daylight,Regional municipality,Stop sign,Functioning,0,0,0,False,False,False,Clear,,False,BLOCK LINE RD; LENNOX LEWIS WAY,3/4/2020 10:05:11 AM,,
45854,16-256625,1479690000000,2016,11,21,1,0,0,Monday,542064.30783,4809879.51155,-80.480201,43.440642,At/near private drive,2,P.D. only,Thru lane,unknown,unknown,SMV unattended vehicle,Unknown,"Dark, artificial","08 - Dark, artificial",Municipal (excl. Twp. Rd.),No control,unknown,0,0,0,False,False,False,Clear,,False,HURST AVE; HURST AVE; At,3/4/2020 10:05:11 AM,,
45855,16-256668,1479730140000,2016,11,21,12,9,0,Monday,545847.85995,4813959.4724,-80.433105,43.477156,At/near private drive,2,P.D. only,Thru lane,unknown,unknown,Turning movement,Unknown,Daylight,01 - Daylight,Municipal (excl. Twp. Rd.),No control,unknown,0,0,0,False,False,False,Clear,,False,SHIRLEY DR; SHIRLEY DR ; At; 0 M,3/4/2020 10:05:10 AM,,
45856,16-256790,1479738660000,2016,11,21,14,31,0,Monday,545221.08645,4802988.03994,-80.441763,43.378406999999996,At/near private drive,1,Non-fatal injury,Thru lane,unknown,unknown,Other,Unknown,Daylight,01 - Daylight,Municipal (excl. Twp. Rd.),No control,unknown,0,0,0,False,False,False,Clear,,False,ROBERT FERRIE DR ; ROBERT FERRIE DR ; At; 1 M,3/4/2020 10:05:09 AM,,
45857,16-257465,1479814620000,2016,11,22,11,37,0,Tuesday,541817.2308,4810608.77496,-80.483198,43.447222,At/near private drive,2,P.D. only,Thru lane,unknown,unknown,Turning movement,Unknown,Daylight,01 - Daylight,Regional municipality,No control,unknown,0,0,0,False,False,False,Clear,,False,KING ST E; KING ST E; Near; 20 M,3/7/2019 1:21:01 PM,,
45858,16-257687,1479834720000,2016,11,22,17,12,0,Tuesday,539316.80061,4810614.45239,-80.51409799999999,43.447409,Intersection related,2,P.D. only,Thru lane,unknown,unknown,Sideswipe,Unknown,Dark,07 - Dark,Regional municipality,Traffic signal,Functioning,0,0,0,False,False,False,Clear,,False,BELMONT AVE W; GAGE AVE; Near; 10 M,3/4/2020 10:05:09 AM,,
45859,16-257898,1479862620000,2016,11,23,0,57,0,Wednesday,545083.8289,4811675.1544,-80.442741,43.456634,Other,1,Non-fatal injury,Not on roadway - right side,unknown,unknown,SMV other,Unknown,Dark,07 - Dark,Municipal (excl. Twp. Rd.),Stop sign,Functioning,0,0,0,False,False,False,Clear,,False,MONTCALM DR; MONTCALM DR ; At,3/7/2019 1:21:00 PM,,
45860,16-258320,1479888000000,2016,11,23,8,0,0,Wednesday,539368.98772,4811741.81782,-80.51337199999999,43.457557,Non intersection,2,P.D. only,Right shoulder,unknown,unknown,SMV unattended vehicle,Unknown,Daylight,01 - Daylight,Regional municipality,No control,unknown,0,0,0,False,False,False,Clear,,False,MT HOPE ST ; KING ST W; Near; 20 M,3/4/2020 10:05:08 AM,,
45861,16-258580,1479945660000,2016,11,24,0,1,0,Thursday,545848.59178,4802800.28222,-80.434033,43.376678999999996,At/near private drive,2,P.D. only,Thru lane,unknown,unknown,SMV unattended vehicle,Unknown,Dark,07 - Dark,Municipal (excl. Twp. Rd.),No control,unknown,0,0,0,False,False,False,Snow,,False,CRANBROOK ST; CRANBROOK ST ; At; 1 M,3/4/2020 10:05:07 AM,,
45862,16-258714,1479972900000,2016,11,24,7,35,0,Thursday,541854.89098,4806096.66626,-80.48307799999999,43.406593,Non intersection,2,P.D. only,Thru lane,unknown,unknown,SMV unattended vehicle,Unknown,Daylight,01 - Daylight,Municipal (excl. Twp. Rd.),No control,unknown,0,0,0,False,False,False,Clear,,False,NICHOLE CRES; THE COUNTRY WAY; Near; 15 M,3/4/2020 10:05:07 AM,,
45863,16-258720,1479939600000,2016,11,23,22,20,0,Wednesday,544883.1474,4804848.31673,-80.445782,43.395178,Intersection related,2,P.D. only,Thru lane,unknown,unknown,Turning movement,Unknown,"Dark, artificial","08 - Dark, artificial",Municipal (excl. Twp. Rd.),Traffic signal,Functioning,0,0,0,False,False,False,Rain,,False,DOON VILLAGE RD; PIONEER DR; At,3/4/2020 10:05:06 AM,,