OBJECTID,ACCIDENTNUM,ACCIDENTDATE,ACCIDENT_YEAR,ACCIDENT_MONTH,ACCIDENT_DAY,ACCIDENT_HOUR,ACCIDENT_MINUTE,ACCIDENT_SECOND,ACCIDENT_WEEKDAY,XCOORD,YCOORD,LONGITUDE,LATITUDE,ACCIDENTLOCATION,COLLISIONTYPE,CLASSIFICATIONOFACCIDENT,IMPACTLOCATION,INITIALDIRECTIONOFTRAVELONE,INITIALDIRECTIONOFTRAVELTWO,INITIALIMPACTTYPE,INTTRAFFICCONTROL,LIGHT,LIGHTFORREPORT,ROADJURISDICTION,TRAFFICCONTROL,TRAFFICCONTROLCONDITION,THRULANENO,NORTHBOUNDDISOBEYCOUNT,SOUTHBOUNDDISOBEYCOUNT,PEDESTRIANINVOLVED,CYCLISTINVOLVED,MOTORCYCLISTINVOLVED,ENVIRONMENTCONDITION1,ENVIRONMENTCONDITION2,SELFREPORTED,XMLIMPORTNOTES,LASTEDITEDDATE,CREATE_BY,CREATE_DATE
45864,16-258752,1479934800000,2016,11,23,21,0,0,Wednesday,544713.68515,4809277.87279,-80.447512,43.435072,At/near private drive,2,P.D. only,Thru lane,unknown,unknown,Other,Unknown,"Dark, artificial","08 - Dark, artificial",Regional municipality,No control,unknown,0,0,0,False,False,False,Rain,,False,FRANKLIN ST N; FRANKLIN ST N; Near,3/4/2020 10:05:05 AM,,
45865,16-258965,1479990900000,2016,11,24,12,35,0,Thursday,543732.64336,4808094.60238,-80.459728,43.424475,Intersection related,2,P.D. only,Thru lane,unknown,unknown,Rear end,Unknown,Daylight,01 - Daylight,Municipal (excl. Twp. Rd.),Stop sign,Functioning,0,0,0,False,False,False,Clear,,False,SHELLEY DR; VANIER DR,3/4/2020 10:05:05 AM,,
45866,16-259036,1479564000000,2016,11,19,14,0,0,Saturday,542136.82562,4803706.17465,-80.479781,43.385053,At/near private drive,2,P.D. only,Right shoulder,unknown,unknown,Other,Unknown,Daylight,01 - Daylight,Municipal (excl. Twp. Rd.),No control,unknown,0,0,0,False,False,False,Clear,,False,MADELEINE ST; MADELEINE ST ; Near; 1 M,3/4/2020 10:05:04 AM,,
45867,16-259199,1480006800000,2016,11,24,17,0,0,Thursday,540682.81312,4811615.22265,-80.497142,43.456347,At intersection,2,P.D. only,Within intersection,unknown,unknown,Turning movement,Unknown,Dark,07 - Dark,Regional municipality,Stop sign,Functioning,0,0,0,False,False,False,Rain,,False,WELLINGTON ST N; DUKE ST W,3/4/2020 10:05:03 AM,,
45868,16-259651,1480017600000,2016,11,24,20,0,0,Thursday,539155.12022,4811749.35212,-80.516015,43.457636,Other,2,P.D. only,Thru lane,unknown,unknown,Rear end,Unknown,"Dark, artificial","08 - Dark, artificial",Regional municipality,Other,Functioning,0,0,0,False,False,False,"Fog, mist, smoke, dust",,False,UNION ST E; KING ST W; Near,3/4/2020 10:04:27 AM,,
45869,16-259842,1480008600000,2016,11,24,17,30,0,Thursday,541965.57618,4808045.21209,-80.481562,43.424132,Non intersection,2,P.D. only,Thru lane,unknown,unknown,Sideswipe,Unknown,"Dark, artificial","08 - Dark, artificial",Municipal (excl. Twp. Rd.),No control,unknown,0,0,0,False,False,False,Rain,,False,ALPINE RD; ALPINE RD,3/4/2020 10:05:03 AM,,
45870,16-259906,1480094280000,2016,11,25,17,18,0,Friday,541359.96317,4808641.35242,-80.488998,43.429533,Intersection related,2,P.D. only,Thru lane,unknown,unknown,Rear end,Unknown,Daylight,01 - Daylight,Regional municipality,Traffic signal,Functioning,0,0,0,False,False,False,Rain,,False,HOMER WATSON BLVD; HOFFMAN ST; Near,3/4/2020 10:05:02 AM,,
45871,16-260075,1480108560000,2016,11,25,21,16,0,Friday,545274.7398,4806432.63108,-80.440816,43.409419,Intersection related,2,P.D. only,Not on roadway - right side,unknown,unknown,SMV other,Stop sign,Dark,07 - Dark,Municipal (excl. Twp. Rd.),Stop sign,Functioning,0,0,0,False,False,False,Rain,,False,WILSON AVE; WABANAKI DR,3/7/2019 1:20:59 PM,,
45872,16-260487,1480160760000,2016,11,26,11,46,0,Saturday,538682.91643,4810030.19313,-80.521974,43.442181,At/near private drive,2,P.D. only,Thru lane,unknown,unknown,SMV unattended vehicle,Unknown,Other,99 - Other,Municipal (excl. Twp. Rd.),No control,unknown,0,0,0,False,False,False,Clear,,False,KARN ST; KARN ST ; 1 M,3/7/2019 1:20:57 PM,,
45873,16-261211,1480240800000,2016,11,27,10,0,0,Sunday,543525.57048,4804241.21502,-80.462593,43.389790999999995,At/near private drive,2,P.D. only,Thru lane,unknown,unknown,SMV unattended vehicle,Unknown,Daylight,01 - Daylight,Municipal (excl. Twp. Rd.),No control,unknown,0,0,0,False,False,False,Clear,,False,TEMPLEWOOD DR; TEMPLEWOOD DR,3/4/2020 10:05:01 AM,,
45874,16-261364,1480270440000,2016,11,27,18,14,0,Sunday,541183.31731,4810692.25075,-80.49102599999999,43.448009,Intersection related,2,P.D. only,Thru lane,unknown,unknown,Sideswipe,Unknown,Dark,07 - Dark,Municipal (excl. Twp. Rd.),Traffic signal,Functioning,0,0,0,False,False,False,Clear,,False,QUEEN ST S; JOSEPH ST,3/4/2020 10:05:01 AM,,
45875,16-261996,1480316700000,2016,11,28,7,5,0,Monday,538895.25642,4807803.29807,-80.519508,43.422118999999995,At/near private drive,2,P.D. only,Thru lane,unknown,unknown,Other,Unknown,Daylight,01 - Daylight,Municipal (excl. Twp. Rd.),No control,unknown,0,0,0,False,False,False,Clear,,False,FOREST GLEN CRES; FOREST GLEN CRES ; Near; 10 M,3/4/2020 10:05:00 AM,,
45876,16-262538,1480401000000,2016,11,29,6,30,0,Tuesday,541030.55196,4810707.01917,-80.49291199999999,43.44815,Non intersection,2,P.D. only,Right shoulder,unknown,unknown,SMV unattended vehicle,Unknown,"Daylight, artificial","02 - Daylight, artificial",Municipal (excl. Twp. Rd.),No control,unknown,0,0,0,False,False,False,Clear,,False,DAVID ST; DAVID ST,3/4/2020 10:04:59 AM,,
45877,16-262807,1480271400000,2016,11,27,18,30,0,Sunday,540695.03544,4812154.22694,-80.496951,43.461199,Non intersection,2,P.D. only,Thru lane,unknown,unknown,SMV unattended vehicle,Unknown,"Dark, artificial","08 - Dark, artificial",Municipal (excl. Twp. Rd.),No control,unknown,0,0,0,False,False,False,Rain,,False,BLUCHER ST; BLUCHER ST,3/4/2020 10:04:58 AM,,
45878,16-262904,1480443000000,2016,11,29,18,10,0,Tuesday,543531.33852,4804487.67857,-80.462502,43.39201,At/near private drive,1,Non-fatal injury,Thru lane,unknown,unknown,Turning movement,Unknown,"Dark, artificial","08 - Dark, artificial",Municipal (excl. Twp. Rd.),No control,unknown,0,0,0,False,False,False,Clear,,False,TEMPLEWOOD DR; TEMPLEWOOD DR ; 2 M,3/4/2020 10:04:58 AM,,
45879,16-263238,1480492200000,2016,11,30,7,50,0,Wednesday,539080.54052,4811110.05419,-80.516983,43.451884,Intersection related,2,Non-reportable,Thru lane,unknown,unknown,Sideswipe,Unknown,Daylight,01 - Daylight,Municipal (excl. Twp. Rd.),Traffic signal,Functioning,0,0,0,False,False,False,Rain,,False,BELMONT AVE W; GLASGOW ST; Near,3/4/2020 10:04:57 AM,,
45880,16-263286,1480497960000,2016,11,30,9,26,0,Wednesday,544559.29466,4811737.44024,-80.449219,43.457226999999996,At intersection,2,P.D. only,Within intersection,unknown,unknown,Angle,Unknown,Daylight,01 - Daylight,Municipal (excl. Twp. Rd.),Traffic signal,Functioning,0,0,0,False,False,False,Clear,,False,LORRAINE AVE; RIVER RD E,3/7/2019 1:20:56 PM,,
45881,16-263475,1480514400000,2016,11,30,14,0,0,Wednesday,542842.18546,4809870.92593,-80.47058899999999,43.440521,At intersection,2,P.D. only,Within intersection,unknown,unknown,Angle,Unknown,Daylight,01 - Daylight,Regional municipality,Stop sign,Functioning,0,0,0,False,False,False,Rain,,False,SYDNEY ST S; CHARLES ST E,3/7/2019 1:20:54 PM,,
45882,16-263552,1480521420000,2016,11,30,15,57,0,Wednesday,544610.87941,4810392.62864,-80.448691,43.445115,At intersection,2,P.D. only,Within intersection,unknown,unknown,Turning movement,Unknown,Dusk,05 - Dusk,Regional municipality,Stop sign,Functioning,0,0,0,False,False,False,Clear,,False,FRANKLIN ST N; BRADLEY DR,3/7/2019 1:20:53 PM,,
45883,16-263932,1480571400000,2016,12,1,5,50,0,Thursday,544601.11102,4810415.56223,-80.44881,43.445322,Non intersection,2,P.D. only,Not on roadway - left side,unknown,unknown,SMV other,Unknown,"Dawn, artificial","04 - Dawn, artificial",Municipal (excl. Twp. Rd.),No control,unknown,0,0,0,False,False,False,Clear,,False,FRANKLIN ST N; PENROSE AVE ; Near; 70 M,3/7/2019 1:20:51 PM,,
45884,16-264097,1480587780000,2016,12,1,10,23,0,Thursday,545048.30033,4810837.33973,-80.443249,43.449093,Intersection related,1,Non-fatal injury,Thru lane,unknown,unknown,Rear end,Unknown,Daylight,01 - Daylight,Municipal (excl. Twp. Rd.),Traffic signal,Functioning,0,0,0,False,False,False,Rain,,False,HOLBORN DR; RIVER RD E; Near; 60 M,3/7/2019 1:20:49 PM,,
45885,16-264449,1480613400000,2016,12,1,17,30,0,Thursday,541322.68206,4811654.18564,-80.48922999999999,43.456663,At/near private drive,2,Non-reportable,Thru lane,unknown,unknown,Turning movement,Unknown,"Dusk, artificial","06 - Dusk, artificial",Municipal (excl. Twp. Rd.),No control,unknown,0,0,0,False,False,False,Clear,,False,MARGARET AV; MARGARET AVE ; At,3/4/2020 10:04:56 AM,,
45886,16-264867,1480668000000,2016,12,2,8,40,0,Friday,542405.63723,4806620.35102,-80.476236,43.411277,At intersection,1,Non-fatal injury,Within intersection,unknown,unknown,Rear end,Unknown,Daylight,01 - Daylight,Municipal (excl. Twp. Rd.),Stop sign,Functioning,0,1,0,False,False,False,Clear,,False,STRASBURG RD; OLD COUNTRY DR,3/4/2020 10:04:56 AM,,
45887,16-264961,1480347000000,2016,11,28,15,30,0,Monday,539044.23445,4811195.62472,-80.517425,43.452656,At intersection,2,P.D. only,Within intersection,unknown,unknown,Turning movement,Unknown,Daylight,01 - Daylight,Municipal (excl. Twp. Rd.),Stop sign,Functioning,0,0,0,False,False,False,Clear,,False,BELMONT AVE W; ROCK AVE,3/4/2020 10:04:55 AM,,
45888,16-265004,1480604400000,2016,12,1,15,0,0,Thursday,541068.0,4811108.0,0.0,0.0,Non intersection,2,P.D. only,Thru lane,unknown,unknown,SMV unattended vehicle,Unknown,Daylight,01 - Daylight,Municipal (excl. Twp. Rd.),No control,unknown,0,0,0,False,False,False,Clear,,False,GREENWATER PL; GREENWATER PL,3/4/2020 10:04:54 AM,,
45889,16-265118,1480411800000,2016,11,29,9,30,0,Tuesday,541552.72153,4810006.92003,-80.486513,43.441818,At/near private drive,2,P.D. only,Thru lane,unknown,unknown,SMV unattended vehicle,Unknown,Daylight,01 - Daylight,Municipal (excl. Twp. Rd.),No control,unknown,0,0,0,False,False,False,Clear,,False,MADISON AVE S; MADISON AVE S; Near,3/4/2020 10:04:54 AM,,
45890,16-265168,1480687800000,2016,12,2,14,10,0,Friday,540171.60314,4810793.03504,-80.50352099999999,43.448972,At/near private drive,2,P.D. only,Thru lane,unknown,unknown,Other,Unknown,Daylight,01 - Daylight,Municipal (excl. Twp. Rd.),No control,unknown,0,0,0,False,False,False,Clear,,False,PARK ST; PARK ST ; Near,3/4/2020 10:04:53 AM,,
45891,16-265330,1480706100000,2016,12,2,19,15,0,Friday,541499.80729,4811996.57067,-80.487015,43.459736,Non intersection,2,P.D. only,Thru lane,unknown,unknown,Rear end,Unknown,"Dark, artificial","08 - Dark, artificial",Municipal (excl. Twp. Rd.),No control,Functioning,0,0,0,False,False,False,Rain,,False,WELLINGTON ST N; ST LEGER ST; Near; 15 M,3/7/2019 1:20:48 PM,,
45892,16-266392,1480831920000,2016,12,4,6,12,0,Sunday,540833.6418,4809798.48535,-80.495414,43.439980999999996,Non intersection,1,Non-fatal injury,Not on roadway - right side,unknown,unknown,SMV other,Unknown,"Dark, artificial","08 - Dark, artificial",Municipal (excl. Twp. Rd.),No control,unknown,0,0,0,False,False,False,Clear,,False,HIGHLAND RD E; RUBY ST; 73 M,3/7/2019 1:20:47 PM,,
45893,16-266453,1480841400000,2016,12,4,8,50,0,Sunday,544067.64415,4805165.22924,-80.455826,43.398078999999996,Non intersection,2,P.D. only,Off highway,unknown,unknown,SMV other,Unknown,Daylight,01 - Daylight,Regional municipality,No control,unknown,0,0,0,False,False,False,Clear,,False,HURON RD; HOMER WATSON BLVD; 98 M,3/7/2019 1:20:46 PM,,
45894,16-266889,1480896000000,2016,12,5,0,0,0,Monday,544519.67215,4807140.56967,-80.45008399999999,43.415839,Non intersection,2,P.D. only,Thru lane,unknown,unknown,SMV other,Unknown,Dark,07 - Dark,Regional municipality,No control,unknown,0,0,0,False,False,False,Snow,,False,WEBSTER RD; MANITOU DR ; Near; 100 M,3/4/2020 10:04:52 AM,,
45895,16-267184,1480735800000,2016,12,3,3,30,0,Saturday,544042.92221,4809124.91764,-80.455812,43.433734,At/near private drive,2,P.D. only,Thru lane,unknown,unknown,SMV unattended vehicle,Unknown,Dark,07 - Dark,Regional municipality,No control,unknown,0,0,0,False,False,False,Rain,,False,SECORD AVE; SECORD AVE,3/4/2020 10:04:52 AM,,
45896,16-267346,1480957260000,2016,12,5,17,1,0,Monday,541692.68391,4811509.27035,-80.484668,43.455337,At intersection,1,Non-fatal injury,Within intersection,unknown,unknown,Angle,Unknown,Dark,07 - Dark,Municipal (excl. Twp. Rd.),Stop sign,Functioning,0,0,0,False,False,False,Clear,,False,QUEEN ST N; ELLEN ST E,3/7/2019 1:20:45 PM,,
45897,16-267358,1480618800000,2016,12,1,19,0,0,Thursday,540605.76609,4810689.42308,-80.49816299999999,43.448015,At/near private drive,2,P.D. only,Thru lane,unknown,unknown,SMV unattended vehicle,Unknown,"Dark, artificial","08 - Dark, artificial",Municipal (excl. Twp. Rd.),No control,unknown,0,0,0,False,False,False,Clear,,False,HEINS AVE; HEINS AVE,3/4/2020 10:04:51 AM,,
45898,16-267774,1480415400000,2016,11,29,10,30,0,Tuesday,542670.25741,4816461.14484,-80.47219799999999,43.499869,Non intersection,2,P.D. only,Thru lane,unknown,unknown,SMV unattended vehicle,Unknown,Daylight,01 - Daylight,Municipal (excl. Twp. Rd.),No control,unknown,0,0,0,False,False,False,Clear,,False,EAGLECREST ST; EAGLECREST CRT ; Near,3/7/2019 1:20:43 PM,,
45899,16-267898,1481024880000,2016,12,6,11,48,0,Tuesday,541863.64259,4812694.0105,-80.482464,43.465995,Non intersection,2,Non-reportable,Thru lane,unknown,unknown,Sideswipe,Unknown,Daylight,01 - Daylight,Municipal (excl. Twp. Rd.),No control,unknown,0,0,0,False,False,False,Clear,,False,GUELPH ST; GUELPH ST; Near,3/4/2020 10:04:50 AM,,
45900,16-268192,1481050020000,2016,12,6,18,47,0,Tuesday,545622.53702,4810703.51075,-80.43616399999999,43.447852999999995,At intersection,1,Non-fatal injury,Within intersection,unknown,unknown,SMV other,Unknown,Dark,07 - Dark,Regional municipality,Stop sign,Functioning,0,0,0,True,False,False,Rain,,False,OLD CHICOPEE DR; EDENBRIDGE DR,3/4/2020 10:04:50 AM,,
45901,16-268212,1481020800000,2016,12,6,10,40,0,Tuesday,541601.63713,4809725.54291,-80.48593,43.439282,Non intersection,2,P.D. only,Thru lane,unknown,unknown,Rear end,Unknown,Daylight,01 - Daylight,Municipal (excl. Twp. Rd.),No control,unknown,0,0,0,False,False,False,Clear,,False,STIRLING AVE S; STIRLING AVE S,3/7/2019 1:20:42 PM,,
45902,16-268315,1481067480000,2016,12,6,23,38,0,Tuesday,538884.13029,4811463.33281,-80.519385,43.455075,Non intersection,2,P.D. only,Right shoulder,unknown,unknown,SMV other,Unknown,"Dark, artificial","08 - Dark, artificial",Regional municipality,No control,unknown,0,0,0,False,False,False,Rain,,False,UNION BLVD; BELMONT AVE W; Near; 18 M,3/7/2019 1:20:41 PM,,
45903,16-268633,1481116800000,2016,12,7,13,20,0,Wednesday,541581.42728,4810751.87075,-80.48610099999999,43.448524,At intersection,1,Non-fatal injury,Within intersection,unknown,unknown,Turning movement,Unknown,Daylight,01 - Daylight,Regional municipality,Stop sign,Functioning,0,0,0,False,False,False,Clear,,False,SCOTT ST; KING ST E,3/7/2019 1:20:40 PM,,
45904,16-268750,1481123400000,2016,12,7,15,10,0,Wednesday,542166.82201,4806039.31934,-80.47923,43.406059,At/near private drive,2,P.D. only,Thru lane,unknown,unknown,Other,Unknown,Daylight,01 - Daylight,Municipal (excl. Twp. Rd.),No control,unknown,0,0,0,False,False,False,Clear,,False,COLONY DR; COLONY DR ; At,3/4/2020 10:04:49 AM,,
45905,16-268833,1481046600000,2016,12,6,17,50,0,Tuesday,543565.4806,4812258.46244,-80.461461,43.461976,Non intersection,2,P.D. only,Thru lane,unknown,unknown,Sideswipe,Unknown,"Dark, artificial","08 - Dark, artificial",Regional municipality,No control,unknown,0,0,0,False,False,False,Rain,,False,FREDERICK ST; RIVER RD E; Near,3/7/2019 1:20:39 PM,,
45906,16-269300,1481195700000,2016,12,8,11,15,0,Thursday,546754.48318,4808393.76832,-80.422373,43.426986,Non intersection,2,P.D. only,Thru lane,unknown,unknown,Rear end,Unknown,Daylight,01 - Daylight,Municipal (excl. Twp. Rd.),No control,unknown,0,0,0,False,False,False,Snow,,False,MORGAN AVE; MORGAN AVE ; At; 20 M,3/4/2020 10:04:48 AM,,
45907,16-269421,1481197800000,2016,12,8,11,50,0,Thursday,537037.8426,4807886.50365,-80.542448,43.422962,Intersection related,2,P.D. only,Thru lane,unknown,unknown,Turning movement,Unknown,Daylight,01 - Daylight,Municipal (excl. Twp. Rd.),Stop sign,Functioning,0,0,0,False,False,False,Clear,,False,ROLLING MEADOWS DR ; WESTHEIGHTS DR,3/4/2020 10:04:48 AM,,
45908,16-269435,1481203800000,2016,12,8,13,30,0,Thursday,539522.30824,4809739.04955,-80.511622,43.439516,At/near private drive,2,P.D. only,Thru lane,unknown,unknown,Rear end,Unknown,Daylight,01 - Daylight,Municipal (excl. Twp. Rd.),No control,unknown,0,0,0,False,False,False,Snow,,False,LAWRENCE AVE; LAWRENCE AVE ; Near; 10 M,3/7/2019 1:20:38 PM,,
45909,16-269444,1481196600000,2016,12,8,11,30,0,Thursday,544755.16708,4808023.50093,-80.447102,43.423775,Intersection related,2,P.D. only,Thru lane,unknown,unknown,Rear end,Unknown,Daylight,01 - Daylight,Municipal (excl. Twp. Rd.),Traffic signal,Functioning,0,0,0,False,False,False,Snow,,False,TRAYNOR AVE; WILSON AVE; At,3/4/2020 10:04:47 AM,,
45910,16-269466,1481199900000,2016,12,8,12,25,0,Thursday,544025.29712,4808010.30093,-80.45612,43.423699,At intersection,2,P.D. only,Within intersection,unknown,unknown,Angle,Unknown,Daylight,01 - Daylight,Municipal (excl. Twp. Rd.),Stop sign,Functioning,0,0,0,False,False,False,Clear,,False,SIEBERT AVE; WOODHAVEN RD,3/4/2020 10:04:46 AM,,
45911,16-269583,1481217660000,2016,12,8,17,21,0,Thursday,547902.82493,4811319.08409,-80.407929,43.453253,At/near private drive,2,P.D. only,Thru lane,unknown,unknown,Other,Unknown,"Dark, artificial","08 - Dark, artificial",Municipal (excl. Twp. Rd.),No control,unknown,0,0,0,False,False,False,Snow,,False,OLD ZELLER DR; OLD ZELLER DR ; At; 3 M,3/7/2019 1:20:37 PM,,
45912,16-269586,1481217660000,2016,12,8,17,21,0,Thursday,542724.49471,4810040.26625,-80.47202999999999,43.442052,Non intersection,2,P.D. only,Thru lane,unknown,unknown,Rear end,Unknown,Dark,07 - Dark,Regional municipality,No control,unknown,0,0,0,False,False,False,Snow,,False,KING ST E; OTTAWA ST N; Near; 30 M,3/7/2019 1:20:36 PM,,
45913,16-269603,1481219760000,2016,12,8,17,56,0,Thursday,542216.9077,4810993.13844,-80.478229,43.450661,Intersection related,2,P.D. only,Not on roadway - right side,unknown,unknown,SMV other,Unknown,Dark,07 - Dark,Municipal (excl. Twp. Rd.),No control,unknown,0,0,0,False,False,False,Snow,,False,TROY ST; KRUG ST,3/7/2019 1:20:35 PM,,
45914,16-269666,1481221800000,2016,12,8,18,30,0,Thursday,546163.74875,4812312.15916,-80.429339,43.462303999999996,At intersection,2,P.D. only,Within intersection,unknown,unknown,Turning movement,Unknown,"Dark, artificial","08 - Dark, artificial",Municipal (excl. Twp. Rd.),Stop sign,Functioning,0,0,0,False,False,False,Clear,,False,KEEWATIN AVE; DENLOW ST,3/4/2020 10:04:45 AM,,
45915,16-269721,1481230800000,2016,12,8,21,0,0,Thursday,536491.36694,4809853.26462,-80.549067,43.440698,Non intersection,2,P.D. only,Thru lane,unknown,unknown,SMV other,Unknown,"Dusk, artificial","06 - Dusk, artificial",Regional municipality,No control,unknown,0,0,0,False,False,False,Snow,,False,WESTVALE GATE; UNIVERSITY AVE W; 20 M,3/7/2019 1:20:34 PM,,
45916,16-269944,1481271720000,2016,12,9,8,22,0,Friday,542570.49326,4805979.30222,-80.47425,43.405496,Intersection related,2,P.D. only,Thru lane,unknown,unknown,Rear end,Unknown,Daylight,01 - Daylight,Municipal (excl. Twp. Rd.),No control,unknown,0,0,0,False,False,False,Clear,,False,STRASBURG RD; SHOEMAKER ST; 10 M,3/4/2020 10:04:45 AM,,
45917,16-269950,1481272200000,2016,12,9,8,30,0,Friday,539486.24384,4811487.92753,-80.511941,43.455265,Non intersection,2,P.D. only,Thru lane,unknown,unknown,Rear end,Unknown,Daylight,01 - Daylight,Municipal (excl. Twp. Rd.),No control,unknown,0,0,0,False,False,False,Clear,,False,PARK ST; GILDNER ST; Near; 50 M,3/7/2019 1:20:33 PM,,
45918,16-270114,1481227200000,2016,12,8,20,0,0,Thursday,542306.34368,4811041.04095,-80.47712,43.451087,Intersection related,2,P.D. only,Off highway,unknown,unknown,SMV other,Unknown,Dark,07 - Dark,Regional municipality,Stop sign,Functioning,0,0,0,False,False,False,Snow,,False,KRUG ST; SAMUEL ST,3/4/2020 10:04:44 AM,,
45919,16-270236,1481293200000,2016,12,9,14,20,0,Friday,540359.10676,4806989.74019,-80.501485,43.414716,At/near private drive,2,P.D. only,Not on roadway - right side,unknown,unknown,SMV other,Unknown,Daylight,01 - Daylight,Municipal (excl. Twp. Rd.),No control,unknown,0,0,0,False,False,False,Snow,,False,LITTLEFIELD CRES; LITTLEFIELD CRES ; At; 2 M,3/4/2020 10:04:43 AM,,
45920,16-270281,1481298840000,2016,12,9,15,54,0,Friday,538550.46332,4805359.20886,-80.52394,43.40013,At/near private drive,1,Non-fatal injury,Thru lane,unknown,unknown,Rear end,Unknown,Daylight,01 - Daylight,Municipal (excl. Twp. Rd.),No control,unknown,0,0,0,False,False,False,Snow,,False,GRAVEL RIDGE TRAIL; GRAVEL RIDGE TRAIL ; 0 M,3/7/2019 1:20:31 PM,,
45921,16-270349,1481305260000,2016,12,9,17,41,0,Friday,541455.77751,4813276.4225,-80.487462,43.471261999999996,At/near private drive,2,P.D. only,Thru lane,unknown,unknown,SMV unattended vehicle,Unknown,"Dark, artificial","08 - Dark, artificial",Municipal (excl. Twp. Rd.),No control,unknown,0,0,0,False,False,False,Snow,,False,UNION ST; UNION ST; 1 M,3/4/2020 10:04:43 AM,,
45922,16-270380,1481308140000,2016,12,9,18,29,0,Friday,541194.32869,4808244.39107,-80.491074,43.425968,Non intersection,2,P.D. only,Thru lane,unknown,unknown,Angle,Unknown,Dark,07 - Dark,Municipal (excl. Twp. Rd.),No control,unknown,0,0,0,False,False,False,Snow,,False,CHANDLER DR ; STRASBURG RD ; 20 M,3/7/2019 1:20:30 PM,,
45923,16-270658,1481349600000,2016,12,10,6,0,0,Saturday,543403.71672,4804778.16299,-80.464055,43.394633,Other,2,P.D. only,Off highway,unknown,unknown,SMV other,Unknown,Dark,07 - Dark,Private property,No control,unknown,0,0,0,False,False,False,Snow,,False,OLD HURON RD ; OLD HURON RD; At; 0 M,3/7/2019 1:20:28 PM,,
45924,16-270773,1481319000000,2016,12,9,21,30,0,Friday,538893.97295,4810244.61622,-80.51935,43.444100999999996,At/near private drive,2,P.D. only,Off highway,unknown,unknown,SMV other,Unknown,Dark,07 - Dark,Private property,No control,unknown,0,0,0,False,False,False,Snow,,False,BRYBECK CRES; BRYBECK CRES; At; 7 M,3/4/2020 10:04:42 AM,,
45925,16-270837,1481371320000,2016,12,10,12,2,0,Saturday,539239.64201,4811190.95315,-80.51500999999999,43.452604,Non intersection,2,P.D. only,Not on roadway - right side,unknown,unknown,SMV other,Unknown,Daylight,01 - Daylight,Municipal (excl. Twp. Rd.),No control,unknown,0,0,0,False,False,False,Snow,,False,GLASGOW ST ; GLASGOW ST ; At; 1 M,3/7/2019 1:20:28 PM,,
45926,16-271102,1481401800000,2016,12,10,20,30,0,Saturday,540681.85746,4811614.2588,-80.497154,43.456337999999995,Intersection related,2,P.D. only,Thru lane,unknown,unknown,Rear end,Unknown,"Dark, artificial","08 - Dark, artificial",Regional municipality,Stop sign,Functioning,0,0,0,False,False,False,Snow,,False,WELLINGTON ST N; DUKE ST W; At,3/4/2020 10:04:41 AM,,
45927,16-271386,1481440260000,2016,12,11,7,11,0,Sunday,542471.625,4812921.94869,-80.474931,43.468013,Other,2,P.D. only,Not on roadway - right side,unknown,unknown,SMV other,Unknown,"Dawn, artificial","04 - Dawn, artificial",Regional municipality,Stop sign,Functioning,0,0,0,False,False,False,Snow,,False,SEREDA RD; GUELPH ST; 5 M,3/4/2020 10:04:41 AM,,
45928,16-271532,1481446800000,2016,12,11,9,0,0,Sunday,541558.67942,4803723.34766,-80.48691699999999,43.385239999999996,Non intersection,2,P.D. only,Thru lane,unknown,unknown,Sideswipe,Unknown,Daylight,01 - Daylight,Municipal (excl. Twp. Rd.),No control,unknown,0,0,0,False,False,False,Snow,,False,SIENNA CRES; WOODBINE AVE; Near,3/4/2020 10:04:40 AM,,
45929,16-271609,1481471820000,2016,12,11,15,57,0,Sunday,542865.2462,4814065.98718,-80.469974,43.478291999999996,At/near private drive,2,P.D. only,Thru lane,unknown,unknown,SMV other,Unknown,Daylight,01 - Daylight,Municipal (excl. Twp. Rd.),No control,unknown,0,0,0,False,False,False,Snow,,False,INGE CRT; INGE CRT ; 1 M,3/7/2019 1:20:26 PM,,
45930,16-271680,1481475720000,2016,12,11,17,2,0,Sunday,543215.0641,4808985.16098,-80.46605199999999,43.432524,Non intersection,2,P.D. only,Left shoulder,unknown,unknown,SMV other,Unknown,Dark,07 - Dark,Municipal (excl. Twp. Rd.),No control,unknown,0,0,0,False,False,False,Snow,,False,CARWOOD AVE; DIXON ST ; Near; 100 M,3/7/2019 1:20:25 PM,,
45931,16-272449,1481567880000,2016,12,12,18,38,0,Monday,540544.82522,4811765.77282,-80.498837,43.45771,Non intersection,2,P.D. only,Not on roadway - right side,unknown,unknown,SMV other,Unknown,"Daylight, artificial","02 - Daylight, artificial",Municipal (excl. Twp. Rd.),No control,unknown,0,0,0,False,False,False,Clear,,False,SHANLEY ST; SHANLEY ST ; Near; 6 M,3/4/2020 10:04:39 AM,,
45932,16-272998,1481635800000,2016,12,13,13,30,0,Tuesday,538629.29783,4809779.58507,-80.522654,43.439927,At/near private drive,2,P.D. only,Thru lane,unknown,unknown,SMV unattended vehicle,Unknown,Daylight,01 - Daylight,Municipal (excl. Twp. Rd.),No control,unknown,0,0,0,False,False,False,Clear,,False,MOOREGATE CRES; MOOREGATE CRES ; Near; 60 M,3/7/2019 1:20:24 PM,,