OBJECTID,ACCIDENTNUM,ACCIDENTDATE,ACCIDENT_YEAR,ACCIDENT_MONTH,ACCIDENT_DAY,ACCIDENT_HOUR,ACCIDENT_MINUTE,ACCIDENT_SECOND,ACCIDENT_WEEKDAY,XCOORD,YCOORD,LONGITUDE,LATITUDE,ACCIDENTLOCATION,COLLISIONTYPE,CLASSIFICATIONOFACCIDENT,IMPACTLOCATION,INITIALDIRECTIONOFTRAVELONE,INITIALDIRECTIONOFTRAVELTWO,INITIALIMPACTTYPE,INTTRAFFICCONTROL,LIGHT,LIGHTFORREPORT,ROADJURISDICTION,TRAFFICCONTROL,TRAFFICCONTROLCONDITION,THRULANENO,NORTHBOUNDDISOBEYCOUNT,SOUTHBOUNDDISOBEYCOUNT,PEDESTRIANINVOLVED,CYCLISTINVOLVED,MOTORCYCLISTINVOLVED,ENVIRONMENTCONDITION1,ENVIRONMENTCONDITION2,SELFREPORTED,XMLIMPORTNOTES,LASTEDITEDDATE,CREATE_BY,CREATE_DATE
45933,16-273053,1481640780000,2016,12,13,14,53,0,Tuesday,541797.65282,4810620.91449,-80.48343899999999,43.447333,Intersection related,2,P.D. only,Right turn lane,unknown,unknown,Sideswipe,Unknown,Daylight,01 - Daylight,Regional municipality,Traffic signal,Functioning,0,0,0,False,False,False,Clear,,False,KING ST E; CEDAR ST N; Near; 5 M,3/7/2019 1:20:23 PM,,
45934,16-273149,1481649900000,2016,12,13,17,25,0,Tuesday,540334.40948,4805885.78469,-80.50187199999999,43.404778,At intersection,1,Non-fatal injury,Within intersection,unknown,unknown,Approaching,Unknown,"Dark, artificial","08 - Dark, artificial",Municipal (excl. Twp. Rd.),Stop sign,Functioning,0,0,0,False,False,False,Clear,,False,MAX BECKER DR; HELENA FEASBY ST,3/7/2019 1:20:21 PM,,
45935,16-273495,1481652000000,2016,12,13,18,0,0,Tuesday,536593.79989,4808573.64,-80.547887,43.429171,At/near private drive,2,P.D. only,Thru lane,unknown,unknown,SMV unattended vehicle,Unknown,"Dusk, artificial","06 - Dusk, artificial",Municipal (excl. Twp. Rd.),No control,unknown,0,0,0,False,False,False,Clear,,False,WESTMEADOW DR; WESTMEADOW DR,3/4/2020 10:04:38 AM,,
45936,16-273525,1481703480000,2016,12,14,8,18,0,Wednesday,537539.9116,4808514.65796,-80.536202,43.428593,Non intersection,2,P.D. only,Thru lane,unknown,unknown,Rear end,Unknown,Daylight,01 - Daylight,Municipal (excl. Twp. Rd.),No control,unknown,0,0,0,False,False,False,Clear,,False,BANKSIDE DR; BANKSIDE DR ; At; 1 M,3/7/2019 1:20:20 PM,,
45937,16-273863,1481731020000,2016,12,14,15,57,0,Wednesday,544687.85104,4809225.8736,-80.447836,43.434605,Intersection related,2,P.D. only,Thru lane,unknown,unknown,Rear end,Traffic signal,Dusk,05 - Dusk,Regional municipality,Traffic signal,Functioning,0,0,0,False,False,False,Clear,,False,FRANKLIN ST N; WEBER ST E; Near; 8 M,3/7/2019 1:20:19 PM,,
45938,16-274004,1481744460000,2016,12,14,19,41,0,Wednesday,545168.91511,4804441.3082,-80.442287,43.391496,Non intersection,2,P.D. only,Thru lane,unknown,unknown,SMV unattended vehicle,Unknown,Dark,07 - Dark,Municipal (excl. Twp. Rd.),No control,unknown,0,0,0,False,False,False,Snow,,False,HARVEST CRT; HARVEST CRT ; Near; 8 M,3/7/2019 1:20:19 PM,,
45939,16-274026,1481746320000,2016,12,14,20,12,0,Wednesday,545543.49874,4811126.20553,-80.437105,43.451664,At/near private drive,2,P.D. only,Thru lane,unknown,unknown,Other,Unknown,"Dark, artificial","08 - Dark, artificial",Municipal (excl. Twp. Rd.),No control,unknown,0,0,0,False,False,False,Snow,,False,HOLBORN DR ; LAMBERT PL ; 6 M,3/7/2019 1:20:17 PM,,
45940,16-274035,1481747760000,2016,12,14,20,36,0,Wednesday,541466.7055,4809539.1675,-80.487611,43.437611,Non intersection,2,P.D. only,Thru lane,unknown,unknown,Rear end,Unknown,Dark,07 - Dark,Municipal (excl. Twp. Rd.),Traffic signal,Functioning,0,0,0,False,False,False,Snow,,False,MILL ST; STIRLING AVE S; 5 M,3/7/2019 1:20:16 PM,,
45941,16-274084,1481753340000,2016,12,14,22,9,0,Wednesday,546725.46184,4811016.79553,-80.422507,43.450606,Non intersection,2,P.D. only,Thru lane,unknown,unknown,SMV unattended vehicle,Unknown,"Dark, artificial","08 - Dark, artificial",Municipal (excl. Twp. Rd.),No control,unknown,0,0,0,False,False,False,Snow,,False,ZELLER DR; SUSAN CRES; At; 14 M,3/7/2019 1:20:15 PM,,
45942,16-274098,1481754660000,2016,12,14,22,31,0,Wednesday,547661.33089,4810735.86513,-80.41096499999999,43.448017,At/near private drive,2,P.D. only,Not on roadway - right side,unknown,unknown,SMV other,Unknown,"Dark, artificial","08 - Dark, artificial",Municipal (excl. Twp. Rd.),No control,unknown,0,0,0,False,False,False,Snow,,False,COUNTRY CLAIR ST; COUNTRY CLAIR ST ; 4 M,3/7/2019 1:20:13 PM,,
45943,16-274277,1481732100000,2016,12,14,16,15,0,Wednesday,542982.13959,4806164.09525,-80.469152,43.407136,At/near private drive,2,P.D. only,Thru lane,unknown,unknown,Turning movement,Unknown,Daylight,01 - Daylight,Municipal (excl. Twp. Rd.),No control,unknown,0,0,0,False,False,False,Clear,,False,SHOEMAKER ST; SHOEMAKER ST,3/4/2020 10:04:38 AM,,
45944,16-274290,1481792100000,2016,12,15,8,55,0,Thursday,539950.14976,4811016.27114,-80.506242,43.450993,Overpass or bridge,2,P.D. only,Thru lane,unknown,unknown,SMV other,Unknown,Daylight,01 - Daylight,Municipal (excl. Twp. Rd.),No control,unknown,0,0,0,False,False,False,Snow,,False,PARK ST; CN RAIL; At; 0 M,3/7/2019 1:20:12 PM,,
45945,16-274338,1481794500000,2016,12,15,9,35,0,Thursday,539909.24517,4808493.67572,-80.50693199999999,43.428281999999996,Intersection related,2,P.D. only,Thru lane,unknown,unknown,SMV other,Unknown,Daylight,01 - Daylight,Regional municipality,Traffic signal,Functioning,0,0,0,False,False,False,Drifting Snow,,False,GREENBROOK DR ; WESTMOUNT RD E; 10 M,3/7/2019 1:20:11 PM,,
45946,16-274351,1481795280000,2016,12,15,9,48,0,Thursday,546792.14664,4804935.40676,-80.422203,43.395845,Non intersection,2,P.D. only,Thru lane,unknown,unknown,Sideswipe,Unknown,Daylight,01 - Daylight,Municipal (excl. Twp. Rd.),No control,unknown,0,0,0,False,False,False,Snow,,False,MILL PARK DR; MILL PARK DR ; Near; 10 M,3/7/2019 1:20:10 PM,,
45947,16-274498,1481801700000,2016,12,15,11,35,0,Thursday,538952.50139,4811050.49629,-80.518569,43.451353999999995,At intersection,2,P.D. only,Within intersection,unknown,unknown,Angle,Unknown,Daylight,01 - Daylight,Municipal (excl. Twp. Rd.),Stop sign,Functioning,0,0,0,False,False,False,Strong wind,,False,GLASGOW ST ; EARL ST,3/4/2020 10:04:37 AM,,
45948,16-274612,1481728200000,2016,12,14,15,10,0,Wednesday,544154.35435,4801936.22113,-80.455016,43.369,Non intersection,2,P.D. only,Thru lane,unknown,unknown,Rear end,Unknown,Daylight,01 - Daylight,Municipal (excl. Twp. Rd.),No control,unknown,0,0,0,False,False,False,Snow,,False,REIDEL DR; REIDEL DR; Near,3/4/2020 10:04:36 AM,,
45949,16-274791,1481827620000,2016,12,15,18,47,0,Thursday,538915.95221,4810254.78648,-80.519078,43.444191,At/near private drive,1,Non-fatal injury,Thru lane,unknown,unknown,Sideswipe,Unknown,"Dark, artificial","08 - Dark, artificial",Municipal (excl. Twp. Rd.),No control,unknown,0,0,0,False,False,False,Snow,,False,BRYBECK CRES ; BRYBECK CRES ; Near; 2 M,3/7/2019 1:20:09 PM,,
45950,16-274795,1481823900000,2016,12,15,17,45,0,Thursday,540964.24314,4811859.32267,-80.493645,43.458529,Intersection related,2,P.D. only,Within intersection,unknown,unknown,Angle,Unknown,Daylight,01 - Daylight,Municipal (excl. Twp. Rd.),Stop sign,Functioning,0,0,0,False,False,False,Snow,,False,AHRENS ST W; LOUISA ST,3/4/2020 10:04:36 AM,,
45951,16-275092,1481880780000,2016,12,16,9,33,0,Friday,542473.28459,4812921.47997,-80.47491,43.468008999999995,At intersection,2,P.D. only,Within intersection,unknown,unknown,Angle,Unknown,Daylight,01 - Daylight,Municipal (excl. Twp. Rd.),Stop sign,Missing/Damaged,0,0,0,False,False,False,Clear,,False,GUELPH ST; SPRING VALLEY RD,3/7/2019 1:20:07 PM,,
45952,16-275766,1481907600000,2016,12,16,17,0,0,Friday,544110.21171,4803343.39659,-80.45544699999999,43.381673,At/near private drive,2,P.D. only,Thru lane,unknown,unknown,SMV unattended vehicle,Unknown,Dark,07 - Dark,Municipal (excl. Twp. Rd.),No control,unknown,0,0,0,False,False,False,Other,,False,HEARTHWOOD CRES; HEARTHWOOD CRES ; Near,3/7/2019 1:20:06 PM,,
45953,16-275777,1481966400000,2016,12,17,9,20,0,Saturday,545062.46829,4807900.78188,-80.443316,43.422650999999995,Non intersection,2,P.D. only,Thru lane,unknown,unknown,Sideswipe,Unknown,Daylight,01 - Daylight,Municipal (excl. Twp. Rd.),No control,unknown,0,0,0,False,False,False,Snow,,False,KINGSWAY DR; WILSON AVE ; 40 M,3/7/2019 1:20:05 PM,,
45954,16-275917,1481976840000,2016,12,17,12,14,0,Saturday,545973.91905,4803905.20992,-80.43239299999999,43.38662,At/near private drive,2,P.D. only,Not on roadway - right side,unknown,unknown,SMV other,Unknown,Daylight,01 - Daylight,Municipal (excl. Twp. Rd.),No control,unknown,0,0,0,False,False,False,Snow,,False,DOON MILLS DR; DOON MILLS DR ; 2 M,3/7/2019 1:20:04 PM,,
45955,16-275941,1481823900000,2016,12,15,17,45,0,Thursday,540252.26014,4810732.64679,-80.502529,43.448423,Non intersection,2,Non-reportable,Thru lane,unknown,unknown,Rear end,Unknown,Daylight,01 - Daylight,Municipal (excl. Twp. Rd.),No control,unknown,0,0,0,False,False,False,Snow,,False,PARK ST; VICTORIA ST S; Near,3/7/2019 1:20:03 PM,,
45956,16-276042,1481986140000,2016,12,17,14,49,0,Saturday,539551.8002,4811758.93204,-80.511111,43.457701,At/near private drive,2,P.D. only,Thru lane,unknown,unknown,Angle,Unknown,Daylight,01 - Daylight,Municipal (excl. Twp. Rd.),No control,unknown,0,0,0,False,False,False,Clear,,False,PINE ST; PINE ST ; At; 4 M,3/7/2019 1:20:02 PM,,
45957,16-276148,1481994180000,2016,12,17,17,3,0,Saturday,545414.8953,4813760.65769,-80.438475,43.475392,Non intersection,2,P.D. only,Not on roadway - left side,unknown,unknown,SMV other,Unknown,"Dark, artificial","08 - Dark, artificial",Municipal (excl. Twp. Rd.),No control,unknown,0,0,0,False,False,False,Freezing Rain,,False,SHIRLEY DR; SHIRLEY DR ; Near; 30 M,3/7/2019 1:20:01 PM,,
45958,16-276188,1481997900000,2016,12,17,18,5,0,Saturday,545433.5464,4808341.12537,-80.438696,43.426594,At intersection,1,Non-fatal injury,Within intersection,unknown,unknown,SMV other,Unknown,Dark,07 - Dark,Municipal (excl. Twp. Rd.),Stop sign,Functioning,0,0,0,True,False,False,Clear,,False,CEDARWOODS CRES; KINGSWAY DR,3/7/2019 1:20:00 PM,,
45959,16-276202,1482000240000,2016,12,17,18,44,0,Saturday,542388.17687,4812462.27107,-80.47599799999999,43.463879,Non intersection,1,Non-fatal injury,Thru lane,unknown,unknown,Sideswipe,Unknown,Dark,07 - Dark,Municipal (excl. Twp. Rd.),No control,unknown,0,0,0,False,False,False,Freezing Rain,,False,WELLINGTON ST N; WELLINGTON ST N; At; 20 M,3/7/2019 1:19:59 PM,,
45960,16-276280,1482010140000,2016,12,17,21,29,0,Saturday,543959.91417,4813146.1072,-80.456514,43.469946,Non intersection,2,P.D. only,Right shoulder,unknown,unknown,SMV other,Unknown,"Daylight, artificial","02 - Daylight, artificial",Municipal (excl. Twp. Rd.),No control,unknown,0,0,0,False,False,False,Snow,,False,SHIRLEY AVE; SHIRLEY AVE ; Near; 40 M,3/7/2019 1:19:58 PM,,
45961,16-276410,1482022440000,2016,12,18,0,54,0,Sunday,539700.80016,4808251.30592,-80.509525,43.426111,At/near private drive,2,P.D. only,Not on roadway - right side,unknown,unknown,SMV unattended vehicle,Unknown,"Dark, artificial","08 - Dark, artificial",Municipal (excl. Twp. Rd.),No control,unknown,0,0,0,False,False,False,Snow,,False,VILLAGE RD; VILLAGE RD ; At; 1 M,3/7/2019 1:19:57 PM,,
45962,16-276555,1482055740000,2016,12,18,10,9,0,Sunday,545293.77809,4803388.78735,-80.440833,43.382011,Non intersection,1,Non-fatal injury,Thru lane,unknown,unknown,Approaching,Unknown,Daylight,01 - Daylight,Municipal (excl. Twp. Rd.),No control,unknown,0,0,0,False,False,False,Snow,,False,FOREST CREEK DR ; CREEK RIDGE ST ; 45 M,3/7/2019 1:19:56 PM,,
45963,16-276640,1482065040000,2016,12,18,12,44,0,Sunday,545146.92663,4804206.24617,-80.442578,43.389381,At/near private drive,2,P.D. only,Thru lane,unknown,unknown,Other,Unknown,Daylight,01 - Daylight,Municipal (excl. Twp. Rd.),No control,unknown,0,0,0,False,False,False,Clear,,False,ANVIL ST; ANVIL ST ; At; 10 M,3/7/2019 1:19:54 PM,,
45964,16-276663,1481978400000,2016,12,17,12,40,0,Saturday,536005.84962,4809171.75408,-80.555111,43.434585,At/near private drive,2,P.D. only,Thru lane,unknown,unknown,SMV unattended vehicle,Unknown,Daylight,01 - Daylight,Municipal (excl. Twp. Rd.),No control,unknown,0,0,0,False,False,False,Rain,,False,SASSAFRAS ST; SASSAFRAS ST,3/7/2019 1:19:53 PM,,
45965,16-276708,1481994780000,2016,12,17,17,13,0,Saturday,539234.80011,4808859.36599,-80.515238,43.43161,Non intersection,2,P.D. only,Right shoulder,unknown,unknown,SMV unattended vehicle,Unknown,"Dark, artificial","08 - Dark, artificial",Municipal (excl. Twp. Rd.),No control,unknown,0,0,0,False,False,False,Clear,,False,QUEENS BLVD; QUEENS BLVD ; Near,3/7/2019 1:19:52 PM,,
45966,16-276723,1482060600000,2016,12,18,11,30,0,Sunday,542107.46712,4807129.84762,-80.479879,43.415881999999996,At intersection,2,P.D. only,Thru lane,unknown,unknown,Rear end,Unknown,Daylight,01 - Daylight,Regional municipality,Traffic signal,Functioning,0,0,0,False,False,False,Clear,,False,STRASBURG RD ; BLOCK LINE RD,3/7/2019 1:19:50 PM,,
45967,16-277185,1482138000000,2016,12,19,9,0,0,Monday,539572.82144,4806249.0018,-80.511251,43.408089,Non intersection,2,P.D. only,Thru lane,unknown,unknown,Sideswipe,Unknown,Daylight,01 - Daylight,Municipal (excl. Twp. Rd.),No control,unknown,0,0,0,False,False,False,Clear,,False,ACTIVA AVE; COPPER LEAF ST; Near,3/7/2019 1:19:49 PM,,
45968,16-277266,1482143400000,2016,12,19,10,30,0,Monday,545923.49956,4804797.50145,-80.432941,43.394656999999995,Other,2,P.D. only,Right turn lane,unknown,unknown,Turning movement,Unknown,Daylight,01 - Daylight,Private property,Yield sign,Functioning,0,0,0,False,False,False,Clear,,False,PIONEER DR; PIONEER DR ; At,3/7/2019 1:19:48 PM,,
45969,16-277302,1482151140000,2016,12,19,12,39,0,Monday,547727.32142,4806119.60742,-80.410553,43.406448999999995,Intersection related,2,P.D. only,Thru lane,unknown,unknown,Turning movement,Unknown,Daylight,01 - Daylight,Municipal (excl. Twp. Rd.),Stop sign,Functioning,0,0,0,False,False,False,Clear,,False,DEER RIDGE DR; FALL HARVEST DR ; At,3/7/2019 1:19:47 PM,,
45970,16-277429,1482162420000,2016,12,19,15,47,0,Monday,545950.64845,4809734.34137,-80.43218999999999,43.439107,At/near private drive,2,P.D. only,Thru lane,unknown,unknown,Turning movement,Unknown,Daylight,01 - Daylight,Municipal (excl. Twp. Rd.),No control,unknown,0,0,0,False,False,False,Clear,,False,VERONICA DR; VERONICA DR ; Near; 1 M,3/7/2019 1:19:46 PM,,
45971,16-277516,1482058800000,2016,12,18,11,0,0,Sunday,542138.34057,4810684.7218,-80.479224,43.447888,Non intersection,2,P.D. only,Other,unknown,unknown,SMV unattended vehicle,Unknown,Daylight,01 - Daylight,Municipal (excl. Twp. Rd.),No control,unknown,0,0,0,False,False,False,Clear,,False,CAMERON ST N; CAMERON ST N,3/7/2019 1:19:45 PM,,
45972,16-277575,1482175200000,2016,12,19,19,20,0,Monday,540796.09733,4809183.32085,-80.495924,43.434444,Intersection related,1,Non-fatal injury,Thru lane,unknown,unknown,SMV other,Stop sign,"Dark, artificial","08 - Dark, artificial",Municipal (excl. Twp. Rd.),Stop sign,Functioning,0,0,0,True,False,False,Clear,,False,PLEASANT AVE; STIRLING AVE S,3/7/2019 1:19:44 PM,,
45973,16-277673,1482189000000,2016,12,19,23,10,0,Monday,541794.56584,4814999.29918,-80.483141,43.486756,At/near private drive,2,P.D. only,Other,unknown,unknown,SMV other,Unknown,Dark,07 - Dark,Municipal (excl. Twp. Rd.),No control,unknown,0,0,0,False,False,False,Clear,,False,WOOLWICH ST; WOOLWICH ST ; At; 0 M,3/7/2019 1:19:42 PM,,
45974,16-277674,1482189360000,2016,12,19,23,16,0,Monday,544755.16072,4808024.45948,-80.447102,43.423783,Intersection related,2,Non-reportable,Right shoulder,unknown,unknown,SMV other,Unknown,"Dark, artificial","08 - Dark, artificial",Municipal (excl. Twp. Rd.),Traffic signal,Functioning,0,0,0,False,False,False,Snow,,False,WILSON AVE; TRAYNOR AVE; 60 M,3/7/2019 1:19:42 PM,,
45975,16-277833,1482169500000,2016,12,19,17,45,0,Monday,542239.12561,4810335.93475,-80.478005,43.444742,Intersection related,1,Non-fatal injury,Right turn lane,unknown,unknown,Rear end,Traffic signal,Dark,07 - Dark,Regional municipality,Traffic signal,Functioning,0,0,0,False,False,False,Clear,,False,FAIRVIEW AVE; KING ST E,3/7/2019 1:19:40 PM,,
45976,16-277922,1482160200000,2016,12,19,15,10,0,Monday,543248.54799,4804519.25982,-80.465992,43.392311,At intersection,2,P.D. only,Within intersection,unknown,unknown,Turning movement,Unknown,Daylight,01 - Daylight,Regional municipality,Yield sign,Functioning,0,0,0,False,False,False,Clear,,False,STRASBURG RD; HURON RD,3/7/2019 1:19:39 PM,,
45977,16-278026,1482233400000,2016,12,20,11,30,0,Tuesday,540743.37517,4811486.49341,-80.496403,43.455185,Non intersection,2,P.D. only,Thru lane,unknown,unknown,Other,Unknown,Daylight,01 - Daylight,Municipal (excl. Twp. Rd.),No control,unknown,0,0,0,False,False,False,Clear,,False,DUKE ST W; DUKE ST W,3/7/2019 1:19:38 PM,,
45978,16-278671,1482312900000,2016,12,21,9,35,0,Wednesday,541183.548,4810690.70434,-80.491023,43.447995,Intersection related,2,P.D. only,Thru lane,unknown,unknown,SMV other,Unknown,Daylight,01 - Daylight,Municipal (excl. Twp. Rd.),Traffic signal,Functioning,0,0,0,False,False,False,Clear,,False,JOSEPH ST; QUEEN ST S,3/7/2019 1:19:37 PM,,
45979,16-278682,1482313680000,2016,12,21,9,48,0,Wednesday,540205.03439,4809445.70298,-80.503207,43.436837999999995,Non intersection,2,P.D. only,Thru lane,unknown,unknown,Sideswipe,Unknown,Daylight,01 - Daylight,Municipal (excl. Twp. Rd.),No control,unknown,0,0,0,False,False,False,Clear,,False,QUEENS BLVD ; BELMONT AVE E; Near; 45 M,3/7/2019 1:19:36 PM,,
45980,16-278738,1482313500000,2016,12,21,9,45,0,Wednesday,541343.35317,4809062.60245,-80.489171,43.433327,At intersection,2,P.D. only,Within intersection,unknown,unknown,Turning movement,Unknown,Daylight,01 - Daylight,Municipal (excl. Twp. Rd.),Stop sign,Functioning,0,0,0,False,False,False,Clear,,False,HIGHLAND RD E; HEIMAN ST,3/7/2019 1:19:35 PM,,
45981,16-278931,1482323100000,2016,12,21,12,25,0,Wednesday,547165.96496,4808352.08893,-80.417293,43.426584999999996,At/near private drive,2,P.D. only,Thru lane,unknown,unknown,SMV unattended vehicle,Unknown,Daylight,01 - Daylight,Municipal (excl. Twp. Rd.),No control,unknown,0,0,0,False,False,False,Clear,,False,LEWIS CRES; LEWIS CRES,3/7/2019 1:19:34 PM,,
45982,16-279132,1482358080000,2016,12,21,22,8,0,Wednesday,542237.49316,4806972.47098,-80.478286,43.414457,At/near private drive,2,P.D. only,Thru lane,unknown,unknown,Rear end,Unknown,"Daylight, artificial","02 - Daylight, artificial",Municipal (excl. Twp. Rd.),Traffic signal,Functioning,0,0,0,False,False,False,Clear,,False,STRASBURG RD; STRASBURG RD ; At; 6 M,3/7/2019 1:19:33 PM,,
45983,16-279339,1482166800000,2016,12,19,17,0,0,Monday,544843.49409,4809685.97827,-80.445875,43.438738,Non intersection,2,P.D. only,Thru lane,unknown,unknown,Rear end,Unknown,"Dusk, artificial","06 - Dusk, artificial",Municipal (excl. Twp. Rd.),No control,unknown,0,0,0,False,False,False,Clear,,False,FRANKLIN ST N; FRANKLIN ST N,3/7/2019 1:19:32 PM,,
45984,16-279611,1482418800000,2016,12,22,15,0,0,Thursday,545135.69111,4804515.89579,-80.442691,43.392168999999996,Non intersection,2,P.D. only,Thru lane,unknown,unknown,SMV unattended vehicle,Unknown,Daylight,01 - Daylight,Municipal (excl. Twp. Rd.),No control,unknown,0,0,0,False,False,False,Clear,,False,HARVEST CRT; HARVEST CRT ; Near; 1 M,3/7/2019 1:19:31 PM,,
45985,16-279646,1482417900000,2016,12,22,14,45,0,Thursday,539296.0346,4811573.2576,-80.514286,43.456043,Non intersection,2,P.D. only,Thru lane,unknown,unknown,Rear end,Unknown,Daylight,01 - Daylight,Municipal (excl. Twp. Rd.),No control,unknown,0,0,0,False,False,False,Clear,,False,PARK ST; MT HOPE ST; Near,3/7/2019 1:19:30 PM,,
45986,16-279754,1482399000000,2016,12,22,9,30,0,Thursday,538405.44895,4805239.44628,-80.525739,43.399059,At/near private drive,2,P.D. only,Right shoulder,unknown,unknown,SMV unattended vehicle,Unknown,Daylight,01 - Daylight,Municipal (excl. Twp. Rd.),No control,unknown,0,0,0,False,False,False,Clear,,False,ELIZA AVE; ELIZA AVE,3/7/2019 1:19:29 PM,,
45987,16-279881,1482450600000,2016,12,22,23,50,0,Thursday,544069.89635,4804132.5669,-80.455882,43.388780999999994,Non intersection,2,P.D. only,Left shoulder,unknown,unknown,SMV other,Unknown,Dark,07 - Dark,Municipal (excl. Twp. Rd.),No control,unknown,0,0,0,False,False,False,Clear,,False,BIEHN DR; BIEHN DR ; At; 1 M,3/7/2019 1:19:28 PM,,
45988,16-280003,1482480060000,2016,12,23,8,1,0,Friday,543752.23714,4805552.86109,-80.45969,43.401588,Intersection related,2,P.D. only,Not on roadway - right side,unknown,unknown,SMV other,Unknown,Daylight,01 - Daylight,Municipal (excl. Twp. Rd.),Stop sign,Functioning,0,0,0,False,False,False,Clear,,False,TRILLIUM DR ; BEASLEY DR,3/7/2019 1:19:27 PM,,
45989,16-280036,1482394500000,2016,12,22,8,15,0,Thursday,544681.8863,4808320.49431,-80.447983,43.426452999999995,At intersection,2,P.D. only,Within intersection,unknown,unknown,Turning movement,Unknown,Daylight,01 - Daylight,Municipal (excl. Twp. Rd.),Stop sign,Functioning,0,0,0,False,False,False,Clear,,False,GREENFIELD AVE; WOODHAVEN RD,3/7/2019 1:19:26 PM,,
45990,16-280065,1482486300000,2016,12,23,9,45,0,Friday,537229.78768,4807562.56486,-80.540099,43.420035999999996,Other,2,P.D. only,Off highway,unknown,unknown,SMV other,Unknown,Daylight,01 - Daylight,Private property,No control,unknown,0,0,0,False,False,False,Snow,,False,WESTHEIGHTS DR ; BROKEN OAK CRES,3/7/2019 1:19:25 PM,,
45991,16-280216,1482474600000,2016,12,23,6,30,0,Friday,545944.67439,4809298.88943,-80.432301,43.435185999999995,At/near private drive,2,Non-reportable,Thru lane,unknown,unknown,SMV unattended vehicle,Unknown,Dark,07 - Dark,Regional municipality,No control,unknown,0,0,0,False,False,False,Clear,,False,THALER AVE; THALER AVE,3/7/2019 1:19:24 PM,,
45992,16-280345,1482507540000,2016,12,23,15,39,0,Friday,539593.60069,4810040.97213,-80.510719,43.442231,At/near private drive,2,P.D. only,Thru lane,unknown,unknown,Angle,Unknown,Daylight,01 - Daylight,Regional municipality,No control,unknown,0,0,0,False,False,False,Clear,,False,BELMONT AVE E; HIGHLAND RD W; Near,3/7/2019 1:19:23 PM,,
45993,16-280675,1482546600000,2016,12,24,2,30,0,Saturday,540381.36707,4809536.49647,-80.50102199999999,43.437646,Non intersection,2,P.D. only,Thru lane,unknown,unknown,SMV other,Unknown,Dark,07 - Dark,Municipal (excl. Twp. Rd.),No control,unknown,0,0,0,False,False,False,Freezing Rain,,False,QUEENS BLVD; QUEENS BLVD ; Near; 8 M,3/7/2019 1:19:22 PM,,
45994,16-280872,1482581820000,2016,12,24,12,17,0,Saturday,539983.48249,4810977.30078,-80.505833,43.450641,At/near private drive,1,Non-fatal injury,Thru lane,unknown,unknown,Turning movement,Unknown,Daylight,01 - Daylight,Municipal (excl. Twp. Rd.),No control,unknown,0,0,0,False,False,False,Clear,,False,PARK ST; PARK ST ; 3 M,3/7/2019 1:19:21 PM,,
45995,16-280980,1482594000000,2016,12,24,15,40,0,Saturday,542582.10327,4810125.61253,-80.473783,43.442828999999996,At intersection,2,P.D. only,Within intersection,unknown,unknown,Turning movement,Unknown,Daylight,01 - Daylight,Regional municipality,Traffic signal,Functioning,0,0,0,False,False,False,Rain,,False,KING ST E; BORDEN AVE N,3/7/2019 1:19:20 PM,,
45996,16-281367,1482609600000,2016,12,24,20,0,0,Saturday,540123.36018,4811462.43419,-80.50406799999999,43.455000999999996,At/near private drive,2,P.D. only,Thru lane,unknown,unknown,SMV unattended vehicle,Unknown,"Dark, artificial","08 - Dark, artificial",Municipal (excl. Twp. Rd.),No control,unknown,0,0,0,False,False,False,Clear,,False,LOUISA ST; LOUISA ST ; Near; 3 M,3/7/2019 1:19:19 PM,,
45997,16-281570,1482696660000,2016,12,25,20,11,0,Sunday,544903.38021,4808965.618,-80.445194,43.432249,Non intersection,1,Non-fatal injury,Thru lane,unknown,unknown,SMV other,Unknown,"Dark, artificial","08 - Dark, artificial",Municipal (excl. Twp. Rd.),No control,unknown,0,0,0,True,False,False,Clear,,False,KINGSWAY DR; NINTH AVE ; 127 M,3/7/2019 1:19:17 PM,,
45998,16-281578,1482696000000,2016,12,25,20,0,0,Sunday,538904.45973,4810135.92148,-80.519228,43.443121999999995,At/near private drive,2,P.D. only,Thru lane,unknown,unknown,SMV unattended vehicle,Unknown,"Dark, artificial","08 - Dark, artificial",Municipal (excl. Twp. Rd.),No control,unknown,0,0,0,False,False,False,Clear,,False,KARN ST; KARN ST ; 5 M,3/7/2019 1:19:16 PM,,
45999,16-281759,1482736020000,2016,12,26,7,7,0,Monday,540807.54028,4809199.68325,-80.495781,43.434591,Intersection related,2,P.D. only,Right shoulder,unknown,unknown,SMV other,Unknown,Daylight,01 - Daylight,Municipal (excl. Twp. Rd.),No control,unknown,0,0,0,False,False,False,Freezing Rain,,False,STIRLING AVE S; PLEASANT AVE; Near; 10 M,3/7/2019 1:19:15 PM,,
46000,16-281794,1482739800000,2016,12,26,8,10,0,Monday,542106.47513,4807134.63507,-80.479891,43.415925,Intersection related,2,P.D. only,Not on roadway - left side,unknown,unknown,SMV other,Unknown,Daylight,01 - Daylight,Regional municipality,Traffic signal,Functioning,0,0,0,False,False,False,Freezing Rain,,False,STRASBURG RD; BLOCK LINE RD,3/7/2019 1:19:14 PM,,