OBJECTID,ACCIDENTNUM,ACCIDENTDATE,ACCIDENT_YEAR,ACCIDENT_MONTH,ACCIDENT_DAY,ACCIDENT_HOUR,ACCIDENT_MINUTE,ACCIDENT_SECOND,ACCIDENT_WEEKDAY,XCOORD,YCOORD,LONGITUDE,LATITUDE,ACCIDENTLOCATION,COLLISIONTYPE,CLASSIFICATIONOFACCIDENT,IMPACTLOCATION,INITIALDIRECTIONOFTRAVELONE,INITIALDIRECTIONOFTRAVELTWO,INITIALIMPACTTYPE,INTTRAFFICCONTROL,LIGHT,LIGHTFORREPORT,ROADJURISDICTION,TRAFFICCONTROL,TRAFFICCONTROLCONDITION,THRULANENO,NORTHBOUNDDISOBEYCOUNT,SOUTHBOUNDDISOBEYCOUNT,PEDESTRIANINVOLVED,CYCLISTINVOLVED,MOTORCYCLISTINVOLVED,ENVIRONMENTCONDITION1,ENVIRONMENTCONDITION2,SELFREPORTED,XMLIMPORTNOTES,LASTEDITEDDATE,CREATE_BY,CREATE_DATE
46138,17-017121,1485252360000,2017,1,24,10,6,0,Tuesday,545159.13837,4807237.88142,-80.442177,43.416677,At intersection,2,P.D. only,Within intersection,unknown,unknown,Turning movement,Stop sign,Daylight,01 - Daylight,Regional municipality,Stop sign,Functioning,0,0,0,False,False,False,Clear,,False,WILSON AVE; WEBSTER RD,3/7/2019 1:16:30 PM,,
46139,17-017294,1485007200000,2017,1,21,14,0,0,Saturday,544806.56581,4805155.67465,-80.446703,43.39795,Intersection related,2,P.D. only,Thru lane,unknown,unknown,Other,Unknown,Daylight,01 - Daylight,Municipal (excl. Twp. Rd.),Stop sign,Functioning,0,0,0,False,False,False,"Fog, mist, smoke, dust",,False,MILLWOOD CRES; DOON VILLAGE RD,3/7/2019 1:16:29 PM,,
46140,17-018028,1485350400000,2017,1,25,13,20,0,Wednesday,540106.01571,4810846.48575,-80.504328,43.449456,Overpass or bridge,2,P.D. only,Thru lane,unknown,unknown,SMV other,Unknown,Daylight,01 - Daylight,Municipal (excl. Twp. Rd.),No control,unknown,0,0,0,False,False,False,Clear,,False,PARK ST; CHERRY ST ; At; 55 M,3/7/2019 1:16:28 PM,,
46141,17-018281,1485373800000,2017,1,25,19,50,0,Wednesday,544653.0615,4811661.4146,-80.448066,43.456536,Non intersection,2,P.D. only,Other,unknown,unknown,SMV other,Unknown,"Dark, artificial","08 - Dark, artificial",Regional municipality,No control,unknown,0,0,0,False,False,False,Rain,,False,RIVER RD E; LORRAINE AVE; Near; 120 M,3/7/2019 1:16:27 PM,,
46142,17-018298,1485174600000,2017,1,23,12,30,0,Monday,547377.54069,4804409.59423,-80.415021,43.391073999999996,Other,2,Non-reportable,Off highway,unknown,unknown,SMV unattended vehicle,Unknown,Daylight,01 - Daylight,Private property,No control,unknown,0,0,0,False,False,False,Clear,,False,PRIVATE DRIVEWAY; PINNACLE DR,3/7/2019 1:16:26 PM,,
46143,17-018533,1485415740000,2017,1,26,7,29,0,Thursday,541226.29872,4811868.46656,-80.490406,43.458597,At intersection,1,Non-fatal injury,Within intersection,unknown,unknown,SMV other,Unknown,Dawn,03 - Dawn,Municipal (excl. Twp. Rd.),Traffic signal,Functioning,0,0,0,True,False,False,Rain,,False,MARGARET AVE ; WELLINGTON ST N,3/7/2019 1:16:25 PM,,
46144,17-018649,1485342000000,2017,1,25,11,0,0,Wednesday,541529.04137,4811234.62191,-80.486712,43.452874,At/near private drive,2,Non-reportable,Thru lane,unknown,unknown,Other,Unknown,Daylight,01 - Daylight,Municipal (excl. Twp. Rd.),No control,unknown,0,0,0,False,False,False,Clear,,False,AHRENS ST E; QUEEN ST N,3/7/2019 1:16:24 PM,,
46145,17-018843,1485438420000,2017,1,26,13,47,0,Thursday,541649.76572,4810880.5748,-80.485247,43.449678999999996,At intersection,2,P.D. only,Within intersection,unknown,unknown,Angle,Unknown,Daylight,01 - Daylight,Municipal (excl. Twp. Rd.),Traffic signal,Functioning,0,0,0,False,False,False,Rain,,False,DUKE ST E; SCOTT ST,3/7/2019 1:16:22 PM,,
46146,17-018943,1485269100000,2017,1,24,14,45,0,Tuesday,541093.15593,4811495.34948,-80.49207899999999,43.455245,At/near private drive,2,P.D. only,Thru lane,unknown,unknown,Other,Unknown,Daylight,01 - Daylight,Regional municipality,Stop sign,Functioning,0,0,0,False,False,False,Rain,,False,WATER ST N; WATER ST N; Near,3/7/2019 1:16:21 PM,,
46147,17-019012,1485456960000,2017,1,26,18,56,0,Thursday,543713.09714,4805683.91108,-80.460163,43.40277,Non intersection,1,Non-fatal injury,Thru lane,unknown,unknown,Sideswipe,Unknown,Dark,07 - Dark,Municipal (excl. Twp. Rd.),No control,unknown,0,0,0,False,False,False,Rain,,False,TRILLIUM DR ; STECKLE PL ; 10 M,3/7/2019 1:16:20 PM,,
46148,17-019344,1485505200000,2017,1,27,8,20,0,Friday,539574.74587,4806249.01308,-80.51122699999999,43.408089,At intersection,1,Non-fatal injury,Within intersection,unknown,unknown,Turning movement,Unknown,Daylight,01 - Daylight,Municipal (excl. Twp. Rd.),Stop sign,Functioning,0,0,0,False,False,False,Freezing Rain,,False,ACTIVA AVE; COPPER LEAF ST,3/7/2019 1:16:18 PM,,
46149,17-019551,1485520200000,2017,1,27,12,30,0,Friday,546223.29487,4803620.52411,-80.429338,43.384040999999996,Non intersection,2,P.D. only,Not on roadway - right side,unknown,unknown,SMV other,Unknown,Daylight,01 - Daylight,Municipal (excl. Twp. Rd.),No control,unknown,0,0,0,False,False,False,Snow,,False,DOON MILLS DR; DOON MILLS DR ; At; 2 M,3/7/2019 1:16:17 PM,,
46150,17-019573,1485522300000,2017,1,27,13,5,0,Friday,539859.44351,4809172.42358,-80.507498,43.434396,Non intersection,2,P.D. only,Not on roadway - right side,unknown,unknown,SMV other,Unknown,Daylight,01 - Daylight,Municipal (excl. Twp. Rd.),No control,unknown,0,0,0,False,False,False,Snow,,False,QUEENS BLVD; QUEENS BLVD ; At; 1 M,3/7/2019 1:16:16 PM,,
46151,17-019595,1485524640000,2017,1,27,13,44,0,Friday,544608.40567,4809092.28749,-80.44882799999999,43.433406999999995,At intersection,2,P.D. only,Within intersection,unknown,unknown,Angle,Unknown,Daylight,01 - Daylight,Municipal (excl. Twp. Rd.),Traffic signal,Functioning,0,1,0,False,False,False,Snow,,False,KINGSWAY DR; FRANKLIN ST S,3/7/2019 1:16:15 PM,,
46152,17-019605,1485507600000,2017,1,27,9,0,0,Friday,540901.20761,4811120.5137,-80.49448,43.451881,Non intersection,2,P.D. only,Right shoulder,unknown,unknown,SMV unattended vehicle,Unknown,Daylight,01 - Daylight,Regional municipality,No control,unknown,0,0,0,False,False,False,Snow,,False,WATER ST N; WATER ST N,3/7/2019 1:16:14 PM,,
46153,17-019622,1485521640000,2017,1,27,12,54,0,Friday,541454.41774,4811102.941,-80.487644,43.451692,Non intersection,2,P.D. only,Thru lane,unknown,unknown,Sideswipe,Unknown,Daylight,01 - Daylight,Municipal (excl. Twp. Rd.),No control,unknown,0,0,0,False,False,False,Snow,,False,QUEEN ST N; QUEEN ST N; Near,3/7/2019 1:16:13 PM,,
46154,17-019668,1485499800000,2017,1,27,6,50,0,Friday,543569.3281,4804976.0401,-80.461995,43.396405,Intersection related,2,P.D. only,Right turn channel,unknown,unknown,Rear end,Unknown,"Dark, artificial","08 - Dark, artificial",Regional municipality,Yield sign,Functioning,0,0,0,False,False,False,Snow,,False,HURON RD; OLD HURON RD OFF TO HURON RD,3/7/2019 1:16:12 PM,,
46155,17-019976,1485561240000,2017,1,27,23,54,0,Friday,540065.26262,4810220.06012,-80.50487799999999,43.443818,Non intersection,2,P.D. only,Thru lane,unknown,unknown,Turning movement,Unknown,Dark,07 - Dark,Municipal (excl. Twp. Rd.),Traffic signal,Functioning,0,0,0,False,False,False,Snow,,False,WEST AVE; VICTORIA ST S; Near; 200 M,3/7/2019 1:16:10 PM,,
46156,17-020014,1485565020000,2017,1,28,0,57,0,Saturday,535817.33459,4808941.28574,-80.557456,43.432519,At/near private drive,2,P.D. only,Right shoulder,unknown,unknown,SMV other,Unknown,Dark,07 - Dark,Municipal (excl. Twp. Rd.),Stop sign,Functioning,0,0,0,False,False,False,Clear,,False,GLASGOW ST ;  THE BOARDWALK ; Near; 8 M,3/7/2019 1:16:09 PM,,
46157,17-020248,1485597900000,2017,1,28,10,5,0,Saturday,541343.49905,4810659.0344,-80.489049,43.447700999999995,At intersection,2,P.D. only,Within intersection,unknown,unknown,Angle,Unknown,Daylight,01 - Daylight,Municipal (excl. Twp. Rd.),Stop sign,Functioning,0,0,0,False,False,False,Snow,,False,BENTON ST; CHURCH ST,3/7/2019 1:16:08 PM,,
46158,17-020252,1485547200000,2017,1,27,20,0,0,Friday,547461.02299,4810625.3722,-80.41345,43.447035,Non intersection,2,P.D. only,Thru lane,unknown,unknown,SMV unattended vehicle,Unknown,Dark,07 - Dark,Municipal (excl. Twp. Rd.),No control,unknown,0,0,0,False,False,False,Other,,False,COUNTRY CLAIR ST; COUNTRY CLAIR ST ; Near,3/7/2019 1:16:07 PM,,
46159,17-020400,1485610800000,2017,1,28,13,40,0,Saturday,537215.76807,4810170.31282,-80.540094,43.443517,Non intersection,2,P.D. only,Not on roadway - left side,unknown,unknown,SMV other,Unknown,Daylight,01 - Daylight,Municipal (excl. Twp. Rd.),No control,unknown,0,0,0,False,False,False,Other,,False,WESTWOOD DR; GLASGOW ST; At; 30 M,3/7/2019 1:16:06 PM,,
46160,17-020433,1485610680000,2017,1,28,13,38,0,Saturday,545467.64056,4810897.12889,-80.438062,43.449605999999996,Non intersection,2,Non-reportable,Not on roadway - right side,unknown,unknown,SMV other,Unknown,Daylight,01 - Daylight,Municipal (excl. Twp. Rd.),No control,unknown,0,0,0,False,False,False,Clear,,False,OLD CHICOPEE DR; CONWAY DR; Near,3/7/2019 1:16:05 PM,,
46161,17-020608,1485199680000,2017,1,23,19,28,0,Monday,545760.47901,4803958.44593,-80.435024,43.387111999999995,Non intersection,2,P.D. only,Right shoulder,unknown,unknown,SMV unattended vehicle,Unknown,Dark,07 - Dark,Municipal (excl. Twp. Rd.),No control,unknown,0,0,0,False,False,False,Snow,,False,APPLE RIDGE DR; DOON MILLS DR; Near; 20 M,3/7/2019 1:16:04 PM,,
46162,17-020688,1485640800000,2017,1,28,22,0,0,Saturday,539594.86691,4806501.05248,-80.51096,43.410357,Non intersection,2,P.D. only,Thru lane,unknown,unknown,SMV unattended vehicle,Unknown,Dark,07 - Dark,Municipal (excl. Twp. Rd.),No control,unknown,0,0,0,False,False,False,Snow,,False,WILDERNESS DR ; ACTIVA AVE ; Near; 200 M,3/7/2019 1:16:03 PM,,
46163,17-020843,1485654900000,2017,1,29,1,55,0,Sunday,545445.71995,4811769.20463,-80.43826,43.457459,Intersection related,1,Non-fatal injury,Thru lane,unknown,unknown,Rear end,Unknown,Dark,07 - Dark,Regional municipality,Stop sign,Functioning,0,0,0,False,False,False,Snow,,False,INDIAN RD; QUEENSTON DR ; At; 10 M,3/7/2019 1:16:02 PM,,
46164,17-021025,1485630000000,2017,1,28,19,0,0,Saturday,542989.28098,4807933.18493,-80.468924,43.423065,At/near private drive,2,Non-reportable,Thru lane,unknown,unknown,Turning movement,Unknown,"Dark, artificial","08 - Dark, artificial",Municipal (excl. Twp. Rd.),Stop sign,Functioning,0,0,0,False,False,False,Snow,,False,LENNOX LEWIS WAY; LENNOX LEWIS WAY ; Near,3/7/2019 1:16:01 PM,,
46165,17-021067,1485691740000,2017,1,29,12,9,0,Sunday,539863.24494,4809735.02881,-80.50741,43.439462,At/near private drive,2,P.D. only,Thru lane,unknown,unknown,Turning movement,Unknown,Daylight,01 - Daylight,Regional municipality,No control,unknown,0,0,0,False,False,False,Clear,,False,BELMONT AVE W; HIGHLAND RD W; 10 M,3/7/2019 1:15:58 PM,,
46166,17-021208,1485703800000,2017,1,29,15,30,0,Sunday,540487.0262,4809734.89938,-80.499702,43.439426999999995,At intersection,2,P.D. only,Within intersection,unknown,unknown,Turning movement,Unknown,Daylight,01 - Daylight,Municipal (excl. Twp. Rd.),Stop sign,Functioning,0,0,0,False,False,False,Clear,,False,QUEENS BLVD; SPADINA RD E,3/7/2019 1:15:57 PM,,
46167,17-021559,1485757500000,2017,1,30,6,25,0,Monday,543089.68111,4805505.37748,-80.46787499999999,43.401199,At/near private drive,2,P.D. only,Right turn lane,unknown,unknown,Turning movement,Unknown,Dark,07 - Dark,Municipal (excl. Twp. Rd.),No control,unknown,0,0,0,False,False,False,Clear,,False,TRILLIUM DR; TRILLIUM DR ; Near,3/7/2019 1:15:56 PM,,
46168,17-021694,1485719100000,2017,1,29,19,45,0,Sunday,545750.37169,4803887.39826,-80.435155,43.386472999999995,Non intersection,2,P.D. only,Thru lane,unknown,unknown,SMV unattended vehicle,Unknown,Dark,07 - Dark,Municipal (excl. Twp. Rd.),No control,unknown,0,0,0,False,False,False,Clear,,False,APPLE RIDGE DR; APPLE RIDGE DR; Near,3/7/2019 1:15:55 PM,,
46169,17-021738,1485776760000,2017,1,30,11,46,0,Monday,539317.6316,4810611.52598,-80.514088,43.447382999999995,At intersection,1,Non-fatal injury,Within intersection,unknown,unknown,Sideswipe,Unknown,Daylight,01 - Daylight,Municipal (excl. Twp. Rd.),Traffic signal,Functioning,0,0,0,False,False,False,Clear,,False,BELMONT AVE W; GAGE AVE,3/7/2019 1:15:54 PM,,
46170,17-021958,1485543600000,2017,1,27,19,0,0,Friday,542635.71933,4806745.02354,-80.473385,43.412386999999995,Intersection related,2,Non-reportable,Thru lane,unknown,unknown,Turning movement,Unknown,"Dark, artificial","08 - Dark, artificial",Municipal (excl. Twp. Rd.),Stop sign,Functioning,0,0,0,False,False,False,Snow,,False,CEDARHILL CRES; OLD COUNTRY DR,3/7/2019 1:15:53 PM,,
46171,17-022419,1485856800000,2017,1,31,10,0,0,Tuesday,539733.5788,4808386.33442,-80.50910999999999,43.427324999999996,At/near private drive,2,P.D. only,Thru lane,unknown,unknown,Other,Unknown,Daylight,01 - Daylight,Municipal (excl. Twp. Rd.),No control,unknown,0,0,0,False,False,False,Clear,,False,GREENBROOK DR; GREENBROOK DR ; At; 4 M,3/7/2019 1:15:51 PM,,
46172,17-023061,1485938340000,2017,2,1,8,39,0,Wednesday,544078.65544,4807673.44775,-80.455488,43.420663,Non intersection,2,P.D. only,Not on roadway - left side,unknown,unknown,SMV other,Unknown,Daylight,01 - Daylight,Municipal (excl. Twp. Rd.),No control,unknown,0,0,0,False,False,False,Snow,,False,VANIER DR; VANIER DR ; 4 M,3/7/2019 1:15:50 PM,,
46173,17-023220,1485941400000,2017,2,1,9,30,0,Wednesday,537217.19526,4807578.31626,-80.54025299999999,43.420179,Non intersection,2,P.D. only,Right shoulder,unknown,unknown,SMV other,Unknown,Daylight,01 - Daylight,Municipal (excl. Twp. Rd.),Stop sign,Functioning,0,0,0,False,False,False,Clear,,False,WESTHEIGHTS DR ; BROKEN OAK CRES ; 2 M,3/7/2019 1:15:49 PM,,
46174,17-023290,1485959520000,2017,2,1,14,32,0,Wednesday,541762.83626,4803537.73433,-80.484411,43.383556999999996,At intersection,2,P.D. only,Within intersection,unknown,unknown,SMV other,Unknown,Daylight,01 - Daylight,Municipal (excl. Twp. Rd.),Stop sign,Functioning,0,0,0,False,False,False,Clear,,False,VERONA ST; SIENNA CRES,3/7/2019 1:15:48 PM,,
46175,17-023803,1485970200000,2017,2,1,17,30,0,Wednesday,545546.27721,4809452.76515,-80.43721,43.436596,At/near private drive,2,P.D. only,Thru lane,unknown,unknown,Other,Unknown,Daylight,01 - Daylight,Municipal (excl. Twp. Rd.),No control,unknown,0,0,0,False,False,False,Clear,,False,FERGUS AVE; FERGUS AVE; At,3/7/2019 1:15:47 PM,,
46176,17-023836,1485981000000,2017,2,1,20,30,0,Wednesday,541160.63197,4808248.97819,-80.49149,43.426010999999995,Non intersection,2,P.D. only,Thru lane,unknown,unknown,Sideswipe,Unknown,Dark,07 - Dark,Municipal (excl. Twp. Rd.),No control,unknown,0,0,0,False,False,False,Snow,,False,CHANDLER DR; CHANDLER DR; Near,3/7/2019 1:15:46 PM,,
46177,17-023877,1485977400000,2017,2,1,19,30,0,Wednesday,545036.58824,4807866.34162,-80.44363899999999,43.422343,At/near private drive,2,P.D. only,Thru lane,unknown,unknown,Rear end,Unknown,"Dark, artificial","08 - Dark, artificial",Municipal (excl. Twp. Rd.),No control,unknown,0,0,0,False,False,False,Snow,,False,WILSON AVE; FAIRWAY RD S; Near,3/7/2019 1:15:45 PM,,
46178,17-023963,1485865800000,2017,1,31,12,30,0,Tuesday,540922.9793,4811177.17648,-80.494207,43.45239,Non intersection,2,P.D. only,Right shoulder,unknown,unknown,SMV unattended vehicle,Unknown,Daylight,01 - Daylight,Municipal (excl. Twp. Rd.),No control,unknown,0,0,0,False,False,False,Clear,,False,WATER ST N; WATER ST N; Near,3/7/2019 1:15:44 PM,,
46179,17-023972,1486041420000,2017,2,2,13,17,0,Thursday,543188.51964,4808924.60788,-80.466385,43.431979999999996,Non intersection,2,P.D. only,Thru lane,unknown,unknown,Approaching,Unknown,Daylight,01 - Daylight,Municipal (excl. Twp. Rd.),No control,unknown,0,0,0,False,False,False,Clear,,False,DIXON ST; CARWOOD AVE; 25 M,3/7/2019 1:15:43 PM,,
46180,17-024110,1486022100000,2017,2,2,7,55,0,Thursday,544702.30889,4809252.87837,-80.447655,43.434847,At/near private drive,2,P.D. only,Thru lane,unknown,unknown,Other,Unknown,Daylight,01 - Daylight,Municipal (excl. Twp. Rd.),No control,unknown,0,0,0,False,False,False,Clear,,False,FRANKLIN ST N; FRANKLIN ST N; Near,3/7/2019 1:15:42 PM,,
46181,17-024544,1486061100000,2017,2,2,18,45,0,Thursday,538381.11366,4809968.99084,-80.525707,43.441646,At/near private drive,2,P.D. only,Thru lane,unknown,unknown,SMV unattended vehicle,Unknown,"Dark, artificial","08 - Dark, artificial",Municipal (excl. Twp. Rd.),No control,unknown,0,0,0,False,False,False,Snow,,False,CHOPIN DR; CHOPIN DR; Near,3/7/2019 1:15:41 PM,,
46182,17-024754,1486127820000,2017,2,3,13,17,0,Friday,541500.84918,4811992.11919,-80.487003,43.459696,At intersection,2,P.D. only,Within intersection,unknown,unknown,Angle,Unknown,Daylight,01 - Daylight,Municipal (excl. Twp. Rd.),Stop sign,Functioning,0,1,0,False,False,False,Clear,,False,WELLINGTON ST N; ST LEGER ST,3/7/2019 1:15:38 PM,,
46183,17-025404,1486039380000,2017,2,2,12,43,0,Thursday,544186.31426,4809878.87044,-80.45398,43.440514,At/near private drive,2,P.D. only,Thru lane,unknown,unknown,Other,Unknown,Daylight,01 - Daylight,Municipal (excl. Twp. Rd.),No control,unknown,0,0,0,False,False,False,Clear,,False,ROSS AVE; ROSS AVE ; At,3/7/2019 1:15:37 PM,,
46184,17-025480,1486137600000,2017,2,3,16,0,0,Friday,541433.16813,4809518.83548,-80.488027,43.43743,At/near private drive,2,P.D. only,Thru lane,unknown,unknown,Other,Unknown,Daylight,01 - Daylight,Municipal (excl. Twp. Rd.),No control,unknown,0,0,0,False,False,False,Clear,,False,STIRLING AVE S; STIRLING AVE S; At,3/7/2019 1:15:36 PM,,
46185,17-026111,1486287420000,2017,2,5,9,37,0,Sunday,540382.41976,4809536.85037,-80.501009,43.437649,At/near private drive,2,P.D. only,Thru lane,unknown,unknown,Turning movement,Unknown,Daylight,01 - Daylight,Municipal (excl. Twp. Rd.),No control,unknown,0,0,0,False,False,False,Snow,,False,QUEENS BLVD; QUEENS BLVD ; Near; 1 M,3/7/2019 1:15:34 PM,,
46186,17-026238,1486295100000,2017,2,5,11,45,0,Sunday,544510.11603,4811759.15088,-80.44982499999999,43.457425,Non intersection,2,P.D. only,Left turn lane,unknown,unknown,Sideswipe,Unknown,Daylight,01 - Daylight,Regional municipality,Traffic signal,Functioning,0,0,0,False,False,False,Clear,,False,RIVER RD E; LORRAINE AVE; Near; 50 M,3/7/2019 1:15:33 PM,,
46187,17-026787,1486161000000,2017,2,3,22,30,0,Friday,541962.27445,4815628.55166,-80.481019,43.492411999999995,At/near private drive,2,P.D. only,Thru lane,unknown,unknown,SMV other,Unknown,"Dark, artificial","08 - Dark, artificial",Private property,No control,unknown,0,0,0,False,False,False,Clear,,False,WOOLWICH ST; WOOLWICH ST,3/7/2019 1:15:32 PM,,
46188,17-026981,1486386000000,2017,2,6,13,0,0,Monday,540891.55302,4812353.21613,-80.494507,43.462979999999995,At/near private drive,2,P.D. only,Thru lane,unknown,unknown,SMV unattended vehicle,Unknown,Daylight,01 - Daylight,Municipal (excl. Twp. Rd.),No control,unknown,0,0,0,False,False,False,Clear,,False,GUELPH ST; At,3/7/2019 1:15:31 PM,,
46189,17-027203,1486408800000,2017,2,6,19,20,0,Monday,545284.09217,4811130.60226,-80.440311,43.451719,At/near private drive,1,Non-fatal injury,Thru lane,unknown,unknown,SMV unattended vehicle,Unknown,Dark,07 - Dark,Municipal (excl. Twp. Rd.),No control,unknown,0,0,0,False,False,False,Clear,,False,HOLBORN DR; 25 OLD CHICOPEE DR ; Near; 25 M,3/7/2019 1:15:29 PM,,
46190,17-027730,1486467000000,2017,2,7,11,30,0,Tuesday,541466.49803,4810887.01576,-80.487511,43.449746999999995,Non intersection,2,P.D. only,Thru lane,unknown,unknown,SMV unattended vehicle,Unknown,Daylight,01 - Daylight,Municipal (excl. Twp. Rd.),No control,unknown,0,0,0,False,False,False,Rain,,False,GOUDIES LANE; GOUDIES LANE,3/7/2019 1:15:28 PM,,
46191,17-027932,1486489020000,2017,2,7,17,37,0,Tuesday,541135.10587,4811121.2312,-80.49158899999999,43.451874,At/near private drive,1,Non-fatal injury,Thru lane,unknown,unknown,Angle,Unknown,Dark,07 - Dark,Municipal (excl. Twp. Rd.),No control,unknown,0,0,0,False,True,False,Rain,,False,YOUNG ST ; DUKE ST W; Near; 50 M,3/7/2019 1:15:26 PM,,
46192,17-028391,1486539000000,2017,2,8,7,30,0,Wednesday,547269.13998,4803091.85977,-80.416473,43.379216,Non intersection,2,P.D. only,Right shoulder,unknown,unknown,SMV unattended vehicle,Unknown,Daylight,01 - Daylight,Municipal (excl. Twp. Rd.),No control,unknown,0,0,0,False,False,False,Clear,,False,SADDLEWOOD DR; SADDLEWOOD DR; Near,3/7/2019 1:15:25 PM,,
46193,17-028583,1486553400000,2017,2,8,11,30,0,Wednesday,545087.00863,4807807.24362,-80.443021,43.421808,At/near private drive,2,Non-reportable,Thru lane,unknown,unknown,Other,Unknown,Daylight,01 - Daylight,Municipal (excl. Twp. Rd.),Traffic controller,unknown,0,0,0,False,False,False,Clear,,False,WILSON AVE; WILSON AVE,3/7/2019 1:15:24 PM,,
46194,17-028605,1486563900000,2017,2,8,14,25,0,Wednesday,541082.08002,4810772.49086,-80.492271,43.448737,Non intersection,2,P.D. only,Not on roadway - right side,unknown,unknown,Rear end,Unknown,Daylight,01 - Daylight,Municipal (excl. Twp. Rd.),No control,unknown,0,0,0,False,False,False,Clear,,False,JOSEPH ST; DAVID ST; Near,3/7/2019 1:15:23 PM,,
46195,17-028610,1485595800000,2017,1,28,9,30,0,Saturday,544297.15538,4804832.80059,-80.453019,43.395073,Other,2,P.D. only,Off highway,unknown,unknown,SMV other,Unknown,Daylight,01 - Daylight,Private property,No control,unknown,0,0,0,False,False,False,Clear,,False,PRIVATE DRIVEWAY; CARLYLE DR ; At,3/7/2019 1:15:22 PM,,
46196,17-028716,1486315800000,2017,2,5,17,30,0,Sunday,540138.92573,4805889.77034,-80.504286,43.404824,At/near private drive,2,P.D. only,Right shoulder,unknown,unknown,SMV unattended vehicle,Unknown,"Dark, artificial","08 - Dark, artificial",Municipal (excl. Twp. Rd.),No control,unknown,0,0,0,False,False,False,Snow,,False,DUBRICK CRES; DUBRICK CRES,3/7/2019 1:15:20 PM,,
46197,17-029249,1486642800000,2017,2,9,12,20,0,Thursday,542140.74589,4810181.59402,-80.479233,43.443357999999996,At/near private drive,2,P.D. only,Thru lane,unknown,unknown,Rear end,Unknown,Daylight,01 - Daylight,Regional municipality,No control,unknown,0,0,0,False,False,False,Clear,,False,STIRLING AVE S; STIRLING AVE S; 7 M,3/7/2019 1:15:19 PM,,
46198,17-029509,1486655100000,2017,2,9,15,45,0,Thursday,544716.88896,4810080.6756,-80.447407,43.4423,At/near private drive,2,P.D. only,Thru lane,unknown,unknown,Angle,Unknown,Daylight,01 - Daylight,Municipal (excl. Twp. Rd.),No control,unknown,0,0,0,False,False,False,Clear,,False,FRANKLIN ST N; FRANKLIN ST N; Near,3/7/2019 1:15:18 PM,,
46199,17-030011,1486724400000,2017,2,10,11,0,0,Friday,538253.86767,4808375.25973,-80.527391,43.427302,Non intersection,2,P.D. only,Thru lane,unknown,unknown,Sideswipe,Unknown,Daylight,01 - Daylight,Municipal (excl. Twp. Rd.),No control,unknown,0,0,0,False,False,False,Clear,,False,QUEENS BLVD; WESTHEIGHTS DR; Near; 200 M,3/7/2019 1:15:17 PM,,
46200,17-030126,1486737180000,2017,2,10,14,33,0,Friday,541798.0077,4812134.7846,-80.483319,43.460964,Non intersection,2,P.D. only,Thru lane,unknown,unknown,SMV unattended vehicle,Unknown,Daylight,01 - Daylight,Municipal (excl. Twp. Rd.),Traffic signal,Functioning,0,0,0,False,False,False,Snow,,False,WELLINGTON ST N; LANCASTER ST W; 5 M,3/7/2019 1:15:16 PM,,
46201,17-030169,1486740540000,2017,2,10,15,29,0,Friday,540051.88779,4805780.46035,-80.505369,43.403844,Non intersection,1,Non-fatal injury,Thru lane,unknown,unknown,SMV other,Unknown,Daylight,01 - Daylight,Municipal (excl. Twp. Rd.),No control,unknown,0,0,0,True,False,False,Snow,,False,MAX BECKER DR; ISABELLA ST ; 29 M,3/7/2019 1:15:15 PM,,
46202,17-030461,1486769820000,2017,2,10,23,37,0,Friday,544057.82036,4811655.5401,-80.455424,43.456519,Non intersection,2,P.D. only,Thru lane,unknown,unknown,SMV unattended vehicle,Unknown,Dark,07 - Dark,Municipal (excl. Twp. Rd.),No control,unknown,0,0,0,False,False,False,Clear,,False,MANCHESTER RD; RIVER RD E; Near; 250 M,3/7/2019 1:15:14 PM,,
46203,17-031351,1486861320000,2017,2,12,1,2,0,Sunday,545706.64186,4808714.36476,-80.43529099999999,43.429938,At/near private drive,2,P.D. only,Thru lane,unknown,unknown,Sideswipe,Unknown,Dark,07 - Dark,Municipal (excl. Twp. Rd.),No control,unknown,0,0,0,False,False,False,Clear,,False,CENTREVILLE ST; 28 CENTREVILLE ST; 1 M,3/7/2019 1:15:12 PM,,
46204,17-031352,1486861620000,2017,2,12,1,7,0,Sunday,543792.95721,4809205.71711,-80.458894,43.434476,Non intersection,2,P.D. only,Not on roadway - right side,unknown,unknown,Sideswipe,Unknown,"Dark, artificial","08 - Dark, artificial",Municipal (excl. Twp. Rd.),Stop sign,Functioning,0,0,0,False,False,False,Snow,,False,ECKERT ST; DIXON ST ; 40 M,3/7/2019 1:15:11 PM,,
46205,17-031457,1486890480000,2017,2,12,9,8,0,Sunday,542965.32518,4806592.16899,-80.469326,43.410992,Non intersection,2,P.D. only,Right shoulder,unknown,unknown,SMV unattended vehicle,Unknown,Daylight,01 - Daylight,Regional municipality,No control,unknown,0,0,0,False,False,False,Snow,,False,CENTURY HILL DR; CENTURY HILL DR ; At; 14 M,3/7/2019 1:15:10 PM,,
46206,17-031526,1486899660000,2017,2,12,11,41,0,Sunday,543568.18257,4804978.5339,-80.462008,43.396428,At intersection,2,P.D. only,Within intersection,unknown,unknown,Angle,Unknown,Daylight,01 - Daylight,Municipal (excl. Twp. Rd.),Traffic signal,Functioning,0,0,1,False,False,False,Snow,,False,BATTLER RD; HURON RD,3/7/2019 1:15:09 PM,,