OBJECTID,ACCIDENTNUM,ACCIDENTDATE,ACCIDENT_YEAR,ACCIDENT_MONTH,ACCIDENT_DAY,ACCIDENT_HOUR,ACCIDENT_MINUTE,ACCIDENT_SECOND,ACCIDENT_WEEKDAY,XCOORD,YCOORD,LONGITUDE,LATITUDE,ACCIDENTLOCATION,COLLISIONTYPE,CLASSIFICATIONOFACCIDENT,IMPACTLOCATION,INITIALDIRECTIONOFTRAVELONE,INITIALDIRECTIONOFTRAVELTWO,INITIALIMPACTTYPE,INTTRAFFICCONTROL,LIGHT,LIGHTFORREPORT,ROADJURISDICTION,TRAFFICCONTROL,TRAFFICCONTROLCONDITION,THRULANENO,NORTHBOUNDDISOBEYCOUNT,SOUTHBOUNDDISOBEYCOUNT,PEDESTRIANINVOLVED,CYCLISTINVOLVED,MOTORCYCLISTINVOLVED,ENVIRONMENTCONDITION1,ENVIRONMENTCONDITION2,SELFREPORTED,XMLIMPORTNOTES,LASTEDITEDDATE,CREATE_BY,CREATE_DATE
46207,17-031527,1486899780000,2017,2,12,11,43,0,Sunday,540917.4278,4812366.78487,-80.494186,43.463100999999995,At intersection,2,P.D. only,Within intersection,unknown,unknown,Angle,Unknown,Daylight,01 - Daylight,Municipal (excl. Twp. Rd.),Traffic signal,Functioning,0,0,0,False,False,False,Snow,,False,MARGARET AVE; GUELPH ST,3/7/2019 1:15:07 PM,,
46208,17-031551,1486787400000,2017,2,11,4,30,0,Saturday,540746.41734,4808830.25087,-80.49656399999999,43.431267,Intersection related,2,P.D. only,Not on roadway - left side,unknown,unknown,SMV other,Unknown,Dark,07 - Dark,Regional municipality,Traffic signal,Functioning,0,0,0,False,False,False,Snow,,False,HOMER WATSON BLVD ; STIRLING AVE S,3/7/2019 1:15:06 PM,,
46209,17-031558,1486903200000,2017,2,12,12,40,0,Sunday,546062.99053,4809492.01348,-80.43082299999999,43.436918,Intersection related,1,Non-fatal injury,Thru lane,unknown,unknown,Rear end,Unknown,Daylight,01 - Daylight,Regional municipality,Traffic signal,Functioning,0,0,0,False,False,False,Snow,,False,KINZIE AVE; RIVER RD E,3/7/2019 1:15:04 PM,,
46210,17-031568,1486904160000,2017,2,12,12,56,0,Sunday,538376.13291,4807993.02833,-80.525908,43.423854,Non intersection,2,P.D. only,Thru lane,unknown,unknown,Other,Unknown,Daylight,01 - Daylight,Municipal (excl. Twp. Rd.),No control,unknown,0,0,0,False,False,False,Clear,,False,SILVER ASPEN CRES; ELM RIDGE DR ; Near; 100 M,3/7/2019 1:15:02 PM,,
46211,17-031706,1486917360000,2017,2,12,16,36,0,Sunday,542918.87551,4803828.3822,-80.47011599999999,43.386109,Non intersection,2,P.D. only,Right shoulder,unknown,unknown,SMV unattended vehicle,Unknown,Daylight,01 - Daylight,Township,No control,unknown,0,0,0,False,False,False,Snow,,False,150  NEWCASTLE DR; ROCKCLIFFE DR ; Near; 5 M,3/7/2019 1:15:01 PM,,
46212,17-031880,1486934700000,2017,2,12,21,25,0,Sunday,544611.37157,4809091.26041,-80.448792,43.433397,Non intersection,2,P.D. only,Thru lane,unknown,unknown,Sideswipe,Unknown,Dark,07 - Dark,Municipal (excl. Twp. Rd.),Traffic signal,Functioning,0,0,0,False,False,False,Snow,,False,KINGSWAY DR; FRANKLIN ST S; Near; 75 M,3/7/2019 1:15:00 PM,,
46213,17-031906,1486936920000,2017,2,12,22,2,0,Sunday,543230.86349,4804483.21446,-80.466213,43.391987,At intersection,2,P.D. only,Within intersection,unknown,unknown,SMV other,Unknown,Dark,07 - Dark,Regional municipality,Yield sign,Functioning,0,0,0,False,False,False,Freezing Rain,,False,HURON RD; STRASBURG RD; 1 M,3/7/2019 1:14:59 PM,,
46214,17-031950,1486943160000,2017,2,12,23,46,0,Sunday,542045.42805,4807994.26348,-80.48057899999999,43.423668,Non intersection,2,P.D. only,Thru lane,unknown,unknown,Approaching,Unknown,Dark,07 - Dark,Municipal (excl. Twp. Rd.),No control,unknown,0,0,0,False,False,False,Strong wind,,False,ALPINE RD; KINGSWOOD DR; Near; 253 M,3/7/2019 1:14:57 PM,,
46215,17-032073,1486936800000,2017,2,12,22,0,0,Sunday,541496.77729,4808743.72088,-80.4873,43.430447,Intersection related,2,P.D. only,Thru lane,unknown,unknown,Rear end,Unknown,"Dark, artificial","08 - Dark, artificial",Municipal (excl. Twp. Rd.),Stop sign,Functioning,0,0,0,False,False,False,Freezing Rain,,False,HIGHLAND RD E; HOFFMAN ST,3/7/2019 1:14:54 PM,,
46216,17-032175,1486972200000,2017,2,13,7,50,0,Monday,541853.75416,4803513.46554,-80.48329,43.383334,Intersection related,2,P.D. only,Thru lane,unknown,unknown,SMV other,Unknown,Daylight,01 - Daylight,Regional municipality,Yield sign,Functioning,0,0,0,False,False,False,Clear,,False,HURON RD; WOODBINE AVE,3/7/2019 1:14:52 PM,,
46217,17-032242,1486825200000,2017,2,11,15,0,0,Saturday,542040.44799,4807810.52147,-80.480655,43.422014,At/near private drive,2,P.D. only,Thru lane,unknown,unknown,Sideswipe,Unknown,Daylight,01 - Daylight,Municipal (excl. Twp. Rd.),No control,unknown,0,0,0,False,False,False,Clear,,False,APPALACHIAN CRES; APPALACHIAN CRES; Near,3/7/2019 1:14:51 PM,,
46218,17-032403,1486998060000,2017,2,13,15,1,0,Monday,545348.74355,4812157.43824,-80.439426,43.460961,Intersection related,2,P.D. only,Thru lane,unknown,unknown,Rear end,Unknown,Daylight,01 - Daylight,Municipal (excl. Twp. Rd.),Stop sign,Functioning,0,0,0,False,False,False,Clear,,False,LORRAINE AVE; HERITAGE DR,3/7/2019 1:14:50 PM,,
46219,17-032429,1486999800000,2017,2,13,15,30,0,Monday,541068.0,4811108.0,0.0,0.0,Non intersection,2,P.D. only,Thru lane,unknown,unknown,SMV unattended vehicle,Unknown,Daylight,01 - Daylight,Municipal (excl. Twp. Rd.),No control,unknown,0,0,0,False,False,False,Clear,,False,WILLOWRUN DR; GRAND FLATS TRAIL ; 50 M,3/7/2019 1:14:47 PM,,
46220,17-032448,1486971900000,2017,2,13,7,45,0,Monday,544090.17093,4804624.83583,-80.455592,43.393212,Intersection related,2,P.D. only,Thru lane,unknown,unknown,Rear end,Unknown,Dawn,03 - Dawn,Municipal (excl. Twp. Rd.),Stop sign,Functioning,0,0,0,False,False,False,Clear,,False,BLACK WALNUT DR; BIEHN DR,3/7/2019 1:14:46 PM,,
46221,17-032883,1487058600000,2017,2,14,7,50,0,Tuesday,539187.33304,4810387.63966,-80.515715,43.445373,Non intersection,2,P.D. only,Off highway,unknown,unknown,SMV other,Unknown,Daylight,01 - Daylight,Municipal (excl. Twp. Rd.),No control,unknown,0,0,0,False,False,False,Clear,,False,BRYBECK CRES; BRYBECK CRES ; At; 3 M,3/7/2019 1:14:45 PM,,
46222,17-032901,1487008200000,2017,2,13,17,50,0,Monday,537150.13179,4806819.24594,-80.541133,43.413346999999995,At/near private drive,2,P.D. only,Thru lane,unknown,unknown,Other,Unknown,"Dusk, artificial","06 - Dusk, artificial",Municipal (excl. Twp. Rd.),No control,unknown,0,0,0,False,False,False,Clear,,False,CEDAR CREST ST; CEDAR CREST ST,3/7/2019 1:14:42 PM,,
46223,17-033090,1487070000000,2017,2,14,11,0,0,Tuesday,539204.6942,4810850.41832,-80.515467,43.449539,At/near private drive,2,P.D. only,Thru lane,unknown,unknown,Approaching,Unknown,Daylight,01 - Daylight,Municipal (excl. Twp. Rd.),No control,unknown,0,0,0,False,False,False,Clear,,False,BELMONT AVE W; BELMONT AVE W,3/7/2019 1:14:41 PM,,
46224,17-033104,1487077620000,2017,2,14,13,7,0,Tuesday,548328.10049,4804578.37014,-80.40326999999999,43.392533,At/near private drive,1,Non-fatal injury,Thru lane,unknown,unknown,Turning movement,Unknown,Daylight,01 - Daylight,Regional municipality,No control,unknown,0,0,0,False,False,False,Clear,,False,CONESTOGA COLLEGE BLVD; DOON VALLEY DR; Near; 5 M,3/7/2019 1:14:40 PM,,
46225,17-033443,1487112300000,2017,2,14,22,45,0,Tuesday,539250.78325,4810390.88354,-80.51492999999999,43.445398999999995,Non intersection,2,P.D. only,Thru lane,unknown,unknown,Turning movement,Unknown,Dark,07 - Dark,Municipal (excl. Twp. Rd.),No control,unknown,0,0,0,False,False,False,Clear,,False,BRYBECK CRES; KARN ST ; Near; 75 M,3/7/2019 1:14:39 PM,,
46226,17-033458,1487114340000,2017,2,14,23,19,0,Tuesday,541874.17946,4813339.05156,-80.48228399999999,43.471803,Intersection related,2,P.D. only,Not on roadway - right side,unknown,unknown,SMV other,Unknown,"Daylight, artificial","02 - Daylight, artificial",Municipal (excl. Twp. Rd.),Stop sign,Functioning,0,0,0,False,False,False,Snow,,False,UNION ST; MAPLE AVE ; 5 M,3/7/2019 1:14:38 PM,,
46227,17-033656,1487147340000,2017,2,15,8,29,0,Wednesday,538165.39279,4807507.34301,-80.528545,43.419492,Non intersection,2,P.D. only,Thru lane,unknown,unknown,SMV other,Unknown,Daylight,01 - Daylight,Municipal (excl. Twp. Rd.),No control,unknown,0,0,0,False,False,False,Clear,,False,MCGARRY DR; MCGARRY DR; At; 5 M,3/7/2019 1:14:37 PM,,
46228,17-033854,1486904400000,2017,2,12,13,0,0,Sunday,542449.9087,4815826.71583,-80.47497299999999,43.494169,Intersection related,2,P.D. only,Thru lane,unknown,unknown,SMV other,Unknown,Daylight,01 - Daylight,Municipal (excl. Twp. Rd.),Stop sign,Functioning,0,0,0,False,False,False,Clear,,False,KESTREL ST; FALCONRIDGE DR; Near; 10 M,3/7/2019 1:14:36 PM,,
46229,17-034041,1487087100000,2017,2,14,15,45,0,Tuesday,539655.81762,4810324.17909,-80.50993,43.444776999999995,Non intersection,2,P.D. only,Thru lane,unknown,unknown,SMV unattended vehicle,Unknown,Daylight,01 - Daylight,Municipal (excl. Twp. Rd.),No control,unknown,0,0,0,False,False,False,Clear,,False,TALBOT ST; TALBOT ST; Near,3/7/2019 1:14:35 PM,,
46230,17-034093,1487091600000,2017,2,14,17,0,0,Tuesday,543043.23988,4809760.02023,-80.468114,43.439510999999996,At intersection,2,P.D. only,Within intersection,unknown,unknown,Angle,Unknown,Daylight,01 - Daylight,Regional municipality,Stop sign,Functioning,0,0,0,False,False,False,Clear,,False,CHARLES ST E; PRESTON ST,3/7/2019 1:14:34 PM,,
46231,17-034163,1487184420000,2017,2,15,18,47,0,Wednesday,541371.88195,4810467.71157,-80.48871199999999,43.445977,At/near private drive,2,P.D. only,Thru lane,unknown,unknown,SMV unattended vehicle,Unknown,"Dark, artificial","08 - Dark, artificial",Municipal (excl. Twp. Rd.),No control,unknown,0,0,0,False,False,False,Clear,,False,ST GEORGE ST ; ST GEORGE ST ; At,3/7/2019 1:14:33 PM,,
46232,17-034195,1487187840000,2017,2,15,19,44,0,Wednesday,541833.9208,4810034.02237,-80.483036,43.442046,Non intersection,1,Non-fatal injury,Right turn lane,unknown,unknown,SMV other,Unknown,"Dark, artificial","08 - Dark, artificial",Regional municipality,No control,unknown,0,0,0,True,False,False,Clear,,False,STIRLING AVE S; STIRLING AVE S; Near; 1 M,3/7/2019 1:14:32 PM,,
46233,17-034434,1487144700000,2017,2,15,7,45,0,Wednesday,543479.95816,4812347.64965,-80.46251099999999,43.462784,Intersection related,1,Non-fatal injury,Thru lane,unknown,unknown,Rear end,Unknown,Daylight,01 - Daylight,Municipal (excl. Twp. Rd.),Stop sign,Functioning,0,0,0,False,False,False,Clear,,False,EPHRAIM ST; RIVER RD E,3/7/2019 1:14:31 PM,,
46234,17-034849,1487261340000,2017,2,16,16,9,0,Thursday,547745.42064,4804289.36951,-80.410489,43.389967999999996,Non intersection,2,P.D. only,Thru lane,unknown,unknown,Turning movement,Unknown,"Daylight, artificial","02 - Daylight, artificial",Municipal (excl. Twp. Rd.),No control,unknown,0,0,0,False,False,False,Clear,,False,CONESTOGA COLLEGE BLVD; DOON VALLEY DR; Near; 100 M,3/7/2019 1:14:30 PM,,
46235,17-034979,1487274180000,2017,2,16,19,43,0,Thursday,545275.14704,4806434.67103,-80.440811,43.409438,At intersection,2,P.D. only,Within intersection,unknown,unknown,Angle,Stop sign,"Dark, artificial","08 - Dark, artificial",Municipal (excl. Twp. Rd.),Stop sign,Functioning,0,0,0,False,False,False,Clear,,False,WABANAKI DR ; WILSON AVE,3/7/2019 1:14:29 PM,,
46236,17-035070,1487284260000,2017,2,16,22,31,0,Thursday,540807.69507,4810880.23896,-80.495654,43.449722,Intersection related,1,Non-fatal injury,Not on roadway - right side,unknown,unknown,SMV other,Unknown,Dark,07 - Dark,Municipal (excl. Twp. Rd.),Traffic signal,Functioning,0,0,0,False,False,False,Clear,,False,JOSEPH ST ; WATER ST S; Near; 16 M,3/7/2019 1:14:28 PM,,
46237,17-035522,1487328300000,2017,2,17,10,45,0,Friday,545988.11353,4809427.10248,-80.431753,43.436338,Non intersection,2,P.D. only,Thru lane,unknown,unknown,Sideswipe,Unknown,Daylight,01 - Daylight,Municipal (excl. Twp. Rd.),No control,unknown,0,0,0,False,False,False,Clear,,False,KINZIE AVE; GRULKE ST; Near,3/7/2019 1:14:27 PM,,
46238,17-035930,1487370360000,2017,2,17,22,26,0,Friday,545582.62977,4809481.76265,-80.436759,43.436855,Non intersection,2,P.D. only,Thru lane,unknown,unknown,SMV unattended vehicle,Unknown,Dark,07 - Dark,Municipal (excl. Twp. Rd.),No control,unknown,0,0,0,False,False,False,Clear,,False,FERGUS AVE; RUTHERFORD DR; Near; 25 M,3/7/2019 1:14:26 PM,,
46239,17-036037,1487381400000,2017,2,18,1,30,0,Saturday,541496.73044,4808743.34969,-80.487301,43.430444,Intersection related,2,P.D. only,Thru lane,unknown,unknown,Turning movement,Unknown,"Dark, artificial","08 - Dark, artificial",Municipal (excl. Twp. Rd.),Stop sign,Functioning,0,0,0,False,False,False,Clear,,False,HOFFMAN ST; HIGHLAND RD E; 5 M,3/7/2019 1:14:25 PM,,
46240,17-036342,1487413800000,2017,2,18,10,30,0,Saturday,541014.92242,4809675.82065,-80.493183,43.438866,Intersection related,2,P.D. only,Thru lane,unknown,unknown,Rear end,Unknown,Daylight,01 - Daylight,Municipal (excl. Twp. Rd.),Traffic signal,Functioning,0,0,0,False,False,False,Clear,,False,HIGHLAND RD E; SPADINA RD E; At,3/7/2019 1:14:24 PM,,
46241,17-036524,1487436120000,2017,2,18,16,42,0,Saturday,547288.04966,4808889.91566,-80.41573799999999,43.431419999999996,Other,2,P.D. only,Off highway,unknown,unknown,Other,Unknown,Daylight,01 - Daylight,Private property,No control,unknown,0,0,0,False,False,False,Clear,,False,MORRISON RD; MORRISON RD ; At,3/7/2019 1:14:23 PM,,
46242,17-036541,1487438100000,2017,2,18,17,15,0,Saturday,536283.71444,4808644.8069,-80.55171299999999,43.429826999999996,Non intersection,2,P.D. only,Right shoulder,unknown,unknown,SMV unattended vehicle,Unknown,Daylight,01 - Daylight,Municipal (excl. Twp. Rd.),No control,unknown,0,0,0,False,False,False,Clear,,False,HUCK CRES; HUCK CRES ; Near; 0 M,3/7/2019 1:14:22 PM,,
46243,17-037217,1487322000000,2017,2,17,9,0,0,Friday,543241.56393,4811821.44869,-80.4655,43.458059999999996,Non intersection,2,P.D. only,Thru lane,unknown,unknown,SMV unattended vehicle,Unknown,Daylight,01 - Daylight,Municipal (excl. Twp. Rd.),No control,unknown,0,0,0,False,False,False,Clear,,False,CAMBRIDGE AVE; CAMBRIDGE AVE,3/7/2019 1:14:21 PM,,
46244,17-037229,1487354400000,2017,2,17,18,0,0,Friday,539821.73269,4807595.7144,-80.508079,43.420201,At/near private drive,2,P.D. only,Right shoulder,unknown,unknown,SMV unattended vehicle,Unknown,Dusk,05 - Dusk,Municipal (excl. Twp. Rd.),No control,unknown,0,0,0,False,False,False,Clear,,False,WINDALE CRES; WINDALE CRES ; Near; 6 M,3/7/2019 1:14:19 PM,,
46245,17-037719,1487584200000,2017,2,20,9,50,0,Monday,537406.53981,4809599.14776,-80.537776,43.438365,At/near private drive,2,P.D. only,Thru lane,unknown,unknown,Other,Unknown,Daylight,01 - Daylight,Municipal (excl. Twp. Rd.),No control,unknown,0,0,0,False,False,False,Clear,,False,STOKE DR; STOKE DR ; At; 10 M,3/7/2019 1:14:18 PM,,
46246,17-037816,1487448000000,2017,2,18,20,0,0,Saturday,545573.71922,4808932.98811,-80.436915,43.431914,Non intersection,2,P.D. only,Thru lane,unknown,unknown,SMV unattended vehicle,Unknown,Dark,07 - Dark,Municipal (excl. Twp. Rd.),No control,unknown,0,0,0,False,False,False,Clear,,False,HUBER ST; HUBER ST ; Near,3/7/2019 1:14:17 PM,,
46247,17-037847,1487591400000,2017,2,20,11,50,0,Monday,540918.38914,4812366.79071,-80.494174,43.463100999999995,Intersection related,2,P.D. only,Thru lane,unknown,unknown,Rear end,Unknown,Daylight,01 - Daylight,Municipal (excl. Twp. Rd.),Traffic signal,Functioning,0,0,0,False,False,False,Clear,,False,MARGARET AVE; GUELPH ST; At,3/7/2019 1:14:16 PM,,
46248,17-037879,1487597580000,2017,2,20,13,33,0,Monday,540042.42161,4806044.9161,-80.505466,43.406226,Non intersection,2,P.D. only,Thru lane,unknown,unknown,SMV unattended vehicle,Unknown,Daylight,01 - Daylight,Municipal (excl. Twp. Rd.),No control,unknown,0,0,0,False,False,False,Clear,,False,COTTON GRASS ST ; COTTON GRASS ST ; Near; 1 M,3/7/2019 1:14:14 PM,,
46249,17-038748,1487444400000,2017,2,18,19,0,0,Saturday,536401.46685,4808436.69962,-80.55027199999999,43.427948,At/near private drive,2,P.D. only,Thru lane,unknown,unknown,SMV unattended vehicle,Unknown,Dusk,05 - Dusk,Municipal (excl. Twp. Rd.),No control,unknown,0,0,0,False,False,False,Clear,,False,WESTMEADOW DR; WESTMEADOW DR,3/7/2019 1:14:13 PM,,
46250,17-039596,1487547000000,2017,2,19,23,30,0,Sunday,541672.78123,4810787.22491,-80.48496899999999,43.448837,Other,2,P.D. only,Off highway,unknown,unknown,SMV unattended vehicle,Unknown,Dark,07 - Dark,Private property,No control,unknown,0,0,0,False,False,False,Clear,,False,DRIVEWAY; KING ST E; At,3/7/2019 1:14:12 PM,,
46251,17-039774,1487751300000,2017,2,22,8,15,0,Wednesday,544699.49227,4811914.74711,-80.447471,43.458815,At/near private drive,2,P.D. only,Right shoulder,unknown,unknown,SMV unattended vehicle,Unknown,Daylight,01 - Daylight,Municipal (excl. Twp. Rd.),No control,unknown,0,0,0,False,False,False,Clear,,False,CARSON DR; CARSON DR ; Near,3/7/2019 1:14:11 PM,,
46252,17-039867,1487800800000,2017,2,22,22,0,0,Wednesday,540984.95264,4810826.69765,-80.493467,43.449231,At intersection,1,Non-fatal injury,Within intersection,unknown,unknown,SMV other,Unknown,Dark,07 - Dark,Municipal (excl. Twp. Rd.),Stop sign,Functioning,0,0,0,True,False,False,Clear,,False,JOSEPH ST ; GAUKEL ST,3/7/2019 1:14:10 PM,,
46253,17-040056,1487837700000,2017,2,23,8,15,0,Thursday,545315.61704,4804469.79116,-80.440474,43.391743,At intersection,2,P.D. only,Within intersection,unknown,unknown,Angle,Unknown,Daylight,01 - Daylight,Municipal (excl. Twp. Rd.),Stop sign,Functioning,0,0,0,False,False,False,Clear,,False,DOON VILLAGE RD; BECHTEL DR,3/7/2019 1:14:08 PM,,
46254,17-040091,1487788500000,2017,2,22,18,35,0,Wednesday,539494.71286,4810246.57227,-80.511926,43.444086999999996,At/near private drive,2,P.D. only,Thru lane,unknown,unknown,SMV unattended vehicle,Unknown,"Dark, artificial","08 - Dark, artificial",Municipal (excl. Twp. Rd.),No control,unknown,0,0,0,False,False,False,Clear,,False,TALBOT ST; TALBOT ST; Near,3/7/2019 1:14:07 PM,,
46255,17-040106,1487839500000,2017,2,23,8,45,0,Thursday,546066.20411,4810463.65393,-80.430701,43.445665999999996,At/near private drive,2,Non-reportable,Not on roadway - right side,unknown,unknown,Other,Unknown,Daylight,01 - Daylight,Municipal (excl. Twp. Rd.),No control,unknown,0,0,0,False,False,False,Clear,,False,HUNTINGDALE DR; HUNTINGDALE DR; At,3/7/2019 1:14:06 PM,,
46256,17-040190,1487772000000,2017,2,22,14,0,0,Wednesday,541818.19683,4810608.06228,-80.483186,43.447216,At/near private drive,2,P.D. only,Thru lane,unknown,unknown,Rear end,Unknown,Daylight,01 - Daylight,Regional municipality,No control,unknown,0,0,0,False,False,False,Clear,,False,KING ST E; KING ST E; At,3/7/2019 1:14:05 PM,,
46257,17-040376,1487853000000,2017,2,23,12,30,0,Thursday,541972.28267,4810659.86258,-80.481278,43.447674,At/near private drive,2,Non-reportable,Thru lane,unknown,unknown,Other,Unknown,Daylight,01 - Daylight,Municipal (excl. Twp. Rd.),No control,unknown,0,0,0,False,False,False,Clear,,False,MADISON AVE N; KING ST E; At,3/7/2019 1:14:04 PM,,
46258,17-040413,1487862900000,2017,2,23,15,15,0,Thursday,543067.5548,4807477.16546,-80.46799299999999,43.418954,Intersection related,2,P.D. only,Thru lane,unknown,unknown,Rear end,Unknown,Daylight,01 - Daylight,Municipal (excl. Twp. Rd.),Yield sign,Functioning,0,0,0,False,False,False,Clear,,False,BLOCK LINE RD; HANOVER ST ; At,3/7/2019 1:14:02 PM,,
46259,17-040497,1487865600000,2017,2,23,16,0,0,Thursday,539502.06964,4806103.42644,-80.512135,43.406780999999995,At intersection,1,Non-fatal injury,Within intersection,unknown,unknown,SMV other,Unknown,Daylight,01 - Daylight,Municipal (excl. Twp. Rd.),Stop sign,Functioning,0,0,0,True,False,False,Clear,,False,ACTIVA AVE ; BRIDLEWREATH ST,3/7/2019 1:14:01 PM,,
46260,17-040758,1487907960000,2017,2,24,3,46,0,Friday,540451.64361,4806280.3957,-80.500395,43.408324,Non intersection,1,Non-fatal injury,Off highway,unknown,unknown,SMV other,Unknown,"Dark, artificial","08 - Dark, artificial",Municipal (excl. Twp. Rd.),No control,unknown,0,0,0,False,False,False,Clear,,False,HIGHBROOK CRES ; HIGHBROOK CRES ; 1 M,3/7/2019 1:14:00 PM,,
46261,17-040921,1487910600000,2017,2,24,4,30,0,Friday,539617.31011,4811374.40984,-80.510329,43.454235999999995,At intersection,1,Non-fatal injury,Within intersection,unknown,unknown,SMV other,Unknown,Dark,07 - Dark,Municipal (excl. Twp. Rd.),Traffic signal,Functioning,0,0,0,True,False,False,Clear,,False,PARK ST; GLASGOW ST,3/7/2019 1:13:59 PM,,
46262,17-040984,1487934900000,2017,2,24,11,15,0,Friday,537450.50485,4808201.37349,-80.537328,43.425777,Non intersection,2,P.D. only,Thru lane,unknown,unknown,Rear end,Unknown,Daylight,01 - Daylight,Municipal (excl. Twp. Rd.),No control,unknown,0,0,0,False,False,False,"Fog, mist, smoke, dust",,False,BLACKWELL DR; BLACKWELL DR ; At; 2 M,3/7/2019 1:13:58 PM,,
46263,17-041054,1487934900000,2017,2,24,11,15,0,Friday,541869.62958,4811041.5676,-80.482517,43.451116,Non intersection,2,P.D. only,Right shoulder,unknown,unknown,SMV unattended vehicle,Unknown,Daylight,01 - Daylight,Municipal (excl. Twp. Rd.),No control,unknown,0,0,0,False,False,False,Clear,,False,IRVIN ST; IRVIN ST ; Near,3/7/2019 1:13:55 PM,,
46264,17-041286,1487890800000,2017,2,23,23,0,0,Thursday,540410.21996,4811765.92238,-80.5005,43.457719,Non intersection,2,P.D. only,Right shoulder,unknown,unknown,SMV unattended vehicle,Unknown,"Dark, artificial","08 - Dark, artificial",Municipal (excl. Twp. Rd.),No control,unknown,0,0,0,False,False,False,Clear,,False,WATERLOO ST; WATERLOO ST ; Near,3/7/2019 1:13:54 PM,,
46265,17-041347,1487963400000,2017,2,24,19,10,0,Friday,542218.81878,4810995.06676,-80.478205,43.450677999999996,At intersection,2,P.D. only,Within intersection,unknown,unknown,Angle,Unknown,Dark,07 - Dark,Regional municipality,Stop sign,Functioning,0,1,0,False,False,False,Rain,,False,TUERR DR; RITTENHOUSE RD,3/7/2019 1:13:52 PM,,
46266,17-041933,1488034800000,2017,2,25,15,0,0,Saturday,543554.01748,4808319.01196,-80.461917,43.426505999999996,Non intersection,2,P.D. only,Thru lane,unknown,unknown,SMV unattended vehicle,Unknown,Daylight,01 - Daylight,Regional municipality,No control,unknown,0,0,0,False,False,False,Clear,,False,VANIER DR; VANIER DR ; At; 2 M,3/7/2019 1:13:51 PM,,
46267,17-041937,1488035040000,2017,2,25,15,4,0,Saturday,537503.72822,4808317.65308,-80.53666299999999,43.426821,Other,2,P.D. only,Off highway,unknown,unknown,SMV other,Unknown,Daylight,01 - Daylight,Private property,No control,unknown,0,0,0,False,False,False,Clear,,False,PRIVATE DRIVE; MONTANA CRES,3/7/2019 1:13:50 PM,,
46268,17-042058,1488049020000,2017,2,25,18,57,0,Saturday,540217.68755,4805817.61734,-80.503318,43.40417,At intersection,1,Non-fatal injury,Within intersection,unknown,unknown,SMV other,Unknown,Dark,07 - Dark,Municipal (excl. Twp. Rd.),Stop sign,Functioning,0,0,0,True,False,False,Clear,,False,COMMONWEALTH ST; MAX BECKER DR,3/7/2019 1:13:49 PM,,
46269,17-042102,1488054780000,2017,2,25,20,33,0,Saturday,542108.42921,4807129.85363,-80.479868,43.415881999999996,At intersection,2,P.D. only,Within intersection,unknown,unknown,Turning movement,Unknown,Dark,07 - Dark,Regional municipality,Traffic signal,Functioning,0,0,0,False,False,False,Snow,,False,STRASBURG RD ; BLOCK LINE RD,3/7/2019 1:13:48 PM,,
46270,17-042245,1488067500000,2017,2,26,0,5,0,Sunday,543230.87577,4804481.29635,-80.466213,43.39197,At intersection,2,P.D. only,Within intersection,unknown,unknown,SMV other,Unknown,Dark,07 - Dark,Regional municipality,Yield sign,Functioning,0,0,0,False,False,False,Clear,,False,HURON RD; STRASBURG RD,3/7/2019 1:13:46 PM,,
46271,17-042738,1488079800000,2017,2,26,3,30,0,Sunday,541854.734,4803510.59355,-80.483278,43.383308,At intersection,2,P.D. only,Within intersection,unknown,unknown,SMV other,Unknown,Dark,07 - Dark,Regional municipality,Yield sign,Functioning,0,0,0,False,False,False,Snow,,False,HURON RD ; WOODBINE AVE,3/7/2019 1:13:46 PM,,
46272,17-042915,1488132000000,2017,2,26,18,0,0,Sunday,536039.82437,4807468.56173,-80.55480399999999,43.419247999999996,At/near private drive,2,P.D. only,Right shoulder,unknown,unknown,SMV unattended vehicle,Unknown,Daylight,01 - Daylight,Municipal (excl. Twp. Rd.),No control,unknown,0,0,0,False,False,False,Clear,,False,PENELOPE DR; PENELOPE DR ; At; 6 M,3/7/2019 1:13:45 PM,,
46273,17-043622,1488210300000,2017,2,27,15,45,0,Monday,544171.76051,4807684.94315,-80.454337,43.420761,Non intersection,2,P.D. only,Thru lane,unknown,unknown,SMV unattended vehicle,Unknown,Daylight,01 - Daylight,Regional municipality,No control,unknown,0,0,0,False,False,False,Clear,,False,TRAYNOR AVE; TRAYNOR AVE ; Near,3/7/2019 1:13:43 PM,,
46274,17-043832,1488263700000,2017,2,28,6,35,0,Tuesday,542516.91642,4806126.6464,-80.4749,43.406825999999995,Non intersection,2,P.D. only,Thru lane,unknown,unknown,Sideswipe,Unknown,Dawn,03 - Dawn,Regional municipality,No control,unknown,0,0,0,False,False,False,Clear,,False,STRASBURG RD; BLEAMS RD,3/7/2019 1:13:42 PM,,
46275,17-043851,1488269160000,2017,2,28,8,6,0,Tuesday,536230.04091,4809387.69356,-80.55232699999999,43.436519,Non intersection,2,P.D. only,Thru lane,unknown,unknown,Rear end,Unknown,Daylight,01 - Daylight,Municipal (excl. Twp. Rd.),No control,unknown,0,0,0,False,False,False,Clear,,False,RESURRECTION DR; BEECHMANOR CRES ; Near; 100 M,3/7/2019 1:13:41 PM,,