OBJECTID,ACCIDENTNUM,ACCIDENTDATE,ACCIDENT_YEAR,ACCIDENT_MONTH,ACCIDENT_DAY,ACCIDENT_HOUR,ACCIDENT_MINUTE,ACCIDENT_SECOND,ACCIDENT_WEEKDAY,XCOORD,YCOORD,LONGITUDE,LATITUDE,ACCIDENTLOCATION,COLLISIONTYPE,CLASSIFICATIONOFACCIDENT,IMPACTLOCATION,INITIALDIRECTIONOFTRAVELONE,INITIALDIRECTIONOFTRAVELTWO,INITIALIMPACTTYPE,INTTRAFFICCONTROL,LIGHT,LIGHTFORREPORT,ROADJURISDICTION,TRAFFICCONTROL,TRAFFICCONTROLCONDITION,THRULANENO,NORTHBOUNDDISOBEYCOUNT,SOUTHBOUNDDISOBEYCOUNT,PEDESTRIANINVOLVED,CYCLISTINVOLVED,MOTORCYCLISTINVOLVED,ENVIRONMENTCONDITION1,ENVIRONMENTCONDITION2,SELFREPORTED,XMLIMPORTNOTES,LASTEDITEDDATE,CREATE_BY,CREATE_DATE
46276,17-044308,1487595600000,2017,2,20,13,0,0,Monday,537716.85113,4809944.36261,-80.533917,43.441458,At/near private drive,2,P.D. only,Thru lane,unknown,unknown,SMV unattended vehicle,Unknown,Daylight,01 - Daylight,Municipal (excl. Twp. Rd.),No control,unknown,0,0,0,False,False,False,Clear,,False,SHADELAND CRES; SHADELAND CRES; Near,3/7/2019 1:13:40 PM,,
46277,17-044312,1488301860000,2017,2,28,17,11,0,Tuesday,544344.8571,4808758.28088,-80.452111,43.430414999999996,Intersection related,1,Non-fatal injury,Thru lane,unknown,unknown,Rear end,Unknown,Daylight,01 - Daylight,Municipal (excl. Twp. Rd.),No control,unknown,0,0,0,False,True,False,Clear,,False,SIXTH AVE ; CONNAUGHT ST ; Near,3/7/2019 1:13:39 PM,,
46278,17-044727,1488297600000,2017,2,28,16,0,0,Tuesday,541582.6289,4811443.47414,-80.48603399999999,43.454750999999995,Non intersection,2,P.D. only,Right shoulder,unknown,unknown,SMV unattended vehicle,Unknown,Daylight,01 - Daylight,Municipal (excl. Twp. Rd.),No control,unknown,0,0,0,False,False,False,Clear,,False,MARGARET AVE; MARGARET AVE ; Near,3/7/2019 1:13:38 PM,,
46279,17-044969,1488375180000,2017,3,1,13,33,0,Wednesday,538983.82651,4811319.0227,-80.518163,43.45377,Non intersection,2,P.D. only,Thru lane,unknown,unknown,Turning movement,Unknown,Daylight,01 - Daylight,Municipal (excl. Twp. Rd.),No control,unknown,0,0,0,False,False,False,Rain,,False,BELMONT AVE W; ARGYLE ST ; Near; 50 M,3/7/2019 1:13:37 PM,,
46280,17-045127,1488387300000,2017,3,1,16,55,0,Wednesday,537413.16067,4810298.85462,-80.537646,43.444665,Other,2,P.D. only,Right shoulder,unknown,unknown,SMV other,Unknown,Daylight,01 - Daylight,Municipal (excl. Twp. Rd.),No control,unknown,0,0,0,False,False,False,Clear,,False,GLASGOW ST ; 728 GLASGOW ST; 9 M,3/7/2019 1:13:36 PM,,
46281,17-045700,1488451500000,2017,3,2,10,45,0,Thursday,543704.61873,4812051.4887,-80.459758,43.460105,Non intersection,2,P.D. only,Thru lane,unknown,unknown,Sideswipe,Unknown,Daylight,01 - Daylight,Regional municipality,No control,unknown,0,0,0,False,False,False,Clear,,False,RIVER RD E; RIVER RD E,3/7/2019 1:13:35 PM,,
46282,17-045826,1488378000000,2017,3,1,14,20,0,Wednesday,539617.29322,4811377.28407,-80.510329,43.454262,Intersection related,2,Non-reportable,Thru lane,unknown,unknown,Rear end,Unknown,Daylight,01 - Daylight,Municipal (excl. Twp. Rd.),Traffic signal,Functioning,0,0,0,False,False,False,Rain,,False,PARK ST; GLASGOW ST,3/7/2019 1:13:34 PM,,
46283,17-046282,1487448000000,2017,2,18,20,0,0,Saturday,545365.59502,4811021.91907,-80.439312,43.450736,Non intersection,2,P.D. only,Thru lane,unknown,unknown,SMV unattended vehicle,Unknown,"Dark, artificial","08 - Dark, artificial",Municipal (excl. Twp. Rd.),No control,unknown,0,0,0,False,False,False,Clear,,False,HOLBORN DR; OLD CHICOPEE DR; Near,3/7/2019 1:13:33 PM,,
46284,17-046315,1488532380000,2017,3,3,9,13,0,Friday,539052.34344,4809774.18402,-80.517427,43.439856999999996,Non intersection,1,Non-fatal injury,Thru lane,unknown,unknown,SMV unattended vehicle,Unknown,Daylight,01 - Daylight,Municipal (excl. Twp. Rd.),No control,unknown,0,0,0,False,False,False,Snow,,False,PAULANDER DR; VICTORIA ST S; 80 M,3/7/2019 1:13:32 PM,,
46285,17-046373,1488541500000,2017,3,3,11,45,0,Friday,542074.7992,4806108.64341,-80.480362,43.406689,At/near private drive,2,P.D. only,Thru lane,unknown,unknown,Other,Unknown,Daylight,01 - Daylight,Municipal (excl. Twp. Rd.),Stop sign,Functioning,0,0,0,False,False,False,Clear,,False,SPRING HILL PL; THE COUNTRY WAY ; At; 5 M,3/7/2019 1:13:31 PM,,
46286,17-046495,1488542100000,2017,3,3,11,55,0,Friday,541174.44388,4812378.83846,-80.491008,43.463195999999996,At/near private drive,2,P.D. only,Thru lane,unknown,unknown,Turning movement,Unknown,Daylight,01 - Daylight,Municipal (excl. Twp. Rd.),No control,unknown,0,0,0,False,False,False,Snow,,False,BLUCHER ST; BLUCHER ST,3/7/2019 1:13:30 PM,,
46287,17-046499,1488545460000,2017,3,3,12,51,0,Friday,539604.70233,4806711.95669,-80.510824,43.412254999999995,Non intersection,2,P.D. only,Thru lane,unknown,unknown,SMV unattended vehicle,Unknown,Daylight,01 - Daylight,Municipal (excl. Twp. Rd.),No control,unknown,0,0,0,False,False,False,Clear,,False,QUEEN CHARLOTTE CRES; QUEEN CHARLOTTE CRES ; At; 2 M,3/7/2019 1:13:29 PM,,
46288,17-046653,1488549600000,2017,3,3,14,0,0,Friday,547678.58511,4810743.65293,-80.41075099999999,43.448085999999996,Intersection related,2,Non-reportable,Thru lane,unknown,unknown,Turning movement,Unknown,Daylight,01 - Daylight,Municipal (excl. Twp. Rd.),Stop sign,Functioning,0,0,0,False,False,False,Clear,,False,COUNTRY CLAIR ST; PEBBLECREEK DR; At,3/7/2019 1:13:28 PM,,
46289,17-046657,1488556980000,2017,3,3,16,3,0,Friday,541068.0,4811108.0,0.0,0.0,At intersection,2,P.D. only,Within intersection,unknown,unknown,Sideswipe,Unknown,Daylight,01 - Daylight,Municipal (excl. Twp. Rd.),Stop sign,Functioning,0,0,0,False,False,False,Clear,,False,SALTSMAN DR; BARNES RD,3/7/2019 1:13:27 PM,,
46290,17-046687,1488555720000,2017,3,3,15,42,0,Friday,544561.92798,4807298.07704,-80.44954899999999,43.417254,Non intersection,2,P.D. only,Not on roadway - right side,unknown,unknown,Sideswipe,Unknown,Daylight,01 - Daylight,Municipal (excl. Twp. Rd.),No control,unknown,0,0,0,False,False,False,Clear,,False,WEBSTER RD; MANITOU DR; Near,3/7/2019 1:13:25 PM,,
46291,17-046692,1488555000000,2017,3,3,15,30,0,Friday,541892.88065,4807548.29357,-80.48249799999999,43.419661,At/near private drive,2,P.D. only,Thru lane,unknown,unknown,Other,Unknown,Daylight,01 - Daylight,Municipal (excl. Twp. Rd.),No control,unknown,0,0,0,False,False,False,Clear,,False,LUCERNE DR; LUCERNE DR,3/7/2019 1:13:24 PM,,
46292,17-046771,1488560400000,2017,3,3,17,0,0,Friday,543489.80159,4809521.39628,-80.462615,43.437335999999995,At intersection,2,P.D. only,Within intersection,unknown,unknown,Angle,Unknown,Daylight,01 - Daylight,Municipal (excl. Twp. Rd.),Stop sign,Functioning,0,0,0,False,False,False,Clear,,False,DOON RD; ROCKWAY DR,3/7/2019 1:13:23 PM,,
46293,17-046833,1488564000000,2017,3,3,18,0,0,Friday,544884.09707,4804850.24113,-80.44577,43.395195,Intersection related,2,Non-reportable,Thru lane,unknown,unknown,Rear end,Unknown,Daylight,01 - Daylight,Municipal (excl. Twp. Rd.),Traffic signal,Functioning,0,0,0,False,False,False,Clear,,False,DOON VILLAGE RD; PIONEER DR,3/7/2019 1:13:22 PM,,
46294,17-047207,1488537000000,2017,3,3,10,30,0,Friday,539328.86356,4807827.36866,-80.51415,43.422312999999995,At/near private drive,2,P.D. only,Right shoulder,unknown,unknown,SMV unattended vehicle,Unknown,Daylight,01 - Daylight,Municipal (excl. Twp. Rd.),No control,unknown,0,0,0,False,False,False,Clear,,False,UPLANDS DR; UPLANDS DR ; 1 M,3/7/2019 1:13:21 PM,,
46295,17-047595,1488649800000,2017,3,4,17,50,0,Saturday,544910.17383,4810046.56926,-80.445021,43.441981,Non intersection,2,P.D. only,Thru lane,unknown,unknown,SMV unattended vehicle,Unknown,Daylight,01 - Daylight,Municipal (excl. Twp. Rd.),No control,unknown,0,0,0,False,False,False,Clear,,False,KENNETH AVE; RENNIE DR; 20 M,3/7/2019 1:13:20 PM,,
46296,17-048172,1488659400000,2017,3,4,20,30,0,Saturday,547283.97603,4803035.36461,-80.41629499999999,43.378706,Non intersection,2,P.D. only,Right shoulder,unknown,unknown,SMV unattended vehicle,Unknown,"Dark, artificial","08 - Dark, artificial",Municipal (excl. Twp. Rd.),No control,unknown,0,0,0,False,False,False,Clear,,False,SADDLEWOOD DR; SADDLEWOOD DR ; Near,3/7/2019 1:13:19 PM,,
46297,17-048702,1488789300000,2017,3,6,8,35,0,Monday,540486.80886,4809734.4142,-80.499704,43.439423,At intersection,2,P.D. only,Within intersection,unknown,unknown,Angle,Unknown,Daylight,01 - Daylight,Municipal (excl. Twp. Rd.),Stop sign,Functioning,0,0,0,False,False,False,Clear,,False,SPADINA RD E; QUEENS BLVD,3/7/2019 1:13:17 PM,,
46298,17-048765,1488717000000,2017,3,5,12,30,0,Sunday,543374.9065,4807670.17717,-80.464181,43.420674999999996,Non intersection,2,P.D. only,Thru lane,unknown,unknown,Sideswipe,Unknown,Daylight,01 - Daylight,Municipal (excl. Twp. Rd.),Stop sign,Functioning,0,0,0,False,False,False,Clear,,False,BLOCK LINE RD; LENNOX LEWIS WAY ; Near; 20 M,3/7/2019 1:13:16 PM,,
46299,17-049033,1488813300000,2017,3,6,15,15,0,Monday,544230.55145,4808181.60608,-80.45357,43.425228999999995,Non intersection,2,P.D. only,Thru lane,unknown,unknown,Sideswipe,Unknown,Daylight,01 - Daylight,Municipal (excl. Twp. Rd.),No control,unknown,0,0,0,False,False,False,Clear,,False,BYRON AVE; MAYWOOD RD; Near,3/7/2019 1:13:15 PM,,
46300,17-049711,1488834900000,2017,3,6,21,15,0,Monday,543173.00148,4808944.63629,-80.46657499999999,43.432161,Intersection related,2,P.D. only,Thru lane,unknown,unknown,Rear end,Unknown,Dark,07 - Dark,Municipal (excl. Twp. Rd.),Stop sign,Functioning,0,0,0,False,False,False,Rain,,False,CARWOOD AVE; DIXON ST,3/7/2019 1:13:14 PM,,
46301,17-049943,1488914340000,2017,3,7,19,19,0,Tuesday,540647.83931,4807972.07672,-80.497846,43.423545999999995,At intersection,1,Non-fatal injury,Within intersection,unknown,unknown,SMV other,Unknown,Dark,07 - Dark,Municipal (excl. Twp. Rd.),No control,unknown,0,0,0,True,False,False,Clear,,False,CHANDLER DR; LEACREST CRT,3/7/2019 1:13:13 PM,,
46302,17-050255,1488962220000,2017,3,8,8,37,0,Wednesday,540525.53203,4811868.16127,-80.499067,43.458633,At intersection,2,P.D. only,Within intersection,unknown,unknown,Other,Unknown,Daylight,01 - Daylight,Municipal (excl. Twp. Rd.),Stop sign,Functioning,0,0,0,False,False,False,Clear,,False,DUKE ST W; STAHL AVE,3/7/2019 1:13:12 PM,,
46303,17-050432,1488964800000,2017,3,8,9,20,0,Wednesday,541956.25563,4803586.0259,-80.482019,43.383981,At/near private drive,2,P.D. only,Thru lane,unknown,unknown,Other,Unknown,Daylight,01 - Daylight,Municipal (excl. Twp. Rd.),No control,unknown,0,0,0,False,False,False,Clear,,False,ROCHEFORT ST; ROCHEFORT ST ; At,3/7/2019 1:13:11 PM,,
46304,17-050770,1489002180000,2017,3,8,19,43,0,Wednesday,544117.41798,4811894.67756,-80.454668,43.458669,At intersection,1,Non-fatal injury,Within intersection,unknown,unknown,SMV other,Unknown,"Dark, artificial","08 - Dark, artificial",Municipal (excl. Twp. Rd.),Stop sign,Functioning,0,0,0,True,False,False,Clear,,False,RIVER RD E; MANCHESTER RD,3/7/2019 1:13:10 PM,,
46305,17-051001,1489000800000,2017,3,8,19,20,0,Wednesday,539569.24451,4811424.83328,-80.51092,43.454692,Intersection related,2,P.D. only,Thru lane,unknown,unknown,Rear end,Unknown,Daylight,01 - Daylight,Municipal (excl. Twp. Rd.),Stop sign,Functioning,0,0,0,False,False,False,Clear,,False,GREEN ST; PARK ST,3/7/2019 1:13:09 PM,,
46306,17-051104,1489051320000,2017,3,9,9,22,0,Thursday,540252.5912,4808336.12704,-80.502702,43.426845,Non intersection,2,P.D. only,Not on roadway - right side,unknown,unknown,SMV other,Unknown,Daylight,01 - Daylight,Municipal (excl. Twp. Rd.),No control,unknown,0,0,0,False,False,False,Clear,,False,VILLAGE RD; WESTMOUNT RD E; 300 M,3/7/2019 1:13:07 PM,,
46307,17-051165,1489055280000,2017,3,9,10,28,0,Thursday,541585.37367,4811329.6229,-80.486008,43.453725999999996,Non intersection,2,P.D. only,Thru lane,unknown,unknown,Rear end,Unknown,Daylight,01 - Daylight,Regional municipality,No control,unknown,0,0,0,False,False,False,Clear,,False,QUEEN ST N; QUEEN ST N; Near; 10 M,3/7/2019 1:13:06 PM,,
46308,17-051322,1489066980000,2017,3,9,13,43,0,Thursday,541068.0,4811108.0,0.0,0.0,Non intersection,2,P.D. only,Not on roadway - right side,unknown,unknown,SMV other,Unknown,Daylight,01 - Daylight,Municipal (excl. Twp. Rd.),No control,unknown,0,0,0,False,False,False,Clear,,False,SPRING CREEK ST; SPRING CREEK ST ; At; 4 M,3/7/2019 1:13:05 PM,,
46309,17-052074,1489146720000,2017,3,10,11,52,0,Friday,542612.53152,4806684.24316,-80.473676,43.411840999999995,Intersection related,1,Non-fatal injury,Off highway,unknown,unknown,SMV other,Unknown,Daylight,01 - Daylight,Municipal (excl. Twp. Rd.),No control,unknown,0,0,0,False,False,False,Clear,,False,OLD COUNTRY DR; CENTURY HILL DR,3/7/2019 1:13:04 PM,,
46310,17-052262,1489162140000,2017,3,10,16,9,0,Friday,543045.16942,4809759.0742,-80.46808999999999,43.439502,Intersection related,2,P.D. only,Thru lane,unknown,unknown,Angle,Unknown,Daylight,01 - Daylight,Municipal (excl. Twp. Rd.),Stop sign,Functioning,0,0,0,False,False,False,Snow,,False,CHARLES ST E; PRESTON ST ; Near,3/7/2019 1:13:03 PM,,
46311,17-052279,1489161000000,2017,3,10,15,50,0,Friday,543598.58703,4812978.54096,-80.460994,43.468458,Non intersection,2,P.D. only,Thru lane,unknown,unknown,Rear end,Unknown,Daylight,01 - Daylight,Municipal (excl. Twp. Rd.),No control,unknown,0,0,0,False,False,False,Clear,,False,SHIRLEY AVE; SHIRLEY AVE ; Near,3/7/2019 1:13:02 PM,,
46312,17-052493,1489181640000,2017,3,10,21,34,0,Friday,543561.94463,4812259.41126,-80.461505,43.461985,Non intersection,2,P.D. only,Thru lane,unknown,unknown,Approaching,Unknown,"Dark, artificial","08 - Dark, artificial",Regional municipality,No control,unknown,0,0,0,False,False,False,Drifting Snow,,False,RIVER RD E; FREDERICK ST; 23 M,3/7/2019 1:13:01 PM,,
46313,17-052544,1489185120000,2017,3,10,22,32,0,Friday,539079.57344,4811111.00672,-80.516995,43.451892,At intersection,2,P.D. only,Within intersection,unknown,unknown,Angle,Unknown,"Dark, artificial","08 - Dark, artificial",Regional municipality,Traffic signal,Functioning,0,0,1,False,False,False,Drifting Snow,,False,GLASGOW ST; BELMONT AVE W,3/7/2019 1:13:00 PM,,
46314,17-052693,1489176000000,2017,3,10,20,0,0,Friday,544325.81668,4802522.82703,-80.452852,43.374272,Non intersection,2,P.D. only,Not on roadway - left side,unknown,unknown,SMV other,Unknown,Dark,07 - Dark,Municipal (excl. Twp. Rd.),No control,unknown,0,0,0,False,False,False,Snow,,False,REIDEL DR ; STAUFFER DR ; 300 M,3/7/2019 1:12:59 PM,,
46315,17-052720,1489217640000,2017,3,11,7,34,0,Saturday,541466.94153,4810853.62523,-80.48750799999999,43.449445999999995,Non intersection,2,P.D. only,Not on roadway - right side,unknown,unknown,SMV other,Unknown,Daylight,01 - Daylight,Municipal (excl. Twp. Rd.),No control,unknown,0,0,0,False,False,False,Snow,,False,KING ST E; QUEEN ST N; 30 M,3/7/2019 1:12:57 PM,,
46316,17-052767,1489166400000,2017,3,10,17,20,0,Friday,543534.7976,4812294.68158,-80.461837,43.462303999999996,Non intersection,2,P.D. only,Thru lane,unknown,unknown,Sideswipe,Unknown,Daylight,01 - Daylight,Regional municipality,No control,unknown,0,0,0,False,False,False,Snow,,False,FREDERICK ST ; RIVER RD E; Near,3/7/2019 1:12:55 PM,,
46317,17-053040,1489244400000,2017,3,11,15,0,0,Saturday,539999.30207,4810409.64456,-80.505679,43.445529,Intersection related,2,P.D. only,Thru lane,unknown,unknown,Rear end,Unknown,Daylight,01 - Daylight,Municipal (excl. Twp. Rd.),Traffic signal,Functioning,0,0,0,False,False,False,Clear,,False,WEST AVE; STRANGE ST,3/7/2019 1:12:53 PM,,
46318,17-053647,1489234200000,2017,3,11,12,10,0,Saturday,541482.16082,4808774.30248,-80.487478,43.430723,At/near private drive,2,P.D. only,Thru lane,unknown,unknown,Other,Unknown,Daylight,01 - Daylight,Regional municipality,No control,unknown,0,0,0,False,False,False,Clear,,False,HIGHLAND RD E; HIGHLAND RD E; Near,3/7/2019 1:12:51 PM,,
46319,17-053666,1489328400000,2017,3,12,14,20,0,Sunday,543106.04995,4811416.90197,-80.467207,43.454426,At/near private drive,2,P.D. only,Thru lane,unknown,unknown,SMV unattended vehicle,Unknown,Daylight,01 - Daylight,Municipal (excl. Twp. Rd.),No control,unknown,0,0,0,False,False,False,Clear,,False,KRUG ST; KRUG ST ; At,3/7/2019 1:12:50 PM,,
46320,17-053932,1489359360000,2017,3,12,22,56,0,Sunday,541150.30882,4811151.02659,-80.491399,43.452141999999995,Intersection related,2,P.D. only,Not on roadway - right side,unknown,unknown,SMV other,Unknown,"Dark, artificial","08 - Dark, artificial",Municipal (excl. Twp. Rd.),Traffic signal,Functioning,0,0,0,False,False,False,Clear,,False,DUKE ST W; YOUNG ST; Near; 9.6 M,3/7/2019 1:12:49 PM,,
46321,17-054145,1489396440000,2017,3,13,9,14,0,Monday,541631.9658,4811414.22477,-80.48542599999999,43.454485,At intersection,2,P.D. only,Within intersection,unknown,unknown,Angle,Unknown,Daylight,01 - Daylight,Regional municipality,Traffic signal,Functioning,0,0,0,False,False,False,Clear,,False,QUEEN ST N; OTTO ST,3/7/2019 1:12:47 PM,,
46322,17-054226,1489404060000,2017,3,13,11,21,0,Monday,541074.5454,4808737.30267,-80.49251699999999,43.430413,Non intersection,2,P.D. only,Thru lane,unknown,unknown,SMV other,Unknown,Daylight,01 - Daylight,Regional municipality,No control,unknown,0,0,0,False,False,False,Snow,,False,HOMER WATSON BLVD; HOFFMAN ST; Near; 300 M,3/7/2019 1:12:46 PM,,
46323,17-054302,1489410240000,2017,3,13,13,4,0,Monday,543997.70383,4809274.13748,-80.45635899999999,43.43508,Non intersection,2,P.D. only,Not on roadway - right side,unknown,unknown,SMV other,Unknown,Daylight,01 - Daylight,Municipal (excl. Twp. Rd.),No control,unknown,0,0,0,False,False,False,Snow,,False,FIRST AVE; FIRST AVE ; 10 M,3/7/2019 1:12:44 PM,,
46324,17-054363,1489402800000,2017,3,13,11,0,0,Monday,540734.60038,4811506.56039,-80.49651,43.455366,At intersection,2,P.D. only,Within intersection,unknown,unknown,Other,Unknown,Daylight,01 - Daylight,Municipal (excl. Twp. Rd.),Stop sign,Functioning,0,0,0,False,False,False,Snow,,False,DUKE ST W; BREITHAUPT ST,3/7/2019 1:12:43 PM,,
46325,17-054384,1489323600000,2017,3,12,13,0,0,Sunday,545960.49555,4803094.67673,-80.432627,43.379323,At/near private drive,2,P.D. only,Thru lane,unknown,unknown,SMV unattended vehicle,Unknown,Daylight,01 - Daylight,Municipal (excl. Twp. Rd.),No control,unknown,0,0,0,False,False,False,Clear,,False,DOON SOUTH DR; DOON SOUTH DR,3/7/2019 1:12:41 PM,,
46326,17-054428,1489167000000,2017,3,10,17,30,0,Friday,541834.20267,4810441.48546,-80.483001,43.445715,Non intersection,2,P.D. only,Thru lane,unknown,unknown,SMV other,Unknown,Daylight,01 - Daylight,Municipal (excl. Twp. Rd.),No control,unknown,0,0,0,False,False,False,Snow,,False,MADISON AVE S; MADISON AVE S,3/7/2019 1:12:40 PM,,
46327,17-054431,1489419840000,2017,3,13,15,44,0,Monday,539407.85643,4810311.16584,-80.51299499999999,43.444672999999995,Non intersection,2,P.D. only,Thru lane,unknown,unknown,Rear end,Unknown,Daylight,01 - Daylight,Regional municipality,No control,unknown,0,0,0,False,False,False,Snow,,False,BELMONT AVE W; ADELAIDE ST; Near; 20 M,3/7/2019 1:12:39 PM,,
46328,17-054463,1489422900000,2017,3,13,16,35,0,Monday,542476.80577,4812862.5913,-80.474871,43.467479,Non intersection,2,P.D. only,Not on roadway - right side,unknown,unknown,SMV other,Unknown,Daylight,01 - Daylight,Municipal (excl. Twp. Rd.),Stop sign,Functioning,0,0,0,False,False,False,Snow,,False,SPRING VALLEY RD ; GUELPH ST ; 60 M,3/7/2019 1:12:38 PM,,
46329,17-054464,1489422960000,2017,3,13,16,36,0,Monday,547758.2136,4811475.50454,-80.409703,43.454671,Non intersection,2,P.D. only,Right shoulder,unknown,unknown,SMV other,Unknown,Daylight,01 - Daylight,Regional municipality,No control,unknown,0,0,0,False,False,False,Snow,,False,OLD ZELLER DR ; VALEBROOK ST ; 27 M,3/7/2019 1:12:37 PM,,
46330,17-054469,1489423200000,2017,3,13,16,40,0,Monday,541900.49296,4813861.60671,-80.48191899999999,43.476506,Non intersection,2,P.D. only,Not on roadway - right side,unknown,unknown,SMV other,Unknown,Daylight,01 - Daylight,Municipal (excl. Twp. Rd.),No control,unknown,0,0,0,False,False,False,Snow,,False,RIVERBEND DR ; LANCASTER ST W; 300 M,3/7/2019 1:12:36 PM,,
46331,17-054529,1489429080000,2017,3,13,18,18,0,Monday,540578.73888,4809700.61419,-80.498571,43.439113,At intersection,2,P.D. only,Thru lane,unknown,unknown,SMV other,Unknown,Dusk,05 - Dusk,Regional municipality,No control,unknown,0,0,0,False,False,False,Snow,,False,SPADINA RD E; WINSLOW DR,3/7/2019 1:12:35 PM,,
46332,17-054532,1489429380000,2017,3,13,18,23,0,Monday,544611.35645,4813366.56714,-80.448442,43.471892,Non intersection,2,P.D. only,Thru lane,unknown,unknown,Sideswipe,Unknown,Daylight,01 - Daylight,Municipal (excl. Twp. Rd.),No control,unknown,0,0,0,False,False,False,Snow,,False,BINGEMANS CENTRE DR; SHIRLEY DR ; 500 M,3/7/2019 1:12:34 PM,,
46333,17-054544,1489330800000,2017,3,12,15,0,0,Sunday,543488.92922,4808433.29676,-80.462712,43.427538999999996,Non intersection,2,P.D. only,Thru lane,unknown,unknown,SMV unattended vehicle,Unknown,Daylight,01 - Daylight,Municipal (excl. Twp. Rd.),No control,unknown,0,0,0,False,False,False,Clear,,False,ERIE AVE; VANIER DR; Near,3/7/2019 1:12:33 PM,,
46334,17-054547,1489431720000,2017,3,13,19,2,0,Monday,541896.62462,4813865.41371,-80.481966,43.476541,Non intersection,2,P.D. only,Not on roadway - right side,unknown,unknown,SMV other,Unknown,Daylight,01 - Daylight,Municipal (excl. Twp. Rd.),No control,unknown,0,0,0,False,False,False,Clear,,False,RIVERBEND DR; LANCASTER ST W; 300 M,3/7/2019 1:12:32 PM,,
46335,17-054864,1489444200000,2017,3,13,22,30,0,Monday,540660.61196,4809405.69662,-80.497581,43.436453,Non intersection,2,P.D. only,Thru lane,unknown,unknown,SMV unattended vehicle,Unknown,Dark,07 - Dark,Municipal (excl. Twp. Rd.),No control,unknown,0,0,0,False,False,False,Snow,,False,PLEASANT AVE; PLEASANT AVE,3/7/2019 1:12:31 PM,,
46336,17-054878,1489482300000,2017,3,14,9,5,0,Tuesday,541589.48656,4809246.19612,-80.486116,43.434965999999996,At/near private drive,2,P.D. only,Thru lane,unknown,unknown,Other,Unknown,Daylight,01 - Daylight,Municipal (excl. Twp. Rd.),No control,unknown,0,0,0,False,False,False,Snow,,False,TAMROTH CLOSE ; TAMROTH CLOSE,3/7/2019 1:12:30 PM,,
46337,17-054968,1489495140000,2017,3,14,12,39,0,Tuesday,540579.48153,4810631.30678,-80.498493,43.447493,Intersection related,2,P.D. only,Not on roadway - right side,unknown,unknown,SMV other,Unknown,Daylight,01 - Daylight,Municipal (excl. Twp. Rd.),Stop sign,Functioning,0,0,0,False,False,False,Clear,,False,JUBILEE DR; HEINS AVE,3/7/2019 1:12:29 PM,,
46338,17-055053,1489503180000,2017,3,14,14,53,0,Tuesday,539395.87164,4808377.43544,-80.513283,43.427262,Non intersection,2,P.D. only,Not on roadway - right side,unknown,unknown,SMV other,Unknown,Daylight,01 - Daylight,Municipal (excl. Twp. Rd.),No control,unknown,0,0,0,False,False,False,Snow,,False,CYPRUS DR; RUSSET PL ; 5 M,3/7/2019 1:12:28 PM,,
46339,17-055092,1489501800000,2017,3,14,14,30,0,Tuesday,542078.78122,4809219.75748,-80.48007299999999,43.434701,Non intersection,2,P.D. only,Thru lane,unknown,unknown,Turning movement,Unknown,Daylight,01 - Daylight,Municipal (excl. Twp. Rd.),No control,unknown,0,0,0,False,False,False,Clear,,False,MILL ST; MILL ST ; Near,3/7/2019 1:12:26 PM,,
46340,17-055095,1489505820000,2017,3,14,15,37,0,Tuesday,545144.3153,4806971.04852,-80.442382,43.414274999999996,Non intersection,2,P.D. only,Thru lane,unknown,unknown,Angle,Unknown,Daylight,01 - Daylight,Municipal (excl. Twp. Rd.),No control,unknown,0,0,0,False,False,False,Clear,,False,WILSON AVE ; WILSON AVE ; At; 5 M,3/7/2019 1:12:25 PM,,
46341,17-055166,1489512300000,2017,3,14,17,25,0,Tuesday,540171.86012,4803090.62604,-80.50408399999999,43.379618,Non intersection,1,Non-fatal injury,Not on roadway - right side,unknown,unknown,SMV other,Unknown,Daylight,01 - Daylight,Municipal (excl. Twp. Rd.),No control,unknown,0,0,0,False,False,False,Drifting Snow,,False,HURON RD; TRUSSLER RD ; 950 M,3/7/2019 1:12:24 PM,,
46342,17-055615,1489564200000,2017,3,15,7,50,0,Wednesday,540806.74512,4810878.31684,-80.495666,43.449705,Non intersection,2,P.D. only,Thru lane,unknown,unknown,Other,Unknown,Daylight,01 - Daylight,Municipal (excl. Twp. Rd.),Traffic signal,Functioning,0,0,0,False,False,False,Clear,,False,JOSEPH ST; WATER ST S; Near,3/7/2019 1:12:21 PM,,
46343,17-055788,1489589340000,2017,3,15,14,49,0,Wednesday,545858.13099,4806921.36931,-80.43357,43.413784,At/near private drive,2,P.D. only,Not on roadway - left side,unknown,unknown,SMV other,Unknown,Daylight,01 - Daylight,Regional municipality,No control,unknown,0,0,0,False,False,False,Clear,,False,WABANAKI DR; MANITOU DR; At; 0 M,3/7/2019 1:12:20 PM,,
46344,17-055885,1489597200000,2017,3,15,17,0,0,Wednesday,543068.52297,4807435.50496,-80.467985,43.418579,Intersection related,2,Non-reportable,Thru lane,unknown,unknown,Rear end,Unknown,Daylight,01 - Daylight,Regional municipality,Yield sign,Functioning,0,0,0,False,False,False,Clear,,False,FALLOWFIELD DR; BLOCK LINE RD,3/7/2019 1:12:19 PM,,
46345,17-055979,1489608420000,2017,3,15,20,7,0,Wednesday,539317.60924,4810615.35872,-80.514088,43.447417,At intersection,2,P.D. only,Within intersection,unknown,unknown,Angle,Unknown,"Daylight, artificial","02 - Daylight, artificial",Regional municipality,Traffic signal,Functioning,0,0,0,False,False,False,Clear,,False,BELMONT AVE W; GAGE AVE,3/7/2019 1:12:18 PM,,