OBJECTID,ACCIDENTNUM,ACCIDENTDATE,ACCIDENT_YEAR,ACCIDENT_MONTH,ACCIDENT_DAY,ACCIDENT_HOUR,ACCIDENT_MINUTE,ACCIDENT_SECOND,ACCIDENT_WEEKDAY,XCOORD,YCOORD,LONGITUDE,LATITUDE,ACCIDENTLOCATION,COLLISIONTYPE,CLASSIFICATIONOFACCIDENT,IMPACTLOCATION,INITIALDIRECTIONOFTRAVELONE,INITIALDIRECTIONOFTRAVELTWO,INITIALIMPACTTYPE,INTTRAFFICCONTROL,LIGHT,LIGHTFORREPORT,ROADJURISDICTION,TRAFFICCONTROL,TRAFFICCONTROLCONDITION,THRULANENO,NORTHBOUNDDISOBEYCOUNT,SOUTHBOUNDDISOBEYCOUNT,PEDESTRIANINVOLVED,CYCLISTINVOLVED,MOTORCYCLISTINVOLVED,ENVIRONMENTCONDITION1,ENVIRONMENTCONDITION2,SELFREPORTED,XMLIMPORTNOTES,LASTEDITEDDATE,CREATE_BY,CREATE_DATE
46622,17-130607,1497452340000,2017,6,14,14,59,0,Wednesday,542560.03626,4812549.24961,-80.473867,43.464652,Intersection related,2,P.D. only,Thru lane,unknown,unknown,Turning movement,Unknown,Daylight,01 - Daylight,Municipal (excl. Twp. Rd.),Stop sign,Functioning,0,0,0,False,False,False,Clear,,False,WELLINGTON ST N; CONESTOGA PARKWAY  HWY 85,3/7/2019 1:07:00 PM,,
46623,17-130662,1497455820000,2017,6,14,15,57,0,Wednesday,541874.74321,4810743.31258,-80.482477,43.448429999999995,At intersection,2,P.D. only,Within intersection,unknown,unknown,Turning movement,Unknown,Daylight,01 - Daylight,Regional municipality,Stop sign,Functioning,0,0,0,False,False,False,Clear,,False,CEDAR ST N; DUKE ST E; 5 M,3/7/2019 1:06:58 PM,,
46624,17-130739,1497427800000,2017,6,14,8,10,0,Wednesday,543068.12911,4805500.21441,-80.468142,43.401154,At intersection,2,Non-reportable,Within intersection,unknown,unknown,Turning movement,Unknown,Daylight,01 - Daylight,Municipal (excl. Twp. Rd.),Stop sign,Functioning,0,0,0,False,True,False,Clear,,False,TRILLIUM DR ; STRASBURG RD,3/7/2019 1:06:57 PM,,
46625,17-130793,1497459600000,2017,6,14,17,0,0,Wednesday,543160.61818,4812082.05466,-80.46647899999999,43.460411,Non intersection,1,Non-fatal injury,Thru lane,unknown,unknown,Rear end,Unknown,Daylight,01 - Daylight,Regional municipality,No control,unknown,0,0,0,False,False,False,Clear,,False,FREDERICK ST; ETHEL ST; Near; 5 M,3/7/2019 1:06:55 PM,,
46626,17-131162,1497513600000,2017,6,15,8,0,0,Thursday,542551.1648,4806034.34527,-80.47448399999999,43.405992999999995,At/near private drive,2,P.D. only,Thru lane,unknown,unknown,Rear end,Unknown,Daylight,01 - Daylight,Regional municipality,No control,unknown,0,0,0,False,False,False,Clear,,False,STRASBURG RD; STRASBURG RD,3/7/2019 1:06:54 PM,,
46627,17-131340,1497524400000,2017,6,15,11,0,0,Thursday,536706.8565,4807084.43158,-80.54659,43.415757,At/near private drive,2,P.D. only,Right shoulder,unknown,unknown,SMV unattended vehicle,Unknown,Daylight,01 - Daylight,Municipal (excl. Twp. Rd.),No control,unknown,0,0,0,False,False,False,Clear,,False,SUGAR MAPLE ST; SUGAR MAPLE ST; Near,3/7/2019 1:06:52 PM,,
46628,17-131559,1497546600000,2017,6,15,17,10,0,Thursday,542113.14232,4812325.71193,-80.47940799999999,43.462665,At intersection,1,Non-fatal injury,Within intersection,unknown,unknown,Turning movement,Unknown,Daylight,01 - Daylight,Municipal (excl. Twp. Rd.),Stop sign,Functioning,0,0,0,False,False,False,Clear,,False,WELLINGTON ST N; SPRING VALLEY RD,3/7/2019 1:06:50 PM,,
46629,17-132125,1497544800000,2017,6,15,16,40,0,Thursday,542561.66067,4812548.86287,-80.47384699999999,43.464649,Intersection related,2,Non-reportable,Thru lane,unknown,unknown,Rear end,Unknown,Daylight,01 - Daylight,Regional municipality,Traffic signal,Functioning,0,0,0,False,False,False,Clear,,False,WELLINGTON ST N; 85 N OFF TO WELLINGTON ST N N; At,3/7/2019 1:06:49 PM,,
46630,17-132578,1497630900000,2017,6,16,16,35,0,Friday,540027.47402,4810267.74926,-80.505341,43.44425,Non intersection,2,P.D. only,Thru lane,unknown,unknown,SMV unattended vehicle,Unknown,Daylight,01 - Daylight,Municipal (excl. Twp. Rd.),No control,unknown,0,0,0,False,False,False,Clear,,False,WEST AVE; WEST AVE,3/7/2019 1:06:48 PM,,
46631,17-133115,1497636000000,2017,6,16,18,0,0,Friday,542847.99338,4813074.88092,-80.470266,43.469369,Intersection related,2,P.D. only,Thru lane,unknown,unknown,Rear end,Unknown,Daylight,01 - Daylight,Regional municipality,Stop sign,Functioning,0,0,0,False,False,False,Clear,,False,GUELPH ST; RIVERBEND DR; At,3/7/2019 1:06:46 PM,,
46632,17-133358,1497727200000,2017,6,17,19,20,0,Saturday,544842.28151,4808247.356,-80.44600799999999,43.425785,At intersection,1,Non-fatal injury,Within intersection,unknown,unknown,Angle,Unknown,Daylight,01 - Daylight,Municipal (excl. Twp. Rd.),Stop sign,Functioning,0,0,0,False,False,False,Clear,,False,GREENFIELD AVE ; TRAYNOR AVE,3/7/2019 1:06:44 PM,,
46633,17-134494,1497802500000,2017,6,18,16,15,0,Sunday,537317.38615,4807463.36461,-80.539023,43.419138,Non intersection,2,P.D. only,Thru lane,unknown,unknown,Sideswipe,Unknown,Daylight,01 - Daylight,Municipal (excl. Twp. Rd.),No control,unknown,0,0,0,False,False,False,Clear,,False,DRIFTWOOD DR; DRIFTWOOD DR; Near,3/7/2019 1:06:43 PM,,
46634,17-134498,1497817800000,2017,6,18,20,30,0,Sunday,542478.07885,4807021.29897,-80.47531,43.414882999999996,At/near private drive,2,P.D. only,Right shoulder,unknown,unknown,SMV unattended vehicle,Unknown,Dark,07 - Dark,Municipal (excl. Twp. Rd.),No control,unknown,0,0,0,False,False,False,Clear,,False,CEDARHILL CRES; CEDARHILL CRES; At; 2 M,3/7/2019 1:06:42 PM,,
46635,17-134561,1497864480000,2017,6,19,9,28,0,Monday,539404.81908,4807758.28084,-80.513217,43.421687,Non intersection,1,Non-fatal injury,Not on roadway - right side,unknown,unknown,SMV other,Unknown,Daylight,01 - Daylight,Municipal (excl. Twp. Rd.),No control,unknown,0,0,0,False,False,False,Clear,,False,GREENBROOK DR; GREENBROOK DR ; At; 1 M,3/7/2019 1:06:40 PM,,
46636,17-134745,1497878760000,2017,6,19,13,26,0,Monday,537239.41086,4807342.29632,-80.53999499999999,43.418051999999996,Intersection related,2,P.D. only,Not on roadway - right side,unknown,unknown,SMV other,Unknown,Daylight,01 - Daylight,Municipal (excl. Twp. Rd.),No control,unknown,0,0,0,False,False,False,Clear,,False,MEADOW WOODS CRES ; DRIFTWOOD DR ; Near; 15 M,3/7/2019 1:06:39 PM,,
46637,17-135951,1497990480000,2017,6,20,20,28,0,Tuesday,541876.25242,4811809.05005,-80.482376,43.458026,At intersection,2,P.D. only,Within intersection,unknown,unknown,Turning movement,Unknown,Daylight,01 - Daylight,Municipal (excl. Twp. Rd.),Stop sign,Functioning,0,0,0,False,False,False,Clear,,False,QUEEN ST N; LANCASTER ST W,3/7/2019 1:06:37 PM,,
46638,17-136641,1498062600000,2017,6,21,16,30,0,Wednesday,545233.53347,4808099.59238,-80.441187,43.424431,Non intersection,2,P.D. only,Thru lane,unknown,unknown,SMV other,Unknown,Daylight,01 - Daylight,Municipal (excl. Twp. Rd.),No control,unknown,0,0,0,False,False,False,Clear,,False,KINGSWAY DR ; GREENFIELD AVE ; Near; 24 M,3/7/2019 1:06:36 PM,,
46639,17-136652,1498063200000,2017,6,21,16,40,0,Wednesday,544094.4046,4813211.2515,-80.454846,43.470524,At/near private drive,2,P.D. only,Thru lane,unknown,unknown,Turning movement,Unknown,Daylight,01 - Daylight,Municipal (excl. Twp. Rd.),Stop sign,Functioning,0,0,0,False,False,False,Clear,,False,BINGEMANS CENTRE DR; BINGEMANS CENTRE DR ; At; 4 M,3/7/2019 1:06:35 PM,,
46640,17-136662,1498059300000,2017,6,21,15,35,0,Wednesday,542107.46114,4807130.8063,-80.479879,43.41589,At intersection,2,P.D. only,Within intersection,unknown,unknown,Turning movement,Unknown,Daylight,01 - Daylight,Municipal (excl. Twp. Rd.),Traffic signal,Functioning,0,0,0,False,False,False,Clear,,False,BLOCK LINE RD; STRASBURG RD,3/7/2019 1:06:34 PM,,
46641,17-136761,1498060800000,2017,6,21,16,0,0,Wednesday,543360.72071,4807654.61977,-80.46435799999999,43.420535,At intersection,2,P.D. only,Within intersection,unknown,unknown,Turning movement,Unknown,Daylight,01 - Daylight,Regional municipality,Stop sign,Functioning,0,0,0,False,False,False,Clear,,False,BLOCK LINE RD; LENNOX LEWIS WAY,3/7/2019 1:06:33 PM,,
46642,17-137122,1498119360000,2017,6,22,8,16,0,Thursday,541068.0,4811108.0,0.0,0.0,Other,2,P.D. only,Off highway,unknown,unknown,SMV other,Unknown,Daylight,01 - Daylight,Private property,No control,unknown,0,0,0,False,False,False,Clear,,False,BUILDING LOT; WILLOWRUN DR,3/7/2019 1:06:32 PM,,
46643,17-137123,1498119000000,2017,6,22,8,10,0,Thursday,544448.6183,4810737.11976,-80.450668,43.448226,At/near private drive,2,P.D. only,Thru lane,unknown,unknown,Turning movement,Unknown,Daylight,01 - Daylight,Regional municipality,No control,unknown,0,0,0,False,False,False,Clear,,False,FRANKLIN ST N; FRANKLIN ST N; At,3/7/2019 1:06:31 PM,,
46644,17-137200,1498120200000,2017,6,22,8,30,0,Thursday,539772.60008,4805453.12267,-80.50884099999999,43.400912,Intersection related,1,Non-fatal injury,Thru lane,unknown,unknown,Angle,Unknown,Daylight,01 - Daylight,Municipal (excl. Twp. Rd.),Stop sign,Functioning,0,0,0,False,True,False,Clear,,False,DONNENWERTH DR ; PERIWINKLE ST ; At; 40 M,3/7/2019 1:06:30 PM,,
46645,17-137577,1498147200000,2017,6,22,16,0,0,Thursday,540535.26241,4811415.20645,-80.498981,43.454553999999995,At/near private drive,2,P.D. only,Thru lane,unknown,unknown,Other,Unknown,Daylight,01 - Daylight,Municipal (excl. Twp. Rd.),No control,unknown,0,0,0,False,False,False,Clear,,False,BREITHAUPT ST; BREITHAUPT ST,3/7/2019 1:06:29 PM,,
46646,17-137776,1498169880000,2017,6,22,22,18,0,Thursday,542313.34183,4810285.86289,-80.477092,43.444286999999996,At intersection,1,Non-fatal injury,Within intersection,unknown,unknown,Turning movement,Unknown,Dark,07 - Dark,Regional municipality,Traffic signal,Functioning,0,0,0,False,True,False,Clear,,False,KING ST E; STIRLING AVE N,3/7/2019 1:06:28 PM,,
46647,17-137959,1498203300000,2017,6,23,7,35,0,Friday,545855.75536,4807129.40009,-80.433582,43.415658,Intersection related,2,P.D. only,Thru lane,unknown,unknown,Other,Unknown,Daylight,01 - Daylight,Municipal (excl. Twp. Rd.),Stop sign,Functioning,0,0,0,False,False,False,Rain,,False,WABANAKI DR; GOODRICH DR,3/7/2019 1:06:27 PM,,
46648,17-138199,1498215600000,2017,6,23,11,0,0,Friday,540270.1577,4810714.09249,-80.502309,43.448254999999996,At/near private drive,2,P.D. only,Thru lane,unknown,unknown,Rear end,Unknown,Daylight,01 - Daylight,Regional municipality,No control,unknown,0,0,0,False,False,False,Clear,,False,PARK ST; BRAMM ST,3/7/2019 1:06:26 PM,,
46649,17-138653,1498262100000,2017,6,23,23,55,0,Friday,545780.4907,4809828.62186,-80.434285,43.439966,Non intersection,1,Non-fatal injury,Off highway,unknown,unknown,SMV other,Unknown,"Dark, artificial","08 - Dark, artificial",Regional municipality,No control,unknown,0,0,0,False,False,False,Clear,,False,RIVER RD E; OLD CHICOPEE DR ; 100 M,3/7/2019 1:06:25 PM,,
46650,17-140625,1498473000000,2017,6,26,10,30,0,Monday,541851.9946,4810041.80254,-80.482812,43.442115,Non intersection,2,P.D. only,Thru lane,unknown,unknown,Sideswipe,Unknown,Daylight,01 - Daylight,Municipal (excl. Twp. Rd.),No control,unknown,0,0,0,False,False,False,Clear,,False,STIRLING AVE S; STIRLING AVE S; Near,3/7/2019 1:06:24 PM,,
46651,17-140720,1498481100000,2017,6,26,12,45,0,Monday,539043.26184,4811197.53535,-80.517437,43.452673,Intersection related,2,P.D. only,Thru lane,unknown,unknown,Turning movement,Unknown,Daylight,01 - Daylight,Municipal (excl. Twp. Rd.),Stop sign,Functioning,0,0,0,False,False,False,Clear,,False,BELMONT AVE W; ROCK AVE; At,3/7/2019 1:06:22 PM,,
46652,17-140802,1498489200000,2017,6,26,15,0,0,Monday,544718.90234,4810542.49901,-80.447344,43.446458,At/near private drive,2,P.D. only,Off highway,unknown,unknown,SMV other,Unknown,Daylight,01 - Daylight,Municipal (excl. Twp. Rd.),No control,unknown,0,0,0,False,False,False,Clear,,False,ASKIN PL; ASKIN PL ; At; 2 M,3/7/2019 1:06:21 PM,,
46653,17-140991,1498486500000,2017,6,26,14,15,0,Monday,543598.14905,4808403.15319,-80.461365,43.427261,Intersection related,2,P.D. only,Thru lane,unknown,unknown,Turning movement,Unknown,Daylight,01 - Daylight,Municipal (excl. Twp. Rd.),Stop sign,Functioning,0,0,0,False,False,False,Clear,,False,MASSEY AVE; BONIFACE AVE; At,3/7/2019 1:06:20 PM,,
46654,17-141366,1498557840000,2017,6,27,10,4,0,Tuesday,543086.67941,4807454.79435,-80.467759,43.418752,At intersection,2,P.D. only,Within intersection,unknown,unknown,Rear end,Unknown,Daylight,01 - Daylight,Municipal (excl. Twp. Rd.),Yield sign,Functioning,0,0,0,False,False,False,Rain,,False,FALLOWFIELD DR; BLOCK LINE RD,3/7/2019 1:06:19 PM,,
46655,17-141540,1498572420000,2017,6,27,14,7,0,Tuesday,546774.70395,4804112.16399,-80.422489,43.388434,At intersection,1,Non-fatal injury,Within intersection,unknown,unknown,Angle,Unknown,Daylight,01 - Daylight,Municipal (excl. Twp. Rd.),Stop sign,Functioning,0,0,0,False,True,False,Clear,,False,DOON VILLAGE RD; DOON SOUTH DR,3/7/2019 1:06:18 PM,,
46656,17-141586,1498497000000,2017,6,26,17,10,0,Monday,539832.02209,4811141.70965,-80.507693,43.452129,Intersection related,2,P.D. only,Thru lane,unknown,unknown,Rear end,Unknown,Daylight,01 - Daylight,Municipal (excl. Twp. Rd.),Traffic signal,Functioning,0,0,0,False,False,False,Clear,,False,PARK ST; DOMINION ST ; Near; 85 M,3/7/2019 1:06:17 PM,,
46657,17-141709,1498587000000,2017,6,27,18,10,0,Tuesday,545545.28402,4805410.10229,-80.43755999999999,43.400196,Non intersection,2,P.D. only,Thru lane,unknown,unknown,SMV other,Unknown,Daylight,01 - Daylight,Municipal (excl. Twp. Rd.),No control,unknown,0,0,0,False,False,False,Clear,,False,HURON RD; HURON RD ; 10 M,3/7/2019 1:06:16 PM,,
46658,17-142029,1498634640000,2017,6,28,7,24,0,Wednesday,541139.96787,4806763.50162,-80.491857,43.412637,At intersection,2,P.D. only,Within intersection,unknown,unknown,SMV other,Unknown,Daylight,01 - Daylight,Regional municipality,Stop sign,Functioning,0,0,0,False,False,False,Clear,,False,BLOCK LINE RD; LAURENTIAN DR; 3 M,3/7/2019 1:06:15 PM,,
46659,17-142207,1498642200000,2017,6,28,9,30,0,Wednesday,541372.29511,4812798.22273,-80.48853,43.466961,At/near private drive,2,Non-reportable,Thru lane,unknown,unknown,Other,Unknown,Daylight,01 - Daylight,Municipal (excl. Twp. Rd.),No control,unknown,0,0,0,False,False,False,Clear,,False,EDWIN ST; EDWIN ST,3/7/2019 1:06:14 PM,,
46660,17-142532,1498672500000,2017,6,28,17,55,0,Wednesday,539111.85757,4811656.15344,-80.516556,43.456799,At intersection,2,P.D. only,Within intersection,unknown,unknown,Sideswipe,Unknown,Daylight,01 - Daylight,Municipal (excl. Twp. Rd.),Traffic signal,Functioning,0,0,0,False,False,False,Clear,,False,PARK ST; UNION BLVD,3/7/2019 1:06:12 PM,,
46661,17-143275,1498741200000,2017,6,29,13,0,0,Thursday,540921.38573,4810570.26492,-80.494272,43.446925,Intersection related,2,P.D. only,Thru lane,unknown,unknown,Rear end,Unknown,Daylight,01 - Daylight,Municipal (excl. Twp. Rd.),Stop sign,Functioning,0,0,0,False,False,False,Rain,,False,JUBILEE DR; DAVID ST; Near,3/7/2019 1:06:11 PM,,
46662,17-144022,1498829640000,2017,6,30,13,34,0,Friday,544311.68256,4808987.81058,-80.452503,43.432483999999995,Non intersection,2,P.D. only,Thru lane,unknown,unknown,Other,Unknown,Daylight,01 - Daylight,Municipal (excl. Twp. Rd.),No control,unknown,0,0,0,False,False,False,Clear,,False,FIFTH AVE; CONNAUGHT ST ; Near; 200 M,3/7/2019 1:06:10 PM,,
46663,17-144116,1498835640000,2017,6,30,15,14,0,Friday,544448.47295,4811317.7288,-80.450623,43.453454,Non intersection,2,P.D. only,Thru lane,unknown,unknown,Rear end,Unknown,Daylight,01 - Daylight,Municipal (excl. Twp. Rd.),No control,unknown,0,0,0,False,False,False,Clear,,False,HICKSON DR; HALLIWELL DR ; Near; 50 M,3/7/2019 1:06:09 PM,,
46664,17-144308,1498845600000,2017,6,30,18,0,0,Friday,540115.55876,4810838.69444,-80.504211,43.449386,At/near private drive,2,P.D. only,Not on roadway - right side,unknown,unknown,SMV other,Unknown,Daylight,01 - Daylight,Municipal (excl. Twp. Rd.),Stop sign,Functioning,0,0,0,False,False,False,Clear,,False,PARK ST; PARK ST ; At; 1 M,3/7/2019 1:06:08 PM,,
46665,17-144646,1498880820000,2017,7,1,3,47,0,Saturday,541710.00251,4810677.26134,-80.484518,43.447845,At/near private drive,2,P.D. only,Right shoulder,unknown,unknown,SMV other,Unknown,"Dawn, artificial","04 - Dawn, artificial",Municipal (excl. Twp. Rd.),No control,unknown,0,0,0,False,False,False,Clear,,False,EBY ST N; KING ST E; 1 M,3/7/2019 1:06:07 PM,,
46666,17-145287,1498950120000,2017,7,1,23,2,0,Saturday,541583.83854,4812033.98371,-80.485974,43.460068,Non intersection,2,P.D. only,Thru lane,unknown,unknown,SMV unattended vehicle,Unknown,Dark,07 - Dark,Municipal (excl. Twp. Rd.),No control,unknown,0,0,0,False,False,False,Clear,,False,WELLINGTON ST N; WELLINGTON ST N; Near; 1 M,3/7/2019 1:06:06 PM,,
46667,17-145494,1498977120000,2017,7,2,6,32,0,Sunday,544436.17892,4808718.483,-80.450986,43.430051,Intersection related,2,P.D. only,Not on roadway - right side,unknown,unknown,SMV other,Unknown,Daylight,01 - Daylight,Municipal (excl. Twp. Rd.),Stop sign,Functioning,0,0,0,False,False,False,Clear,,False,CONNAUGHT ST; FRANKLIN ST S; Near; 1 M,3/7/2019 1:06:05 PM,,
46668,17-145596,1498932000000,2017,7,1,18,0,0,Saturday,543636.54075,4808688.18829,-80.46086799999999,43.429826,Other,2,P.D. only,Off highway,unknown,unknown,SMV unattended vehicle,Unknown,Daylight,01 - Daylight,Private property,No control,unknown,0,0,0,False,False,False,Clear,,False,PRIVATE DRIVE; BONIFACE AVE E; Near,3/7/2019 1:06:04 PM,,
46669,17-145687,1499003460000,2017,7,2,13,51,0,Sunday,541068.0,4811108.0,0.0,0.0,Other,1,Non-fatal injury,Off highway,unknown,unknown,SMV other,Unknown,Daylight,01 - Daylight,Municipal (excl. Twp. Rd.),No control,unknown,0,0,0,False,False,False,Clear,,False,GOODRICH DR; WABANAKI DR; At,3/7/2019 1:06:03 PM,,
46670,17-146357,1499079600000,2017,7,3,11,0,0,Monday,544501.65613,4811064.82068,-80.449986,43.451173999999995,At/near private drive,2,P.D. only,Thru lane,unknown,unknown,Other,Unknown,Daylight,01 - Daylight,Municipal (excl. Twp. Rd.),No control,unknown,0,0,0,False,False,False,Clear,,False,CHARLOTTE CRES; CHARLOTTE CRES,3/7/2019 1:06:02 PM,,
46671,17-147044,1499162700000,2017,7,4,10,5,0,Tuesday,538755.71573,4807833.24052,-80.52123,43.422396,Non intersection,2,P.D. only,Right shoulder,unknown,unknown,SMV other,Unknown,Daylight,01 - Daylight,Municipal (excl. Twp. Rd.),No control,unknown,0,0,0,False,False,False,Clear,,False,ELM RIDGE DR ; MCGARRY DR ; At; 75 M,3/7/2019 1:06:01 PM,,
46672,17-147159,1499168700000,2017,7,4,11,45,0,Tuesday,543074.27314,4812796.58953,-80.46749,43.46685,Intersection related,2,P.D. only,Thru lane,unknown,unknown,Rear end,Unknown,Daylight,01 - Daylight,Regional municipality,Traffic signal,Functioning,0,0,0,False,False,False,Clear,,False,BINGEMANS CENTRE DR ; RIVERBEND DR,3/7/2019 1:05:59 PM,,
46673,17-147278,1499068800000,2017,7,3,8,0,0,Monday,546397.60083,4802847.46327,-80.427252,43.377069999999996,Non intersection,2,P.D. only,Thru lane,unknown,unknown,SMV unattended vehicle,Unknown,Daylight,01 - Daylight,Municipal (excl. Twp. Rd.),No control,unknown,0,0,0,False,False,False,Clear,,False,ROBERT FERRIE DR; ROBERT FERRIE DR; Near,3/7/2019 1:05:58 PM,,
46674,17-147333,1498861800000,2017,6,30,22,30,0,Friday,538123.35715,4809070.16149,-80.528955,43.433566,Intersection related,2,P.D. only,Thru lane,unknown,unknown,SMV unattended vehicle,Unknown,Dark,07 - Dark,Municipal (excl. Twp. Rd.),Stop sign,Functioning,0,0,0,False,False,False,Clear,,False,BENESFORT CRES; BENESFORT DR,3/7/2019 1:05:57 PM,,
46675,17-147491,1499196000000,2017,7,4,19,20,0,Tuesday,547729.17714,4804246.87289,-80.410693,43.389587,Non intersection,1,Non-fatal injury,Thru lane,unknown,unknown,SMV other,Unknown,Daylight,01 - Daylight,Municipal (excl. Twp. Rd.),No control,unknown,0,0,0,False,False,True,Clear,,False,CONESTOGA COLLEGE BLVD ; DOON VALLEY DR ; Near; 149 M,3/7/2019 1:05:55 PM,,
46676,17-147504,1499189700000,2017,7,4,17,35,0,Tuesday,536970.77228,4807160.37749,-80.543325,43.416427999999996,Non intersection,2,P.D. only,Thru lane,unknown,unknown,Sideswipe,Unknown,Daylight,01 - Daylight,Municipal (excl. Twp. Rd.),No control,unknown,0,0,0,False,False,False,Clear,,False,HIGHVIEW DR; HIGHVIEW DR; Near,3/7/2019 1:05:54 PM,,
46677,17-147856,1499179500000,2017,7,4,14,45,0,Tuesday,537053.27053,4807471.48034,-80.54228499999999,43.419225,At/near private drive,2,P.D. only,Right shoulder,unknown,unknown,SMV unattended vehicle,Unknown,Daylight,01 - Daylight,Municipal (excl. Twp. Rd.),No control,unknown,0,0,0,False,False,False,Clear,,False,BROKEN OAK CRES; BROKEN OAK CRES; Near,3/7/2019 1:05:52 PM,,
46678,17-147895,1499171400000,2017,7,4,12,30,0,Tuesday,541967.90265,4810650.79644,-80.48133299999999,43.447592,At/near private drive,2,P.D. only,Not on roadway - right side,unknown,unknown,SMV unattended vehicle,Unknown,Daylight,01 - Daylight,Municipal (excl. Twp. Rd.),No control,unknown,0,0,0,False,False,False,Clear,,False,MADISON AVE N; MADISON AVE N,3/7/2019 1:05:51 PM,,
46679,17-147955,1499256420000,2017,7,5,12,7,0,Wednesday,540269.86737,4811637.35886,-80.502245,43.456568999999995,At intersection,1,Non-fatal injury,Within intersection,unknown,unknown,Turning movement,Unknown,Daylight,01 - Daylight,Municipal (excl. Twp. Rd.),Stop sign,Functioning,0,0,0,False,False,False,Clear,,False,MOORE AVE; SHANLEY ST,3/7/2019 1:05:50 PM,,
46680,17-148089,1499195700000,2017,7,4,19,15,0,Tuesday,539524.33903,4806797.77424,-80.51181,43.413032,Non intersection,2,P.D. only,Thru lane,unknown,unknown,SMV unattended vehicle,Unknown,Daylight,01 - Daylight,Municipal (excl. Twp. Rd.),No control,unknown,0,0,0,False,False,False,Clear,,False,GREY FOX DR; GREY FOX DR ; Near,3/7/2019 1:05:49 PM,,
46681,17-148145,1499254200000,2017,7,5,11,30,0,Wednesday,540128.12745,4810827.27099,-80.50405599999999,43.449282,Non intersection,2,P.D. only,Thru lane,unknown,unknown,Rear end,Unknown,Daylight,01 - Daylight,Municipal (excl. Twp. Rd.),No control,unknown,0,0,0,False,False,False,Clear,,False,PARK ST; PARK ST ; Near,3/7/2019 1:05:48 PM,,
46682,17-148939,1499345160000,2017,7,6,12,46,0,Thursday,546536.88626,4805000.30978,-80.42535,43.396445,Non intersection,1,Non-fatal injury,Thru lane,unknown,unknown,SMV other,Unknown,Daylight,01 - Daylight,Municipal (excl. Twp. Rd.),No control,unknown,0,0,0,False,False,True,Clear,,False,MILL PARK DR ; GREEN VALLEY DR ; Near; 42 M,3/7/2019 1:05:47 PM,,
46683,17-149049,1499344200000,2017,7,6,12,30,0,Thursday,544610.39708,4809093.17086,-80.448803,43.433415,Intersection related,2,P.D. only,Left turn lane,unknown,unknown,Rear end,Unknown,Daylight,01 - Daylight,Regional municipality,Traffic signal,Functioning,0,0,0,False,False,False,Clear,,False,KINGSWAY DR; FRANKLIN ST S,3/7/2019 1:05:46 PM,,
46684,17-149164,1499358000000,2017,7,6,16,20,0,Thursday,545084.25087,4811726.53762,-80.442731,43.457097,At intersection,2,P.D. only,Within intersection,unknown,unknown,Turning movement,Unknown,Daylight,01 - Daylight,Municipal (excl. Twp. Rd.),Stop sign,Functioning,0,0,0,False,False,False,Clear,,False,HUDSON CRES; MONTCALM DR,3/7/2019 1:05:45 PM,,
46685,17-149614,1499412000000,2017,7,7,7,20,0,Friday,549518.65342,4806193.80625,-80.388424,43.407001,At/near private drive,2,P.D. only,Thru lane,unknown,unknown,Turning movement,Unknown,Daylight,01 - Daylight,Municipal (excl. Twp. Rd.),No control,unknown,0,0,0,False,False,False,Clear,,False,GATEWAY PARK DR; GATEWAY PARK DR ; Near,3/7/2019 1:05:44 PM,,
46686,17-150047,1499396400000,2017,7,7,3,0,0,Friday,539880.18469,4805709.42054,-80.507494,43.403214,At/near private drive,2,P.D. only,Right shoulder,unknown,unknown,SMV unattended vehicle,Unknown,Dark,07 - Dark,Municipal (excl. Twp. Rd.),No control,unknown,0,0,0,False,False,False,Clear,,False,COPPER LEAF CRES; COPPER LEAF CRES ; At; 8 M,3/7/2019 1:05:43 PM,,
46687,17-150057,1499422500000,2017,7,7,10,15,0,Friday,546252.53155,4808800.61286,-80.428539,43.430681,At/near private drive,2,P.D. only,Thru lane,unknown,unknown,SMV unattended vehicle,Unknown,Daylight,01 - Daylight,Municipal (excl. Twp. Rd.),No control,unknown,0,0,0,False,False,False,Clear,,False,WINDOM RD; WINDOM RD ; Near,3/7/2019 1:05:42 PM,,
46688,17-150788,1499520960000,2017,7,8,13,36,0,Saturday,541151.60672,4810169.21463,-80.491457,43.443301,At/near private drive,2,P.D. only,Thru lane,unknown,unknown,SMV unattended vehicle,Unknown,Daylight,01 - Daylight,Municipal (excl. Twp. Rd.),No control,unknown,0,0,0,False,False,False,Clear,,False,WHITNEY PL; 31 WHITNEY PL; Near; 100 M,3/7/2019 1:05:41 PM,,
46689,17-150848,1499521800000,2017,7,8,13,50,0,Saturday,541181.39415,4810692.239,-80.49104899999999,43.448009,Intersection related,2,P.D. only,Thru lane,unknown,unknown,Turning movement,Unknown,Daylight,01 - Daylight,Regional municipality,Traffic signal,Functioning,0,0,0,False,False,False,Clear,,False,QUEEN ST S; JOSEPH ST,3/7/2019 1:05:40 PM,,
46690,17-150913,1499526000000,2017,7,8,15,0,0,Saturday,541266.57263,4812423.3286,-80.48986599999999,43.463591,At/near private drive,2,P.D. only,Right shoulder,unknown,unknown,SMV unattended vehicle,Unknown,Daylight,01 - Daylight,Municipal (excl. Twp. Rd.),No control,unknown,0,0,0,False,False,False,Clear,,False,BLUCHER ST; BLUCHER ST; Near,3/7/2019 1:05:39 PM,,