OBJECTID,ACCIDENTNUM,ACCIDENTDATE,ACCIDENT_YEAR,ACCIDENT_MONTH,ACCIDENT_DAY,ACCIDENT_HOUR,ACCIDENT_MINUTE,ACCIDENT_SECOND,ACCIDENT_WEEKDAY,XCOORD,YCOORD,LONGITUDE,LATITUDE,ACCIDENTLOCATION,COLLISIONTYPE,CLASSIFICATIONOFACCIDENT,IMPACTLOCATION,INITIALDIRECTIONOFTRAVELONE,INITIALDIRECTIONOFTRAVELTWO,INITIALIMPACTTYPE,INTTRAFFICCONTROL,LIGHT,LIGHTFORREPORT,ROADJURISDICTION,TRAFFICCONTROL,TRAFFICCONTROLCONDITION,THRULANENO,NORTHBOUNDDISOBEYCOUNT,SOUTHBOUNDDISOBEYCOUNT,PEDESTRIANINVOLVED,CYCLISTINVOLVED,MOTORCYCLISTINVOLVED,ENVIRONMENTCONDITION1,ENVIRONMENTCONDITION2,SELFREPORTED,XMLIMPORTNOTES,LASTEDITEDDATE,CREATE_BY,CREATE_DATE
46691,17-150927,1499532600000,2017,7,8,16,50,0,Saturday,541113.48917,4810747.50745,-80.491884,43.44851,At intersection,1,Non-fatal injury,Within intersection,unknown,unknown,SMV other,Unknown,Daylight,01 - Daylight,Regional municipality,Stop sign,Functioning,0,0,0,True,False,False,Clear,,False,JOSEPH ST; ONTARIO ST S,3/7/2019 1:05:38 PM,,
46692,17-151637,1499535000000,2017,7,8,17,30,0,Saturday,540796.83231,4806153.56507,-80.496141,43.407163999999995,Non intersection,2,P.D. only,Right shoulder,unknown,unknown,SMV unattended vehicle,Unknown,Daylight,01 - Daylight,Municipal (excl. Twp. Rd.),No control,unknown,0,0,0,False,False,False,Clear,,False,ERINBROOK DR; ERINBROOK DR ; Near,3/7/2019 1:05:37 PM,,
46693,17-152369,1499689380000,2017,7,10,12,23,0,Monday,541448.8218,4812106.01077,-80.48763699999999,43.460724,At intersection,1,Non-fatal injury,Within intersection,unknown,unknown,Angle,Unknown,Daylight,01 - Daylight,Municipal (excl. Twp. Rd.),Stop sign,Functioning,0,0,0,False,False,False,Clear,,False,ST LEGER ST; LOUISA ST,3/7/2019 1:05:36 PM,,
46694,17-152566,1499703420000,2017,7,10,16,17,0,Monday,541175.04918,4808250.98327,-80.491312,43.426027999999995,Non intersection,2,P.D. only,Thru lane,unknown,unknown,Rear end,Unknown,Daylight,01 - Daylight,Municipal (excl. Twp. Rd.),No control,unknown,0,0,0,False,False,False,Rain,,False,STRASBURG RD ; CHANDLER DR ; 10 M,3/7/2019 1:05:35 PM,,
46695,17-153545,1499785500000,2017,7,11,15,5,0,Tuesday,539316.80061,4810614.45239,-80.51409799999999,43.447409,Intersection related,2,P.D. only,Thru lane,unknown,unknown,Rear end,Unknown,Daylight,01 - Daylight,Regional municipality,Traffic signal,Functioning,0,0,0,False,False,False,Clear,,False,GAGE AVE; BELMONT AVE W,3/7/2019 1:05:34 PM,,
46696,17-153965,1499846400000,2017,7,12,8,0,0,Wednesday,546873.35614,4811282.71329,-80.420656,43.452991,At/near private drive,2,P.D. only,Thru lane,unknown,unknown,Other,Unknown,Daylight,01 - Daylight,Municipal (excl. Twp. Rd.),No control,unknown,0,0,0,False,False,False,Clear,,False,JANET CRT; JANET CRT; At,3/7/2019 1:05:33 PM,,
46697,17-154239,1498756500000,2017,6,29,17,15,0,Thursday,543070.37098,4805497.54604,-80.468114,43.401129999999995,Intersection related,2,P.D. only,Right turn lane,unknown,unknown,Rear end,Unknown,Daylight,01 - Daylight,Municipal (excl. Twp. Rd.),Stop sign,Functioning,0,0,0,False,False,False,Clear,,False,TRILLIUM DR; STRASBURG RD,3/7/2019 1:05:32 PM,,
46698,17-154375,1499882400000,2017,7,12,18,0,0,Wednesday,541182.36744,4810690.32853,-80.491038,43.447992,Intersection related,1,Non-fatal injury,Thru lane,unknown,unknown,Rear end,Unknown,Daylight,01 - Daylight,Municipal (excl. Twp. Rd.),Traffic signal,Functioning,0,0,0,False,False,False,Clear,,False,QUEEN ST S; JOSEPH ST; At,3/7/2019 1:05:31 PM,,
46699,17-154574,1499901240000,2017,7,12,23,14,0,Wednesday,542010.14552,4810483.28428,-80.480823,43.446082,At intersection,2,P.D. only,Within intersection,unknown,unknown,Angle,Unknown,Dark,07 - Dark,Regional municipality,Stop sign,Functioning,0,1,0,False,False,False,Clear,,False,KING ST E; CAMERON ST N,3/7/2019 1:05:30 PM,,
46700,17-154861,1499875800000,2017,7,12,16,10,0,Wednesday,542089.28118,4811447.39843,-80.479771,43.454758,Intersection related,2,P.D. only,Thru lane,unknown,unknown,Rear end,Unknown,Daylight,01 - Daylight,Regional municipality,Stop sign,Functioning,0,0,0,False,False,False,Clear,,False,FREDERICK ST; SAMUEL ST; At,3/7/2019 1:05:28 PM,,
46701,17-154906,1499933700000,2017,7,13,8,15,0,Thursday,540936.8469,4810557.90182,-80.49408199999999,43.446813,Non intersection,2,P.D. only,Thru lane,unknown,unknown,Angle,Unknown,Daylight,01 - Daylight,Regional municipality,No control,unknown,0,0,0,False,False,False,Clear,,False,COURTLAND AVE W; DAVID ST; Near,3/7/2019 1:05:27 PM,,
46702,17-155170,1499964300000,2017,7,13,16,45,0,Thursday,539832.02209,4811141.70965,-80.507693,43.452129,Intersection related,2,P.D. only,Thru lane,unknown,unknown,Rear end,Unknown,Daylight,01 - Daylight,Municipal (excl. Twp. Rd.),Traffic signal,Functioning,0,0,0,False,False,False,Rain,,False,PARK ST; DOMINION ST; Near,3/7/2019 1:05:26 PM,,
46703,17-155956,1499888400000,2017,7,12,19,40,0,Wednesday,542048.40017,4812925.41069,-80.48016199999999,43.468067999999995,At/near private drive,2,P.D. only,Thru lane,unknown,unknown,SMV unattended vehicle,Unknown,Daylight,01 - Daylight,Municipal (excl. Twp. Rd.),No control,unknown,0,0,0,False,False,False,Clear,,False,MAPLE AVE; MAPLE AVE ; Near,3/7/2019 1:05:25 PM,,
46704,17-155962,1499720400000,2017,7,10,21,0,0,Monday,541068.0,4811108.0,0.0,0.0,Non intersection,2,P.D. only,Thru lane,unknown,unknown,SMV unattended vehicle,Unknown,"Dark, artificial","08 - Dark, artificial",Municipal (excl. Twp. Rd.),No control,unknown,0,0,0,False,False,False,Clear,,False,ARBOURVIEW CRES; ARBOURVIEW CRES; At,3/7/2019 1:05:24 PM,,
46705,17-156004,1500051240000,2017,7,14,16,54,0,Friday,542108.4248,4807128.2044,-80.479868,43.415867,Intersection related,2,P.D. only,Thru lane,unknown,unknown,Rear end,Unknown,Daylight,01 - Daylight,Regional municipality,Traffic signal,Functioning,0,0,0,False,False,False,Clear,,False,STRASBURG RD ; BLOCK LINE RD ; At; 20 M,3/7/2019 1:05:22 PM,,
46706,17-156642,1500071400000,2017,7,14,22,30,0,Friday,546043.85093,4809621.79277,-80.43104799999999,43.438088,At/near private drive,2,P.D. only,Thru lane,unknown,unknown,SMV unattended vehicle,Unknown,"Dark, artificial","08 - Dark, artificial",Municipal (excl. Twp. Rd.),No control,unknown,0,0,0,False,False,False,Clear,,False,VERONICA DR; VERONICA DR,3/7/2019 1:05:21 PM,,
46707,17-156734,1500120780000,2017,7,15,12,13,0,Saturday,541068.0,4811108.0,0.0,0.0,At/near private drive,2,P.D. only,Not on roadway - right side,unknown,unknown,SMV unattended vehicle,Unknown,Daylight,01 - Daylight,Private property,No control,unknown,0,0,0,False,False,False,Clear,,False,DRIVEWAY; OLIVIA ST ; At; 8 M,3/7/2019 1:05:20 PM,,
46708,17-156902,1500117300000,2017,7,15,11,15,0,Saturday,536585.85391,4806744.8888,-80.548108,43.412704999999995,Non intersection,2,P.D. only,Thru lane,unknown,unknown,SMV unattended vehicle,Unknown,Daylight,01 - Daylight,Municipal (excl. Twp. Rd.),No control,unknown,0,0,0,False,False,False,Clear,,False,HODDLE CRES; HODDLE CRES; At; 4 M,3/7/2019 1:05:18 PM,,
46709,17-156917,1500132600000,2017,7,15,15,30,0,Saturday,544845.90189,4810495.77066,-80.44577799999999,43.44603,At/near private drive,2,P.D. only,Right shoulder,unknown,unknown,SMV unattended vehicle,Unknown,Daylight,01 - Daylight,Municipal (excl. Twp. Rd.),No control,unknown,0,0,0,False,False,False,Clear,,False,MIDLAND DR; MIDLAND DR ; At,3/7/2019 1:05:17 PM,,
46710,17-157597,1500129000000,2017,7,15,14,30,0,Saturday,541266.16647,4810180.57431,-80.49004,43.443397,At/near private drive,2,P.D. only,Thru lane,unknown,unknown,Other,Unknown,Daylight,01 - Daylight,Municipal (excl. Twp. Rd.),Stop sign,Functioning,0,0,0,False,False,False,Clear,,False,PETER ST; PETER ST ; At,3/7/2019 1:05:16 PM,,
46711,17-157672,1500052800000,2017,7,14,17,20,0,Friday,540618.92158,4810957.2268,-80.497981,43.450426,At intersection,2,P.D. only,Within intersection,unknown,unknown,Turning movement,Unknown,Daylight,01 - Daylight,Municipal (excl. Twp. Rd.),Stop sign,Functioning,0,0,0,False,False,False,Clear,,False,JOSEPH ST; LINDEN AVE,3/7/2019 1:05:15 PM,,
46712,17-157692,1500210900000,2017,7,16,13,15,0,Sunday,540588.21375,4810381.08051,-80.498403,43.44524,Non intersection,2,P.D. only,Thru lane,unknown,unknown,Other,Unknown,Daylight,01 - Daylight,Municipal (excl. Twp. Rd.),No control,unknown,0,0,0,False,False,False,Clear,,False,SCHNEIDER AVE; DAVID ST; Near,3/7/2019 1:05:14 PM,,
46713,17-158209,1500282300000,2017,7,17,9,5,0,Monday,542982.85472,4812756.18075,-80.46862399999999,43.466491999999995,Non intersection,2,P.D. only,Thru lane,unknown,unknown,Rear end,Unknown,Daylight,01 - Daylight,Municipal (excl. Twp. Rd.),No control,unknown,0,0,0,False,False,False,Clear,,False,SHIRLEY AVE; WELLINGTON RD; 100 M,3/7/2019 1:05:13 PM,,
46714,17-158692,1500322200000,2017,7,17,20,10,0,Monday,539216.87563,4805534.85757,-80.515698,43.401677,At/near private drive,1,Non-fatal injury,Thru lane,unknown,unknown,SMV other,Unknown,Dusk,05 - Dusk,Regional municipality,No control,unknown,0,0,0,False,False,False,Clear,,False,HENHOEFFER CRES; HENHOEFFER CRES ; Near; 0 M,3/7/2019 1:05:12 PM,,
46715,17-158711,1500326100000,2017,7,17,21,15,0,Monday,544884.10982,4804848.32313,-80.44577,43.395178,At intersection,1,Non-fatal injury,Within intersection,unknown,unknown,Turning movement,Unknown,"Dark, artificial","08 - Dark, artificial",Municipal (excl. Twp. Rd.),Traffic signal,Functioning,0,0,0,False,False,False,Clear,,False,PIONEER DR; DOON VILLAGE RD,3/7/2019 1:05:11 PM,,
46716,17-159165,1500377400000,2017,7,18,11,30,0,Tuesday,545107.64505,4807726.63452,-80.442773,43.421081,Non intersection,2,P.D. only,Thru lane,unknown,unknown,Sideswipe,Unknown,Daylight,01 - Daylight,Municipal (excl. Twp. Rd.),No control,unknown,0,0,0,False,False,False,Clear,,False,WILSON AVE; FAIRWAY RD S; Near,3/7/2019 1:05:09 PM,,
46717,17-159314,1500390000000,2017,7,18,15,0,0,Tuesday,540928.72824,4806983.77662,-80.49445,43.414632,Non intersection,2,P.D. only,Thru lane,unknown,unknown,SMV unattended vehicle,Unknown,Daylight,01 - Daylight,Municipal (excl. Twp. Rd.),No control,unknown,0,0,0,False,False,False,Clear,,False,BRIARGATE DR; BRIARGATE DR; At,3/7/2019 1:05:07 PM,,
46718,17-159429,1499320800000,2017,7,6,6,0,0,Thursday,541852.74761,4803513.07179,-80.483302,43.38333,At intersection,2,P.D. only,Within intersection,unknown,unknown,Angle,Unknown,Daylight,01 - Daylight,Regional municipality,Yield sign,Functioning,0,0,0,False,False,False,Clear,,False,HURON RD; WOODBINE AVE,3/7/2019 1:05:06 PM,,
46719,17-160025,1500469320000,2017,7,19,13,2,0,Wednesday,547122.51575,4808324.18407,-80.41783199999999,43.426337,At/near private drive,2,P.D. only,Thru lane,unknown,unknown,SMV unattended vehicle,Unknown,Daylight,01 - Daylight,Regional municipality,No control,unknown,0,0,0,False,False,False,Clear,,False,PRIVATE DRIVE; MANOR DR; At; 5 M,3/7/2019 1:05:04 PM,,
46720,17-160744,1500543000000,2017,7,20,9,30,0,Thursday,539577.91203,4811443.70452,-80.51081099999999,43.454862,At/near private drive,2,Non-reportable,Thru lane,unknown,unknown,Turning movement,Unknown,Daylight,01 - Daylight,Municipal (excl. Twp. Rd.),No control,unknown,0,0,0,False,False,False,Clear,,False,GREEN ST; GREEN ST,3/7/2019 1:05:03 PM,,
46721,17-160814,1500528600000,2017,7,20,5,30,0,Thursday,538348.27401,4808176.7212,-80.52623899999999,43.425509999999996,Non intersection,2,P.D. only,Thru lane,unknown,unknown,SMV unattended vehicle,Unknown,"Dark, artificial","08 - Dark, artificial",Municipal (excl. Twp. Rd.),No control,unknown,0,0,0,False,False,False,Clear,,False,ELM RIDGE DR; ELM RIDGE DR,3/7/2019 1:05:02 PM,,
46722,17-160844,1500556800000,2017,7,20,13,20,0,Thursday,538374.60815,4807497.7883,-80.525961,43.419395,At/near private drive,2,P.D. only,Thru lane,unknown,unknown,Other,Unknown,Daylight,01 - Daylight,Municipal (excl. Twp. Rd.),No control,unknown,0,0,0,False,False,False,Clear,,False,MEADOWLANE DR; MEADOWLANE DR,3/7/2019 1:05:01 PM,,
46723,17-160910,1500561900000,2017,7,20,14,45,0,Thursday,541913.12802,4811654.44586,-80.481932,43.456632,At/near private drive,2,P.D. only,Thru lane,unknown,unknown,Turning movement,Unknown,Daylight,01 - Daylight,Regional municipality,No control,unknown,0,0,0,False,False,False,Clear,,False,LANCASTER ST E; LANCASTER ST E,3/7/2019 1:05:00 PM,,
46724,17-161133,1500475800000,2017,7,19,14,50,0,Wednesday,540923.54744,4809519.02209,-80.49432399999999,43.43746,At/near private drive,2,P.D. only,Thru lane,unknown,unknown,SMV unattended vehicle,Unknown,Daylight,01 - Daylight,Municipal (excl. Twp. Rd.),No control,unknown,0,0,0,False,False,False,Clear,,False,LORNE CRES; LORNE CRES; At,3/7/2019 1:04:59 PM,,
46725,17-161725,1500643080000,2017,7,21,13,18,0,Friday,539607.55815,4809634.13139,-80.510576,43.438567,Non intersection,2,P.D. only,Thru lane,unknown,unknown,Turning movement,Unknown,Daylight,01 - Daylight,Municipal (excl. Twp. Rd.),No control,unknown,0,0,0,False,False,False,Clear,,False,LAWRENCE AVE; HIGHLAND RD W; 50 M,3/7/2019 1:04:58 PM,,
46726,17-161940,1500661080000,2017,7,21,18,18,0,Friday,544152.51392,4808046.81745,-80.454545,43.42402,Non intersection,1,Non-fatal injury,Not on roadway - right side,unknown,unknown,SMV other,Unknown,Daylight,01 - Daylight,Municipal (excl. Twp. Rd.),No control,unknown,0,0,0,False,False,False,Clear,,False,WOODHAVEN RD; REYBURN AVE ; 75 M,3/7/2019 1:04:55 PM,,
46727,17-162747,1500748200000,2017,7,22,18,30,0,Saturday,542560.39123,4812549.81863,-80.473862,43.464658,At intersection,2,P.D. only,Within intersection,unknown,unknown,Rear end,Unknown,Daylight,01 - Daylight,Regional municipality,Traffic signal,Functioning,0,0,0,False,False,False,Clear,,False,85 S OFF TO WELLINGTON ST N; WELLINGTON ST N,3/7/2019 1:04:54 PM,,
46728,17-162819,1500756300000,2017,7,22,20,45,0,Saturday,541499.33189,4811995.50204,-80.487021,43.459725999999996,Intersection related,2,P.D. only,Thru lane,unknown,unknown,Rear end,Unknown,Dusk,05 - Dusk,Municipal (excl. Twp. Rd.),Stop sign,Functioning,0,1,0,False,False,False,Rain,,False,WELLINGTON ST N; ST LEGER ST ; 4 M,3/7/2019 1:04:53 PM,,
46729,17-163343,1500730200000,2017,7,22,13,30,0,Saturday,536762.31844,4810020.44242,-80.54570799999999,43.44219,Non intersection,2,P.D. only,Right shoulder,unknown,unknown,SMV unattended vehicle,Unknown,Daylight,01 - Daylight,Municipal (excl. Twp. Rd.),No control,unknown,0,0,0,False,False,False,Clear,,False,GLASGOW ST; UNIVERSITY AVE W; Near,3/7/2019 1:04:51 PM,,
46730,17-164339,1500919200000,2017,7,24,18,0,0,Monday,541141.319,4806763.25355,-80.491841,43.412634,At intersection,2,P.D. only,Within intersection,unknown,unknown,Angle,Unknown,Daylight,01 - Daylight,Municipal (excl. Twp. Rd.),Stop sign,Functioning,0,0,0,False,False,False,Clear,,False,BLOCK LINE RD ; LAURENTIAN DR,3/7/2019 1:04:50 PM,,
46731,17-164929,1500987600000,2017,7,25,13,0,0,Tuesday,544069.97229,4807677.22562,-80.455595,43.420697,At/near private drive,2,P.D. only,Thru lane,unknown,unknown,SMV unattended vehicle,Unknown,Daylight,01 - Daylight,Municipal (excl. Twp. Rd.),No control,unknown,0,0,0,False,False,False,Clear,,False,VANIER DR; VANIER DR; Near,3/7/2019 1:04:48 PM,,
46732,17-165193,1501010760000,2017,7,25,19,26,0,Tuesday,546465.53199,4803579.59723,-80.426351,43.383658,At/near private drive,2,P.D. only,Thru lane,unknown,unknown,Sideswipe,Unknown,Daylight,01 - Daylight,Municipal (excl. Twp. Rd.),No control,unknown,0,0,0,False,False,False,Clear,,False,DOON SOUTH DR; DOON SOUTH DR ; Near; 20 M,3/7/2019 1:04:45 PM,,
46733,17-165632,1500993000000,2017,7,25,14,30,0,Tuesday,541824.38282,4812013.21574,-80.483002,43.459868,Non intersection,2,P.D. only,Thru lane,unknown,unknown,SMV unattended vehicle,Unknown,Daylight,01 - Daylight,Regional municipality,No control,unknown,0,0,0,False,False,False,Clear,,False,BREITHAUPT ST; LANCASTER ST W,3/7/2019 1:04:44 PM,,
46734,17-165829,1501003800000,2017,7,25,17,30,0,Tuesday,540722.7044,4811107.48843,-80.496687,43.451772999999996,At intersection,2,P.D. only,Within intersection,unknown,unknown,Turning movement,Unknown,Daylight,01 - Daylight,Municipal (excl. Twp. Rd.),Stop sign,Functioning,0,0,0,False,False,False,Clear,,False,HALLS LANE W; FRANCIS ST S,3/7/2019 1:04:43 PM,,
46735,17-166074,1501098120000,2017,7,26,19,42,0,Wednesday,539298.55118,4810660.01963,-80.514321,43.44782,Non intersection,2,P.D. only,Thru lane,unknown,unknown,Rear end,Unknown,Dusk,05 - Dusk,Municipal (excl. Twp. Rd.),No control,unknown,0,0,0,False,False,False,Rain,,False,BELMONT AVE W; GLASGOW ST ; 500 M,3/7/2019 1:04:42 PM,,
46736,17-166851,1501180860000,2017,7,27,18,41,0,Thursday,540203.36742,4812018.85718,-80.50303799999999,43.460007,Non intersection,2,P.D. only,Right shoulder,unknown,unknown,SMV unattended vehicle,Unknown,Daylight,01 - Daylight,Municipal (excl. Twp. Rd.),No control,unknown,0,0,0,False,False,False,Clear,,False,WATERLOO ST; DUKE ST W; Near; 75 M,3/7/2019 1:04:40 PM,,
46737,17-167356,1501245000000,2017,7,28,12,30,0,Friday,541572.73359,4810036.75083,-80.486263,43.442085,At/near private drive,2,P.D. only,Thru lane,unknown,unknown,Other,Unknown,Daylight,01 - Daylight,Municipal (excl. Twp. Rd.),Traffic signal,Functioning,0,0,0,False,False,False,Clear,,False,MADISON AVE S; MADISON AVE S; At; 5 M,3/7/2019 1:04:39 PM,,
46738,17-167396,1501246800000,2017,7,28,13,0,0,Friday,542127.80468,4807106.49957,-80.47963,43.41567,At/near private drive,2,P.D. only,Thru lane,unknown,unknown,Rear end,Unknown,Daylight,01 - Daylight,Municipal (excl. Twp. Rd.),No control,unknown,0,0,0,False,False,False,Clear,,False,STRASBURG RD ; STRASBURG RD ; Near,3/7/2019 1:04:38 PM,,
46739,17-167643,1501268760000,2017,7,28,19,6,0,Friday,543855.48997,4805114.3075,-80.45845,43.397633,At intersection,1,Non-fatal injury,Within intersection,unknown,unknown,Turning movement,Unknown,Daylight,01 - Daylight,Municipal (excl. Twp. Rd.),Traffic signal,Functioning,0,0,0,False,False,False,Clear,,False,HURON RD; TRILLIUM DR,3/7/2019 1:04:37 PM,,
46740,17-167657,1501270020000,2017,7,28,19,27,0,Friday,544883.18844,4804847.42839,-80.445782,43.39517,At intersection,2,P.D. only,Within intersection,unknown,unknown,Angle,Unknown,Daylight,01 - Daylight,Municipal (excl. Twp. Rd.),Traffic signal,Functioning,0,0,1,False,False,False,Clear,,False,DOON VILLAGE RD; PIONEER DR,3/7/2019 1:04:36 PM,,
46741,17-169510,1501488060000,2017,7,31,8,1,0,Monday,539990.4939,4811358.642,-80.505718,43.454074,Intersection related,2,P.D. only,Thru lane,unknown,unknown,Rear end,Unknown,Daylight,01 - Daylight,Municipal (excl. Twp. Rd.),Stop sign,Functioning,0,0,0,False,False,False,Clear,,False,WALTER ST; AGNES ST; Near; 50 M,3/7/2019 1:04:34 PM,,
46742,17-169744,1501502940000,2017,7,31,12,9,0,Monday,543230.12206,4804481.13948,-80.466222,43.391968999999996,At intersection,2,P.D. only,Within intersection,unknown,unknown,SMV other,Unknown,Daylight,01 - Daylight,Regional municipality,Yield sign,Functioning,0,0,0,False,False,False,Clear,,False,HURON RD; STRASBURG RD,3/7/2019 1:04:33 PM,,
46743,17-169901,1501508100000,2017,7,31,13,35,0,Monday,542107.46114,4807130.8063,-80.479879,43.41589,Intersection related,2,P.D. only,Thru lane,unknown,unknown,Rear end,Unknown,Daylight,01 - Daylight,Regional municipality,Traffic signal,Functioning,0,0,0,False,False,False,Clear,,False,STRASBURG RD; BLOCK LINE RD,3/7/2019 1:04:32 PM,,
46744,17-169918,1501514880000,2017,7,31,15,28,0,Monday,542317.51644,4806862.15773,-80.477306,43.41346,At/near private drive,1,Non-fatal injury,Thru lane,unknown,unknown,Turning movement,Unknown,Daylight,01 - Daylight,Municipal (excl. Twp. Rd.),No control,unknown,0,0,0,False,False,False,Clear,,False,STRASBURG RD; OTTAWA ST S; At; 1 M,3/7/2019 1:04:31 PM,,
46745,17-169973,1501519500000,2017,7,31,16,45,0,Monday,544866.51375,4804329.38754,-80.44603,43.390505999999995,At/near private drive,2,P.D. only,Not on roadway - right side,unknown,unknown,SMV other,Unknown,Daylight,01 - Daylight,Municipal (excl. Twp. Rd.),No control,unknown,0,0,0,False,False,False,Clear,,False,WHEATFIELD CRES; WHEATFIELD CRES ; At; 1 M,3/7/2019 1:04:30 PM,,
46746,17-170078,1501515900000,2017,7,31,15,45,0,Monday,542404.53137,4805692.68042,-80.476322,43.402924999999996,Non intersection,2,P.D. only,Thru lane,unknown,unknown,Sideswipe,Unknown,Daylight,01 - Daylight,Municipal (excl. Twp. Rd.),No control,unknown,0,0,0,False,False,False,Clear,,False,MCBRINE DR; MCBRINE DR ; Near,3/7/2019 1:04:29 PM,,
46747,17-170792,1501606800000,2017,8,1,17,0,0,Tuesday,537423.9906,4807484.2687,-80.537705,43.419321,Non intersection,2,P.D. only,Thru lane,unknown,unknown,SMV unattended vehicle,Unknown,Daylight,01 - Daylight,Municipal (excl. Twp. Rd.),No control,unknown,0,0,0,False,False,True,Clear,,False,WINDING WAY; WINDING WAY,3/7/2019 1:04:28 PM,,
46748,17-170892,1501616760000,2017,8,1,19,46,0,Tuesday,543303.28472,4804588.98897,-80.46531,43.392935,Non intersection,2,P.D. only,Not on roadway - right side,unknown,unknown,SMV other,Unknown,Daylight,01 - Daylight,Municipal (excl. Twp. Rd.),No control,unknown,0,0,0,False,False,False,Clear,,False,HURON RD; STRASBURG RD; 89 M,3/7/2019 1:04:27 PM,,
46749,17-171653,1501682400000,2017,8,2,14,0,0,Wednesday,541068.0,4811108.0,0.0,0.0,Non intersection,2,P.D. only,Thru lane,unknown,unknown,SMV unattended vehicle,Unknown,Daylight,01 - Daylight,Municipal (excl. Twp. Rd.),No control,unknown,0,0,0,False,False,False,Clear,,False,ORR CRT; ORR CRT; Near,3/7/2019 1:04:26 PM,,
46750,17-172430,1501775280000,2017,8,3,15,48,0,Thursday,543070.99909,4812802.72394,-80.46753,43.466905999999994,At intersection,2,P.D. only,Within intersection,unknown,unknown,Turning movement,Unknown,Daylight,01 - Daylight,Regional municipality,Traffic signal,Functioning,0,0,0,False,False,False,Clear,,False,RIVERBEND DR; WELLINGTON ST N,3/7/2019 1:04:25 PM,,
46751,17-172517,1501777080000,2017,8,3,16,18,0,Thursday,543444.54455,4805629.20592,-80.463483,43.402294,Non intersection,2,P.D. only,Thru lane,unknown,unknown,Rear end,Unknown,Daylight,01 - Daylight,Municipal (excl. Twp. Rd.),No control,unknown,0,0,0,False,False,False,Rain,,False,TRILLIUM DR; TRILLIUM DR ; Near,3/7/2019 1:04:24 PM,,
46752,17-172533,1501688700000,2017,8,2,15,45,0,Wednesday,541667.13289,4810871.10026,-80.485033,43.449593,Non intersection,2,P.D. only,Thru lane,unknown,unknown,SMV unattended vehicle,Unknown,Daylight,01 - Daylight,Regional municipality,No control,unknown,0,0,0,False,False,False,Clear,,False,SCOTT ST; SCOTT ST ; At,3/7/2019 1:04:23 PM,,
46753,17-172915,1501832460000,2017,8,4,7,41,0,Friday,543900.63342,4805125.35285,-80.457892,43.397729999999996,Non intersection,2,P.D. only,Thru lane,unknown,unknown,Sideswipe,Unknown,Daylight,01 - Daylight,Regional municipality,No control,unknown,0,0,0,False,False,False,Clear,,False,HURON RD; TRILLIUM DR ; Near; 47 M,3/7/2019 1:04:21 PM,,
46754,17-173090,1501844400000,2017,8,4,11,0,0,Friday,543138.31712,4812723.64697,-80.466704,43.46619,Non intersection,2,P.D. only,Thru lane,unknown,unknown,Rear end,Unknown,Daylight,01 - Daylight,Regional municipality,No control,unknown,0,0,0,False,False,False,Clear,,False,SHIRLEY AVE; WELLINGTON ST N; Near; 100 M,3/7/2019 1:04:20 PM,,
46755,17-173347,1501868340000,2017,8,4,17,39,0,Friday,543311.20203,4808446.10647,-80.464907,43.427665,Intersection related,1,Non-fatal injury,Right shoulder,unknown,unknown,SMV unattended vehicle,Unknown,Daylight,01 - Daylight,Municipal (excl. Twp. Rd.),No control,unknown,0,0,0,False,False,False,Clear,,False,KIPLING AVE; WALTON AVE ; At; 50 M,3/7/2019 1:04:19 PM,,
46756,17-173351,1501568400000,2017,8,1,6,20,0,Tuesday,539441.89748,4809839.20379,-80.512608,43.440422,Non intersection,2,P.D. only,Not on roadway - right side,unknown,unknown,SMV unattended vehicle,Unknown,Daylight,01 - Daylight,Regional municipality,No control,unknown,0,0,0,False,False,False,Clear,,False,LAWRENCE AVE; LAWRENCE AVE; 1 M,3/7/2019 1:04:18 PM,,
46757,17-174153,1501957740000,2017,8,5,18,29,0,Saturday,539697.2503,4806600.91326,-80.509688,43.411251,At/near private drive,1,Non-fatal injury,Right shoulder,unknown,unknown,SMV unattended vehicle,Unknown,Daylight,01 - Daylight,Municipal (excl. Twp. Rd.),No control,unknown,0,0,0,False,False,False,Clear,,False,ACTIVA AVE; ACTIVA AVE ; At; 2 M,3/7/2019 1:04:17 PM,,
46758,17-174675,1502020800000,2017,8,6,12,0,0,Sunday,543086.66717,4807456.71161,-80.467759,43.418769,At intersection,2,Non-reportable,Within intersection,unknown,unknown,Angle,Unknown,Daylight,01 - Daylight,Regional municipality,Yield sign,Functioning,0,0,0,False,False,False,Clear,,False,FALLOWFIELD DR; BLOCK LINE RD,3/7/2019 1:04:16 PM,,
46759,17-175164,1502075100000,2017,8,7,3,5,0,Monday,538069.97943,4810011.04176,-80.529549,43.44204,At/near private drive,1,Non-fatal injury,Not on roadway - right side,unknown,unknown,SMV other,Unknown,"Daylight, artificial","02 - Daylight, artificial",Private property,No control,unknown,0,0,0,False,False,False,Clear,,False,HAZELGLEN DR; HAZELGLEN DR; At; 0 M,3/7/2019 1:04:15 PM,,
46760,17-175937,1502152200000,2017,8,8,0,30,0,Tuesday,544572.9577,4812075.03931,-80.449022,43.460266,Intersection related,2,P.D. only,Right shoulder,unknown,unknown,SMV other,Unknown,Dark,07 - Dark,Municipal (excl. Twp. Rd.),Stop sign,Functioning,0,0,0,False,False,False,Clear,,False,CARSON DR; CONFEDERATION DR,1/30/2020 12:00:09 PM,,